Voltage(V),Current (A),Power Factor,Real Power (W),Energy (kWh),Apparent power(VA),Appliance,Appliance type
0,0,0,0,0,0,Mains off,No Type
0,0,0,0,0,0,Mains off,No Type
0,0,0,0,0,0,Mains off,No Type
0,0,0,0,0,0,Mains off,No Type
0,0,0,0,0,0,Mains off,No Type
0,0,0,0,0,0,Mains off,No Type
0,0,0,0,0,0,Mains off,No Type
0,0,0,0,0,0,Mains off,No Type
0,0,0,0,0,0,Mains off,No Type
0,0,0,0,0,0,Mains off,No Type
0,0,0,0,0,0,Mains off,No Type
0,0,0,0,0,0,Mains off,No Type
0,0,0,0,0,0,Mains off,No Type
0,0,0,0,0,0,Mains off,No Type
0,0,0,0,0,0,Mains off,No Type
0,0,0,0,0,0,Mains off,No Type
0,0,0,0,0,0,Mains off,No Type
0,0,0,0,0,0,Mains off,No Type
0,0,0,0,0,0,Mains off,No Type
0,0,0,0,0,0,Mains off,No Type
0,0,0,0,0,0,Mains off,No Type
0,0,0,0,0,0,Mains off,No Type
0,0,0,0,0,0,Mains off,No Type
0,0,0,0,0,0,Mains off,No Type
0,0,0,0,0,0,Mains off,No Type
0,0,0,0,0,0,Mains off,No Type
0,0,0,0,0,0,Mains off,No Type
0,0,0,0,0,0,Mains off,No Type
0,0,0,0,0,0,Mains off,No Type
0,0,0,0,0,0,Mains off,No Type
0,0,0,0,0,0,Mains off,No Type
0,0,0,0,0,0,Mains off,No Type
0,0,0,0,0,0,Mains off,No Type
0,0,0,0,0,0,Mains off,No Type
0,0,0,0,0,0,Mains off,No Type
0,0,0,0,0,0,Mains off,No Type
0,0,0,0,0,0,Mains off,No Type
0,0,0,0,0,0,Mains off,No Type
0,0,0,0,0,0,Mains off,No Type
0,0,0,0,0,0,Mains off,No Type
0,0,0,0,0,0,Mains off,No Type
0,0,0,0,0,0,Mains off,No Type
0,0,0,0,0,0,Mains off,No Type
0,0,0,0,0,0,Mains off,No Type
0,0,0,0,0,0,Mains off,No Type
0,0,0,0,0,0,Mains off,No Type
0,0,0,0,0,0,Mains off,No Type
0,0,0,0,0,0,Mains off,No Type
0,0,0,0,0,0,Mains off,No Type
0,0,0,0,0,0,Mains off,No Type
0,0,0,0,0,0,Mains off,No Type
0,0,0,0,0,0,Mains off,No Type
0,0,0,0,0,0,Mains off,No Type
0,0,0,0,0,0,Mains off,No Type
0,0,0,0,0,0,Mains off,No Type
0,0,0,0,0,0,Mains off,No Type
0,0,0,0,0,0,Mains off,No Type
0,0,0,0,0,0,Mains off,No Type
0,0,0,0,0,0,Mains off,No Type
0,0,0,0,0,0,Mains off,No Type
0,0,0,0,0,0,Mains off,No Type
0,0,0,0,0,0,Mains off,No Type
0,0,0,0,0,0,Mains off,No Type
0,0,0,0,0,0,Mains off,No Type
0,0,0,0,0,0,Mains off,No Type
0,0,0,0,0,0,Mains off,No Type
0,0,0,0,0,0,Mains off,No Type
0,0,0,0,0,0,Mains off,No Type
0,0,0,0,0,0,Mains off,No Type
0,0,0,0,0,0,Mains off,No Type
0,0,0,0,0,0,Mains off,No Type
0,0,0,0,0,0,Mains off,No Type
0,0,0,0,0,0,Mains off,No Type
0,0,0,0,0,0,Mains off,No Type
0,0,0,0,0,0,Mains off,No Type
0,0,0,0,0,0,Mains off,No Type
0,0,0,0,0,0,Mains off,No Type
0,0,0,0,0,0,Mains off,No Type
0,0,0,0,0,0,Mains off,No Type
0,0,0,0,0,0,Mains off,No Type
0,0,0,0,0,0,Mains off,No Type
0,0,0,0,0,0,Mains off,No Type
0,0,0,0,0,0,Mains off,No Type
0,0,0,0,0,0,Mains off,No Type
0,0,0,0,0,0,Mains off,No Type
0,0,0,0,0,0,Mains off,No Type
0,0,0,0,0,0,Mains off,No Type
0,0,0,0,0,0,Mains off,No Type
0,0,0,0,0,0,Mains off,No Type
0,0,0,0,0,0,Mains off,No Type
0,0,0,0,0,0,Mains off,No Type
0,0,0,0,0,0,Mains off,No Type
0,0,0,0,0,0,Mains off,No Type
0,0,0,0,0,0,Mains off,No Type
0,0,0,0,0,0,Mains off,No Type
0,0,0,0,0,0,Mains off,No Type
0,0,0,0,0,0,Mains off,No Type
0,0,0,0,0,0,Mains off,No Type
0,0,0,0,0,0,Mains off,No Type
0,0,0,0,0,0,Mains off,No Type
0,0,0,0,0,0,Mains off,No Type
0,0,0,0,0,0,Mains off,No Type
0,0,0,0,0,0,Mains off,No Type
0,0,0,0,0,0,Mains off,No Type
0,0,0,0,0,0,Mains off,No Type
0,0,0,0,0,0,Mains off,No Type
0,0,0,0,0,0,Mains off,No Type
0,0,0,0,0,0,Mains off,No Type
0,0,0,0,0,0,Mains off,No Type
0,0,0,0,0,0,Mains off,No Type
0,0,0,0,0,0,Mains off,No Type
0,0,0,0,0,0,Mains off,No Type
0,0,0,0,0,0,Mains off,No Type
0,0,0,0,0,0,Mains off,No Type
0,0,0,0,0,0,Mains off,No Type
0,0,0,0,0,0,Mains off,No Type
0,0,0,0,0,0,Mains off,No Type
0,0,0,0,0,0,Mains off,No Type
0,0,0,0,0,0,Mains off,No Type
0,0,0,0,0,0,Mains off,No Type
0,0,0,0,0,0,Mains off,No Type
0,0,0,0,0,0,Mains off,No Type
0,0,0,0,0,0,Mains off,No Type
0,0,0,0,0,0,Mains off,No Type
0,0,0,0,0,0,Mains off,No Type
0,0,0,0,0,0,Mains off,No Type
0,0,0,0,0,0,Mains off,No Type
0,0,0,0,0,0,Mains off,No Type
0,0,0,0,0,0,Mains off,No Type
0,0,0,0,0,0,Mains off,No Type
0,0,0,0,0,0,Mains off,No Type
0,0,0,0,0,0,Mains off,No Type
0,0,0,0,0,0,Mains off,No Type
0,0,0,0,0,0,Mains off,No Type
0,0,0,0,0,0,Mains off,No Type
0,0,0,0,0,0,Mains off,No Type
0,0,0,0,0,0,Mains off,No Type
0,0,0,0,0,0,Mains off,No Type
0,0,0,0,0,0,Mains off,No Type
0,0,0,0,0,0,Mains off,No Type
0,0,0,0,0,0,Mains off,No Type
0,0,0,0,0,0,Mains off,No Type
0,0,0,0,0,0,Mains off,No Type
0,0,0,0,0,0,Mains off,No Type
0,0,0,0,0,0,Mains off,No Type
0,0,0,0,0,0,Mains off,No Type
0,0,0,0,0,0,Mains off,No Type
0,0,0,0,0,0,Mains off,No Type
0,0,0,0,0,0,Mains off,No Type
0,0,0,0,0,0,Mains off,No Type
0,0,0,0,0,0,Mains off,No Type
0,0,0,0,0,0,Mains off,No Type
0,0,0,0,0,0,Mains off,No Type
0,0,0,0,0,0,Mains off,No Type
0,0,0,0,0,0,Mains off,No Type
0,0,0,0,0,0,Mains off,No Type
0,0,0,0,0,0,Mains off,No Type
0,0,0,0,0,0,Mains off,No Type
0,0,0,0,0,0,Mains off,No Type
0,0,0,0,0,0,Mains off,No Type
0,0,0,0,0,0,Mains off,No Type
0,0,0,0,0,0,Mains off,No Type
0,0,0,0,0,0,Mains off,No Type
0,0,0,0,0,0,Mains off,No Type
0,0,0,0,0,0,Mains off,No Type
0,0,0,0,0,0,Mains off,No Type
0,0,0,0,0,0,Mains off,No Type
0,0,0,0,0,0,Mains off,No Type
0,0,0,0,0,0,Mains off,No Type
0,0,0,0,0,0,Mains off,No Type
0,0,0,0,0,0,Mains off,No Type
0,0,0,0,0,0,Mains off,No Type
0,0,0,0,0,0,Mains off,No Type
0,0,0,0,0,0,Mains off,No Type
0,0,0,0,0,0,Mains off,No Type
0,0,0,0,0,0,Mains off,No Type
0,0,0,0,0,0,Mains off,No Type
0,0,0,0,0,0,Mains off,No Type
0,0,0,0,0,0,Mains off,No Type
0,0,0,0,0,0,Mains off,No Type
0,0,0,0,0,0,Mains off,No Type
0,0,0,0,0,0,Mains off,No Type
0,0,0,0,0,0,Mains off,No Type
0,0,0,0,0,0,Mains off,No Type
0,0,0,0,0,0,Mains off,No Type
0,0,0,0,0,0,Mains off,No Type
0,0,0,0,0,0,Mains off,No Type
0,0,0,0,0,0,Mains off,No Type
0,0,0,0,0,0,Mains off,No Type
0,0,0,0,0,0,Mains off,No Type
0,0,0,0,0,0,Mains off,No Type
0,0,0,0,0,0,Mains off,No Type
0,0,0,0,0,0,Mains off,No Type
0,0,0,0,0,0,Mains off,No Type
0,0,0,0,0,0,Mains off,No Type
0,0,0,0,0,0,Mains off,No Type
0,0,0,0,0,0,Mains off,No Type
0,0,0,0,0,0,Mains off,No Type
0,0,0,0,0,0,Mains off,No Type
0,0,0,0,0,0,Mains off,No Type
0,0,0,0,0,0,Mains off,No Type
0,0,0,0,0,0,Mains off,No Type
0,0,0,0,0,0,Mains off,No Type
0,0,0,0,0,0,Mains off,No Type
0,0,0,0,0,0,Mains off,No Type
0,0,0,0,0,0,Mains off,No Type
0,0,0,0,0,0,Mains off,No Type
0,0,0,0,0,0,Mains off,No Type
0,0,0,0,0,0,Mains off,No Type
0,0,0,0,0,0,Mains off,No Type
0,0,0,0,0,0,Mains off,No Type
0,0,0,0,0,0,Mains off,No Type
0,0,0,0,0,0,Mains off,No Type
0,0,0,0,0,0,Mains off,No Type
0,0,0,0,0,0,Mains off,No Type
0,0,0,0,0,0,Mains off,No Type
0,0,0,0,0,0,Mains off,No Type
0,0,0,0,0,0,Mains off,No Type
0,0,0,0,0,0,Mains off,No Type
0,0,0,0,0,0,Mains off,No Type
0,0,0,0,0,0,Mains off,No Type
0,0,0,0,0,0,Mains off,No Type
0,0,0,0,0,0,Mains off,No Type
0,0,0,0,0,0,Mains off,No Type
0,0,0,0,0,0,Mains off,No Type
0,0,0,0,0,0,Mains off,No Type
0,0,0,0,0,0,Mains off,No Type
0,0,0,0,0,0,Mains off,No Type
0,0,0,0,0,0,Mains off,No Type
0,0,0,0,0,0,Mains off,No Type
0,0,0,0,0,0,Mains off,No Type
0,0,0,0,0,0,Mains off,No Type
0,0,0,0,0,0,Mains off,No Type
0,0,0,0,0,0,Mains off,No Type
0,0,0,0,0,0,Mains off,No Type
0,0,0,0,0,0,Mains off,No Type
0,0,0,0,0,0,Mains off,No Type
0,0,0,0,0,0,Mains off,No Type
0,0,0,0,0,0,Mains off,No Type
0,0,0,0,0,0,Mains off,No Type
0,0,0,0,0,0,Mains off,No Type
0,0,0,0,0,0,Mains off,No Type
0,0,0,0,0,0,Mains off,No Type
0,0,0,0,0,0,Mains off,No Type
0,0,0,0,0,0,Mains off,No Type
0,0,0,0,0,0,Mains off,No Type
0,0,0,0,0,0,Mains off,No Type
0,0,0,0,0,0,Mains off,No Type
0,0,0,0,0,0,Mains off,No Type
0,0,0,0,0,0,Mains off,No Type
0,0,0,0,0,0,Mains off,No Type
0,0,0,0,0,0,Mains off,No Type
0,0,0,0,0,0,Mains off,No Type
0,0,0,0,0,0,Mains off,No Type
0,0,0,0,0,0,Mains off,No Type
0,0,0,0,0,0,Mains off,No Type
0,0,0,0,0,0,Mains off,No Type
0,0,0,0,0,0,Mains off,No Type
0,0,0,0,0,0,Mains off,No Type
0,0,0,0,0,0,Mains off,No Type
0,0,0,0,0,0,Mains off,No Type
0,0,0,0,0,0,Mains off,No Type
0,0,0,0,0,0,Mains off,No Type
0,0,0,0,0,0,Mains off,No Type
0,0,0,0,0,0,Mains off,No Type
0,0,0,0,0,0,Mains off,No Type
0,0,0,0,0,0,Mains off,No Type
0,0,0,0,0,0,Mains off,No Type
0,0,0,0,0,0,Mains off,No Type
0,0,0,0,0,0,Mains off,No Type
0,0,0,0,0,0,Mains off,No Type
0,0,0,0,0,0,Mains off,No Type
0,0,0,0,0,0,Mains off,No Type
0,0,0,0,0,0,Mains off,No Type
0,0,0,0,0,0,Mains off,No Type
0,0,0,0,0,0,Mains off,No Type
0,0,0,0,0,0,Mains off,No Type
0,0,0,0,0,0,Mains off,No Type
0,0,0,0,0,0,Mains off,No Type
0,0,0,0,0,0,Mains off,No Type
0,0,0,0,0,0,Mains off,No Type
0,0,0,0,0,0,Mains off,No Type
0,0,0,0,0,0,Mains off,No Type
0,0,0,0,0,0,Mains off,No Type
0,0,0,0,0,0,Mains off,No Type
0,0,0,0,0,0,Mains off,No Type
0,0,0,0,0,0,Mains off,No Type
0,0,0,0,0,0,Mains off,No Type
0,0,0,0,0,0,Mains off,No Type
0,0,0,0,0,0,Mains off,No Type
0,0,0,0,0,0,Mains off,No Type
0,0,0,0,0,0,Mains off,No Type
0,0,0,0,0,0,Mains off,No Type
0,0,0,0,0,0,Mains off,No Type
0,0,0,0,0,0,Mains off,No Type
0,0,0,0,0,0,Mains off,No Type
0,0,0,0,0,0,Mains off,No Type
0,0,0,0,0,0,Mains off,No Type
0,0,0,0,0,0,Mains off,No Type
0,0,0,0,0,0,Mains off,No Type
0,0,0,0,0,0,Mains off,No Type
0,0,0,0,0,0,Mains off,No Type
0,0,0,0,0,0,Mains off,No Type
0,0,0,0,0,0,Mains off,No Type
0,0,0,0,0,0,Mains off,No Type
0,0,0,0,0,0,Mains off,No Type
0,0,0,0,0,0,Mains off,No Type
0,0,0,0,0,0,Mains off,No Type
0,0,0,0,0,0,Mains off,No Type
0,0,0,0,0,0,Mains off,No Type
0,0,0,0,0,0,Mains off,No Type
0,0,0,0,0,0,Mains off,No Type
0,0,0,0,0,0,Mains off,No Type
0,0,0,0,0,0,Mains off,No Type
0,0,0,0,0,0,Mains off,No Type
0,0,0,0,0,0,Mains off,No Type
0,0,0,0,0,0,Mains off,No Type
0,0,0,0,0,0,Mains off,No Type
0,0,0,0,0,0,Mains off,No Type
0,0,0,0,0,0,Mains off,No Type
0,0,0,0,0,0,Mains off,No Type
0,0,0,0,0,0,Mains off,No Type
0,0,0,0,0,0,Mains off,No Type
0,0,0,0,0,0,Mains off,No Type
0,0,0,0,0,0,Mains off,No Type
0,0,0,0,0,0,Mains off,No Type
0,0,0,0,0,0,Mains off,No Type
0,0,0,0,0,0,Mains off,No Type
0,0,0,0,0,0,Mains off,No Type
0,0,0,0,0,0,Mains off,No Type
0,0,0,0,0,0,Mains off,No Type
0,0,0,0,0,0,Mains off,No Type
0,0,0,0,0,0,Mains off,No Type
0,0,0,0,0,0,Mains off,No Type
0,0,0,0,0,0,Mains off,No Type
0,0,0,0,0,0,Mains off,No Type
0,0,0,0,0,0,Mains off,No Type
0,0,0,0,0,0,Mains off,No Type
0,0,0,0,0,0,Mains off,No Type
0,0,0,0,0,0,Mains off,No Type
0,0,0,0,0,0,Mains off,No Type
0,0,0,0,0,0,Mains off,No Type
0,0,0,0,0,0,Mains off,No Type
0,0,0,0,0,0,Mains off,No Type
0,0,0,0,0,0,Mains off,No Type
0,0,0,0,0,0,Mains off,No Type
0,0,0,0,0,0,Mains off,No Type
0,0,0,0,0,0,Mains off,No Type
0,0,0,0,0,0,Mains off,No Type
0,0,0,0,0,0,Mains off,No Type
0,0,0,0,0,0,Mains off,No Type
0,0,0,0,0,0,Mains off,No Type
0,0,0,0,0,0,Mains off,No Type
0,0,0,0,0,0,Mains off,No Type
0,0,0,0,0,0,Mains off,No Type
0,0,0,0,0,0,Mains off,No Type
0,0,0,0,0,0,Mains off,No Type
0,0,0,0,0,0,Mains off,No Type
0,0,0,0,0,0,Mains off,No Type
0,0,0,0,0,0,Mains off,No Type
0,0,0,0,0,0,Mains off,No Type
0,0,0,0,0,0,Mains off,No Type
0,0,0,0,0,0,Mains off,No Type
0,0,0,0,0,0,Mains off,No Type
0,0,0,0,0,0,Mains off,No Type
0,0,0,0,0,0,Mains off,No Type
0,0,0,0,0,0,Mains off,No Type
0,0,0,0,0,0,Mains off,No Type
0,0,0,0,0,0,Mains off,No Type
0,0,0,0,0,0,Mains off,No Type
0,0,0,0,0,0,Mains off,No Type
0,0,0,0,0,0,Mains off,No Type
0,0,0,0,0,0,Mains off,No Type
0,0,0,0,0,0,Mains off,No Type
0,0,0,0,0,0,Mains off,No Type
0,0,0,0,0,0,Mains off,No Type
0,0,0,0,0,0,Mains off,No Type
0,0,0,0,0,0,Mains off,No Type
0,0,0,0,0,0,Mains off,No Type
0,0,0,0,0,0,Mains off,No Type
0,0,0,0,0,0,Mains off,No Type
0,0,0,0,0,0,Mains off,No Type
0,0,0,0,0,0,Mains off,No Type
0,0,0,0,0,0,Mains off,No Type
0,0,0,0,0,0,Mains off,No Type
0,0,0,0,0,0,Mains off,No Type
0,0,0,0,0,0,Mains off,No Type
0,0,0,0,0,0,Mains off,No Type
0,0,0,0,0,0,Mains off,No Type
0,0,0,0,0,0,Mains off,No Type
0,0,0,0,0,0,Mains off,No Type
0,0,0,0,0,0,Mains off,No Type
0,0,0,0,0,0,Mains off,No Type
0,0,0,0,0,0,Mains off,No Type
0,0,0,0,0,0,Mains off,No Type
0,0,0,0,0,0,Mains off,No Type
0,0,0,0,0,0,Mains off,No Type
0,0,0,0,0,0,Mains off,No Type
0,0,0,0,0,0,Mains off,No Type
241,0,0,0,0,0,No load,No Type
241,0,0,0,0,0,No load,No Type
240.6,0,0,0,0,0,No load,No Type
241,0,0,0,0,0,No load,No Type
240.9,0,0,0,0,0,No load,No Type
241.3,0,0,0,0,0,No load,No Type
241.2,0,0,0,0,0,No load,No Type
241.1,0,0,0,0,0,No load,No Type
241,0,0,0,0,0,No load,No Type
240.7,0,0,0,0,0,No load,No Type
240.9,0,0,0,0,0,No load,No Type
241,0,0,0,0,0,No load,No Type
240.8,0,0,0,0,0,No load,No Type
240.7,0,0,0,0,0,No load,No Type
241,0,0,0,0,0,No load,No Type
240.8,0,0,0,0,0,No load,No Type
240.9,0,0,0,0,0,No load,No Type
241.1,0,0,0,0,0,No load,No Type
241.2,0,0,0,0,0,No load,No Type
241.1,0,0,0,0,0,No load,No Type
241.2,0,0,0,0,0,No load,No Type
241.3,0,0,0,0,0,No load,No Type
241,0,0,0,0,0,No load,No Type
241.2,0,0,0,0,0,No load,No Type
240.7,0,0,0,0,0,No load,No Type
240.5,0,0,0,0,0,No load,No Type
239.6,0,0,0,0,0,No load,No Type
239.1,0,0,0,0,0,No load,No Type
238.9,0,0,0,0,0,No load,No Type
239.1,0,0,0,0,0,No load,No Type
238.8,0,0,0,0,0,No load,No Type
238.7,0,0,0,0,0,No load,No Type
239.1,0,0,0,0,0,No load,No Type
239.4,0,0,0,0,0,No load,No Type
239.2,0,0,0,0,0,No load,No Type
239.3,0,0,0,0,0,No load,No Type
239.2,0,0,0,0,0,No load,No Type
238.2,0,0,0,0,0,No load,No Type
238.6,0,0,0,0,0,No load,No Type
238.6,0,0,0,0,0,No load,No Type
238.4,0,0,0,0,0,No load,No Type
238.4,0,0,0,0,0,No load,No Type
238.4,0,0,0,0,0,No load,No Type
239,0,0,0,0,0,No load,No Type
239.4,0,0,0,0,0,No load,No Type
239.3,0,0,0,0,0,No load,No Type
239.2,0,0,0,0,0,No load,No Type
238.3,0,0,0,0,0,No load,No Type
239.1,0,0,0,0,0,No load,No Type
239,0,0,0,0,0,No load,No Type
239.1,0,0,0,0,0,No load,No Type
239.3,0,0,0,0,0,No load,No Type
239.1,0,0,0,0,0,No load,No Type
239.1,0,0,0,0,0,No load,No Type
239.4,0,0,0,0,0,No load,No Type
239.3,0,0,0,0,0,No load,No Type
239.3,0,0,0,0,0,No load,No Type
239.3,0,0,0,0,0,No load,No Type
239,0,0,0,0,0,No load,No Type
239,0,0,0,0,0,No load,No Type
239.1,0,0,0,0,0,No load,No Type
239.2,0,0,0,0,0,No load,No Type
239.4,0,0,0,0,0,No load,No Type
238.5,0,0,0,0,0,No load,No Type
239,0,0,0,0,0,No load,No Type
238.9,0,0,0,0,0,No load,No Type
238.8,0,0,0,0,0,No load,No Type
239.2,0,0,0,0,0,No load,No Type
238.8,0,0,0,0,0,No load,No Type
238.7,0,0,0,0,0,No load,No Type
238.5,0,0,0,0,0,No load,No Type
238.6,0,0,0,0,0,No load,No Type
238.8,0,0,0,0,0,No load,No Type
239.1,0,0,0,0,0,No load,No Type
239.4,0,0,0,0,0,No load,No Type
239.2,0,0,0,0,0,No load,No Type
238.7,0,0,0,0,0,No load,No Type
238.8,0,0,0,0,0,No load,No Type
238.8,0,0,0,0,0,No load,No Type
238.9,0,0,0,0,0,No load,No Type
239.3,0,0,0,0,0,No load,No Type
239.3,0,0,0,0,0,No load,No Type
239.4,0,0,0,0,0,No load,No Type
239.1,0,0,0,0,0,No load,No Type
239.1,0,0,0,0,0,No load,No Type
238.9,0,0,0,0,0,No load,No Type
238.8,0,0,0,0,0,No load,No Type
238.4,0,0,0,0,0,No load,No Type
238.8,0,0,0,0,0,No load,No Type
238.8,0,0,0,0,0,No load,No Type
238.9,0,0,0,0,0,No load,No Type
238.9,0,0,0,0,0,No load,No Type
238.8,0,0,0,0,0,No load,No Type
239.2,0,0,0,0,0,No load,No Type
238.2,0,0,0,0,0,No load,No Type
238.3,0,0,0,0,0,No load,No Type
238.4,0,0,0,0,0,No load,No Type
238.3,0,0,0,0,0,No load,No Type
238.7,0,0,0,0,0,No load,No Type
238.4,0,0,0,0,0,No load,No Type
238.6,0,0,0,0,0,No load,No Type
238.4,0,0,0,0,0,No load,No Type
238.4,0,0,0,0,0,No load,No Type
238.5,0,0,0,0,0,No load,No Type
238.6,0,0,0,0,0,No load,No Type
238.3,0,0,0,0,0,No load,No Type
238.2,0,0,0,0,0,No load,No Type
238.1,0,0,0,0,0,No load,No Type
238.3,0,0,0,0,0,No load,No Type
238.5,0,0,0,0,0,No load,No Type
238.5,0,0,0,0,0,No load,No Type
238.8,0,0,0,0,0,No load,No Type
238.8,0,0,0,0,0,No load,No Type
238.8,0,0,0,0,0,No load,No Type
238.4,0,0,0,0,0,No load,No Type
238.4,0,0,0,0,0,No load,No Type
238.4,0,0,0,0,0,No load,No Type
238.5,0,0,0,0,0,No load,No Type
238.3,0,0,0,0,0,No load,No Type
238.3,0,0,0,0,0,No load,No Type
238.7,0,0,0,0,0,No load,No Type
238.6,0,0,0,0,0,No load,No Type
238.8,0,0,0,0,0,No load,No Type
238.9,0,0,0,0,0,No load,No Type
239.1,0,0,0,0,0,No load,No Type
238.5,0,0,0,0,0,No load,No Type
239,0,0,0,0,0,No load,No Type
238.9,0,0,0,0,0,No load,No Type
238.9,0,0,0,0,0,No load,No Type
238.9,0,0,0,0,0,No load,No Type
238.9,0,0,0,0,0,No load,No Type
238.8,0,0,0,0,0,No load,No Type
238.9,0,0,0,0,0,No load,No Type
238.9,0,0,0,0,0,No load,No Type
239.7,0,0,0,0,0,No load,No Type
238.2,0,0,0,0,0,No load,No Type
238.1,0,0,0,0,0,No load,No Type
238.7,0,0,0,0,0,No load,No Type
238.4,0,0,0,0,0,No load,No Type
236.8,0,0,0,0,0,No load,No Type
238.4,0,0,0,0,0,No load,No Type
238.5,0,0,0,0,0,No load,No Type
238.6,0,0,0,0,0,No load,No Type
238.4,0,0,0,0,0,No load,No Type
238,0,0,0,0,0,No load,No Type
237.9,0,0,0,0,0,No load,No Type
237.8,0,0,0,0,0,No load,No Type
238.2,0,0,0,0,0,No load,No Type
237.8,0,0,0,0,0,No load,No Type
237.9,0,0,0,0,0,No load,No Type
238,0,0,0,0,0,No load,No Type
238.1,0,0,0,0,0,No load,No Type
238.2,0,0,0,0,0,No load,No Type
238.3,0,0,0,0,0,No load,No Type
238.3,0,0,0,0,0,No load,No Type
238.3,0,0,0,0,0,No load,No Type
238,0,0,0,0,0,No load,No Type
238.1,0,0,0,0,0,No load,No Type
238.1,0,0,0,0,0,No load,No Type
238.1,0,0,0,0,0,No load,No Type
238.4,0,0,0,0,0,No load,No Type
238.5,0,0,0,0,0,No load,No Type
239.4,0,0,0,0,0,No load,No Type
238.2,0,0,0,0,0,No load,No Type
238.4,0,0,0,0,0,No load,No Type
238.2,0,0,0,0,0,No load,No Type
237.5,0,0,0,0,0,No load,No Type
237.7,0,0,0,0,0,No load,No Type
237.8,0,0,0,0,0,No load,No Type
237.9,0,0,0,0,0,No load,No Type
237.8,0,0,0,0,0,No load,No Type
237.9,0,0,0,0,0,No load,No Type
237.6,0,0,0,0,0,No load,No Type
237.7,0,0,0,0,0,No load,No Type
237.9,0,0,0,0,0,No load,No Type
238,0,0,0,0,0,No load,No Type
239,0,0,0,0,0,No load,No Type
237.8,0,0,0,0,0,No load,No Type
238,0,0,0,0,0,No load,No Type
237.7,0,0,0,0,0,No load,No Type
237.8,0,0,0,0,0,No load,No Type
237.7,0,0,0,0,0,No load,No Type
238.1,0,0,0,0,0,No load,No Type
238.2,0,0,0,0,0,No load,No Type
238.2,0,0,0,0,0,No load,No Type
238.3,0,0,0,0,0,No load,No Type
238.4,0,0,0,0,0,No load,No Type
238.2,0,0,0,0,0,No load,No Type
237.6,0,0,0,0,0,No load,No Type
238,0,0,0,0,0,No load,No Type
238.1,0,0,0,0,0,No load,No Type
238,0,0,0,0,0,No load,No Type
238.4,0,0,0,0,0,No load,No Type
238.2,0,0,0,0,0,No load,No Type
238.5,0,0,0,0,0,No load,No Type
238.3,0,0,0,0,0,No load,No Type
238.2,0,0,0,0,0,No load,No Type
238.2,0,0,0,0,0,No load,No Type
238.2,0,0,0,0,0,No load,No Type
238.3,0,0,0,0,0,No load,No Type
238.1,0,0,0,0,0,No load,No Type
238.5,0,0,0,0,0,No load,No Type
238.1,0,0,0,0,0,No load,No Type
238.2,0,0,0,0,0,No load,No Type
238.4,0,0,0,0,0,No load,No Type
237.7,0,0,0,0,0,No load,No Type
237.9,0,0,0,0,0,No load,No Type
238.1,0,0,0,0,0,No load,No Type
238.3,0,0,0,0,0,No load,No Type
238.3,0,0,0,0,0,No load,No Type
238.2,0,0,0,0,0,No load,No Type
234.9,0.4,0.91,86.9,0,93.96,Table Fan,Inductive
234.6,0.4,0.92,86.6,0,93.84,Table Fan,Inductive
234.4,0.4,0.91,85,0,93.76,Table Fan,Inductive
234.1,0.39,0.91,82.8,0,91.3,Table Fan,Inductive
234.4,0.37,0.91,79.6,0,86.73,Table Fan,Inductive
234.6,0.35,0.91,74.6,0,82.11,Table Fan,Inductive
234.8,0.31,0.9,66.5,0,72.79,Table Fan,Inductive
234.7,0.28,0.88,57.7,0,65.72,Table Fan,Inductive
234.4,0.26,0.84,50.9,0,60.94,Table Fan,Inductive
234.7,0.25,0.82,48.8,0,58.68,Table Fan,Inductive
234.8,0.25,0.81,47.1,0,58.7,Table Fan,Inductive
235.3,0.25,0.82,48.1,0,58.83,Table Fan,Inductive
234.9,0.25,0.81,48,0,58.73,Table Fan,Inductive
234.8,0.25,0.81,47.1,0,58.7,Table Fan,Inductive
234.7,0.25,0.82,47.9,0,58.68,Table Fan,Inductive
234.3,0.25,0.82,47.5,0,58.58,Table Fan,Inductive
234.9,0.25,0.82,48.2,0,58.73,Table Fan,Inductive
234.7,0.25,0.82,48.2,0,58.68,Table Fan,Inductive
234.9,0.25,0.82,48.1,0,58.73,Table Fan,Inductive
234.7,0.25,0.82,48.4,0,58.68,Table Fan,Inductive
234.8,0.25,0.82,48.6,0,58.7,Table Fan,Inductive
234.5,0.25,0.82,48.3,0,58.63,Table Fan,Inductive
234.6,0.25,0.82,48.3,0,58.65,Table Fan,Inductive
235.1,0.25,0.82,48.4,0,58.78,Table Fan,Inductive
234.5,0.25,0.83,48.5,0,58.63,Table Fan,Inductive
234.7,0.25,0.82,48.1,0,58.68,Table Fan,Inductive
234.7,0.25,0.82,47.9,0,58.68,Table Fan,Inductive
235,0.25,0.82,48.5,0,58.75,Table Fan,Inductive
234.3,0.25,0.82,47.5,0,58.58,Table Fan,Inductive
234.3,0.25,0.82,48.2,0,58.58,Table Fan,Inductive
234.6,0.25,0.82,48.2,0,58.65,Table Fan,Inductive
234.5,0.25,0.82,48.2,0,58.63,Table Fan,Inductive
234.8,0.25,0.82,48.2,0,58.7,Table Fan,Inductive
234.4,0.25,0.82,47.8,0,58.6,Table Fan,Inductive
234.4,0.25,0.82,48,0,58.6,Table Fan,Inductive
234,0.25,0.82,47.8,0,58.5,Table Fan,Inductive
234.3,0.25,0.82,48.5,0,58.58,Table Fan,Inductive
234.4,0.25,0.82,48,0,58.6,Table Fan,Inductive
234.2,0.25,0.82,48,0,58.55,Table Fan,Inductive
234.1,0.25,0.83,48.2,0,58.53,Table Fan,Inductive
234.1,0.25,0.82,48,0,58.53,Table Fan,Inductive
233.8,0.25,0.82,47.9,0,58.45,Table Fan,Inductive
234.1,0.25,0.82,47.7,0,58.53,Table Fan,Inductive
234.2,0.25,0.82,48.1,0,58.55,Table Fan,Inductive
234.2,0.25,0.82,48.3,0,58.55,Table Fan,Inductive
234.4,0.25,0.83,48.4,0,58.6,Table Fan,Inductive
233.9,0.25,0.82,48.1,0,58.48,Table Fan,Inductive
234.1,0.25,0.82,47.4,0,58.53,Table Fan,Inductive
234.1,0.25,0.82,47.8,0,58.53,Table Fan,Inductive
234.4,0.25,0.81,47.3,0,58.6,Table Fan,Inductive
234.3,0.25,0.82,47.5,0,58.58,Table Fan,Inductive
233.7,0.25,0.82,47.3,0,58.43,Table Fan,Inductive
234,0.25,0.82,47.4,0,58.5,Table Fan,Inductive
234.1,0.25,0.81,47.2,0,58.53,Table Fan,Inductive
234.1,0.25,0.82,47.5,0,58.53,Table Fan,Inductive
234.3,0.25,0.82,47.8,0,58.58,Table Fan,Inductive
234.1,0.25,0.82,47.9,0,58.53,Table Fan,Inductive
234.4,0.25,0.82,48,0,58.6,Table Fan,Inductive
234.8,0.25,0.82,47.9,0,58.7,Table Fan,Inductive
234.9,0.25,0.82,47.7,0,58.73,Table Fan,Inductive
234.5,0.25,0.82,48,0,58.63,Table Fan,Inductive
234.5,0.25,0.82,48.1,0,58.63,Table Fan,Inductive
234.6,0.25,0.82,48.3,0,58.65,Table Fan,Inductive
234.5,0.25,0.82,48,0,58.63,Table Fan,Inductive
234.7,0.25,0.82,47.8,0,58.68,Table Fan,Inductive
234.4,0.25,0.82,47.6,0,58.6,Table Fan,Inductive
234.2,0.25,0.82,48.3,0,58.55,Table Fan,Inductive
233.9,0.25,0.82,47.8,0,58.48,Table Fan,Inductive
233.9,0.24,0.82,46.8,0,56.14,Table Fan,Inductive
234.5,0.25,0.82,47.8,0,58.63,Table Fan,Inductive
234,0.25,0.82,47.7,0,58.5,Table Fan,Inductive
234.6,0.25,0.82,47.9,0,58.65,Table Fan,Inductive
234,0.25,0.82,47.4,0,58.5,Table Fan,Inductive
234.1,0.25,0.82,48,0,58.53,Table Fan,Inductive
234,0.25,0.82,47.5,0,58.5,Table Fan,Inductive
234.4,0.25,0.82,47.7,0,58.6,Table Fan,Inductive
234.3,0.25,0.82,47.9,0,58.58,Table Fan,Inductive
234.1,0.25,0.82,48,0,58.53,Table Fan,Inductive
233.8,0.25,0.82,47.3,0,58.45,Table Fan,Inductive
234.3,0.25,0.82,47.5,0,58.58,Table Fan,Inductive
234.2,0.25,0.82,47.7,0,58.55,Table Fan,Inductive
234.2,0.25,0.83,47.9,0,58.55,Table Fan,Inductive
234.6,0.25,0.82,47.8,0,58.65,Table Fan,Inductive
234.3,0.25,0.82,48,0,58.58,Table Fan,Inductive
234.7,0.25,0.82,47.7,0,58.68,Table Fan,Inductive
234.2,0.25,0.82,47.6,0,58.55,Table Fan,Inductive
233.9,0.25,0.82,47.7,0,58.48,Table Fan,Inductive
233.8,0.25,0.82,47.6,0,58.45,Table Fan,Inductive
234.3,0.25,0.82,47.6,0,58.58,Table Fan,Inductive
234.4,0.25,0.82,47.8,0,58.6,Table Fan,Inductive
234.1,0.25,0.82,47.8,0,58.53,Table Fan,Inductive
234.4,0.25,0.82,48,0,58.6,Table Fan,Inductive
234.5,0.25,0.82,48,0,58.63,Table Fan,Inductive
234.1,0.25,0.83,48.3,0,58.53,Table Fan,Inductive
234.4,0.25,0.83,48.3,0,58.6,Table Fan,Inductive
234.2,0.25,0.82,48.5,0,58.55,Table Fan,Inductive
234.8,0.25,0.83,49.5,0,58.7,Table Fan,Inductive
234.2,0.25,0.83,48.6,0,58.55,Table Fan,Inductive
234.2,0.25,0.82,48.2,0,58.55,Table Fan,Inductive
234.9,0.25,0.83,49.3,0,58.73,Table Fan,Inductive
234.5,0.25,0.83,48.5,0,58.63,Table Fan,Inductive
234.5,0.25,0.83,48.6,0,58.63,Table Fan,Inductive
234.7,0.25,0.83,49.2,0,58.68,Table Fan,Inductive
234.4,0.25,0.82,48.4,0,58.6,Table Fan,Inductive
234.4,0.25,0.83,48.8,0,58.6,Table Fan,Inductive
234.2,0.25,0.83,48.2,0,58.55,Table Fan,Inductive
234.8,0.25,0.83,48.6,0,58.7,Table Fan,Inductive
234,0.25,0.82,48.3,0,58.5,Table Fan,Inductive
234.3,0.25,0.83,48.6,0,58.58,Table Fan,Inductive
234.8,0.25,0.83,48.8,0,58.7,Table Fan,Inductive
234.8,0.25,0.83,48.4,0,58.7,Table Fan,Inductive
234.5,0.25,0.82,48.2,0,58.63,Table Fan,Inductive
234.1,0.25,0.83,48.3,0.001,58.53,Table Fan,Inductive
234.5,0.25,0.82,47.6,0.001,58.63,Table Fan,Inductive
234.3,0.25,0.82,48.1,0.001,58.58,Table Fan,Inductive
234.5,0.25,0.82,47.9,0.001,58.63,Table Fan,Inductive
234.5,0.25,0.83,47.7,0.001,58.63,Table Fan,Inductive
234.6,0.25,0.83,48.7,0.001,58.65,Table Fan,Inductive
234.6,0.25,0.82,48.1,0.001,58.65,Table Fan,Inductive
234.4,0.25,0.83,48.1,0.001,58.6,Table Fan,Inductive
235.2,0.25,0.83,48.1,0.001,58.8,Table Fan,Inductive
235.5,0.25,0.82,48.1,0.001,58.88,Table Fan,Inductive
235.3,0.25,0.82,48.6,0.001,58.83,Table Fan,Inductive
235.1,0.25,0.82,48.2,0.001,58.78,Table Fan,Inductive
234.9,0.25,0.83,48.2,0.001,58.73,Table Fan,Inductive
235.4,0.25,0.82,47.8,0.001,58.85,Table Fan,Inductive
234.9,0.25,0.82,48.2,0.001,58.73,Table Fan,Inductive
235.3,0.25,0.83,48.5,0.001,58.83,Table Fan,Inductive
234.9,0.25,0.82,48.7,0.001,58.73,Table Fan,Inductive
235,0.25,0.82,48.2,0.001,58.75,Table Fan,Inductive
235.2,0.25,0.82,48.1,0.001,58.8,Table Fan,Inductive
234.6,0.25,0.83,48.9,0.001,58.65,Table Fan,Inductive
234.7,0.25,0.83,48.7,0.001,58.68,Table Fan,Inductive
234.3,0.25,0.84,49.1,0.001,58.58,Table Fan,Inductive
233.7,0.25,0.83,48.1,0.001,58.43,Table Fan,Inductive
234.2,0.25,0.83,48.9,0.001,58.55,Table Fan,Inductive
234.5,0.25,0.83,48.3,0.001,58.63,Table Fan,Inductive
234.1,0.25,0.83,48.2,0.001,58.53,Table Fan,Inductive
234.4,0.25,0.82,48.5,0.001,58.6,Table Fan,Inductive
234.4,0.25,0.82,47.3,0.001,58.6,Table Fan,Inductive
234.2,0.25,0.82,47.2,0.001,58.55,Table Fan,Inductive
234.4,0.25,0.82,47.6,0.001,58.6,Table Fan,Inductive
234.2,0.25,0.82,47.6,0.001,58.55,Table Fan,Inductive
234.2,0.25,0.82,47.2,0.001,58.55,Table Fan,Inductive
234.6,0.24,0.82,47.2,0.001,56.3,Table Fan,Inductive
234.3,0.25,0.82,47.4,0.001,58.58,Table Fan,Inductive
234.2,0.25,0.82,47.4,0.001,58.55,Table Fan,Inductive
234,0.25,0.82,47.2,0.001,58.5,Table Fan,Inductive
234,0.25,0.82,47.1,0.001,58.5,Table Fan,Inductive
234.4,0.25,0.82,47.5,0.001,58.6,Table Fan,Inductive
234.5,0.25,0.82,47.3,0.001,58.63,Table Fan,Inductive
234.3,0.25,0.83,47.7,0.001,58.58,Table Fan,Inductive
234,0.25,0.83,47.7,0.001,58.5,Table Fan,Inductive
234.1,0.25,0.82,47.8,0.001,58.53,Table Fan,Inductive
234.4,0.25,0.82,47.6,0.001,58.6,Table Fan,Inductive
234.4,0.25,0.83,48.1,0.001,58.6,Table Fan,Inductive
234.3,0.25,0.83,48.3,0.001,58.58,Table Fan,Inductive
234.2,0.25,0.83,48.1,0.001,58.55,Table Fan,Inductive
234.1,0.25,0.84,48.8,0.001,58.53,Table Fan,Inductive
234.3,0.25,0.82,48.1,0.001,58.58,Table Fan,Inductive
234.6,0.25,0.83,47.9,0.001,58.65,Table Fan,Inductive
234.3,0.25,0.83,48.3,0.001,58.58,Table Fan,Inductive
234.7,0.25,0.83,48,0.001,58.68,Table Fan,Inductive
234.3,0.25,0.82,47.4,0.001,58.58,Table Fan,Inductive
234.8,0.25,0.82,47.7,0.001,58.7,Table Fan,Inductive
234.6,0.25,0.83,48.1,0.001,58.65,Table Fan,Inductive
234.3,0.25,0.82,48,0.001,58.58,Table Fan,Inductive
234.8,0.25,0.83,48.3,0.001,58.7,Table Fan,Inductive
234.4,0.25,0.83,47.9,0.001,58.6,Table Fan,Inductive
234.5,0.25,0.82,47.6,0.001,58.63,Table Fan,Inductive
234.3,0.25,0.83,48.3,0.001,58.58,Table Fan,Inductive
234.3,0.25,0.82,48,0.001,58.58,Table Fan,Inductive
234.6,0.25,0.83,48.2,0.001,58.65,Table Fan,Inductive
234.1,0.25,0.83,48.6,0.001,58.53,Table Fan,Inductive
234.3,0.25,0.83,48.7,0.001,58.58,Table Fan,Inductive
234.8,0.3,0.72,50.3,0.001,70.44,Table Fan,Inductive
235,0.28,0.72,47.3,0.001,65.8,Table Fan,Inductive
234.3,0.24,0.8,45,0.001,56.23,Table Fan,Inductive
233.6,0.39,0.44,39.7,0.001,91.1,Table Fan,Inductive
235.4,0.3,0.69,48.6,0.001,70.62,Table Fan,Inductive
234.8,0.27,0.76,47.5,0.001,63.4,Table Fan,Inductive
234.9,0.25,0.8,47.1,0.001,58.73,Table Fan,Inductive
234.9,0.25,0.82,47.2,0.001,58.73,Table Fan,Inductive
234.6,0.25,0.82,47.4,0.001,58.65,Table Fan,Inductive
234.2,0.24,0.83,47.1,0.001,56.21,Table Fan,Inductive
234.5,0.24,0.83,46.7,0.001,56.28,Table Fan,Inductive
234.5,0.24,0.82,46.7,0.001,56.28,Table Fan,Inductive
233.9,0.25,0.83,47.6,0.001,58.48,Table Fan,Inductive
233.1,0.24,0.83,47,0.001,55.94,Table Fan,Inductive
233.3,0.24,0.83,47,0.001,55.99,Table Fan,Inductive
233.6,0.24,0.83,47.3,0.001,56.06,Table Fan,Inductive
233.5,0.24,0.83,47.1,0.001,56.04,Table Fan,Inductive
234,0.24,0.83,47.3,0.001,56.16,Table Fan,Inductive
234.2,0.25,0.82,47.5,0.001,58.55,Table Fan,Inductive
233.9,0.27,0.79,50.2,0.001,63.15,Table Fan,Inductive
234.1,0.37,0.58,50.3,0.001,86.62,Table Fan,Inductive
233.8,0.36,0.51,43,0.001,84.17,Table Fan,Inductive
233.5,0.28,0.72,47.3,0.001,65.38,Table Fan,Inductive
233.8,0.25,0.8,47,0.001,58.45,Table Fan,Inductive
233.5,0.24,0.83,46.6,0.001,56.04,Table Fan,Inductive
233.4,0.24,0.83,46.2,0.001,56.02,Table Fan,Inductive
234.7,0.27,0.79,49.9,0.001,63.37,Table Fan,Inductive
234.3,0.46,0.45,48.8,0.001,107.78,Table Fan,Inductive
234.2,0.38,0.54,48.2,0.001,89,Table Fan,Inductive
233.9,0.29,0.68,46,0.001,67.83,Table Fan,Inductive
234.3,0.26,0.77,46.3,0.001,60.92,Table Fan,Inductive
233.5,0.24,0.8,45.2,0.001,56.04,Table Fan,Inductive
233.6,0.24,0.82,45.6,0.001,56.06,Table Fan,Inductive
233,0.24,0.82,45.2,0.001,55.92,Table Fan,Inductive
233.2,0.23,0.83,45.2,0.001,53.64,Table Fan,Inductive
233.6,0.25,0.8,46,0.001,58.4,Table Fan,Inductive
233.4,0.25,0.79,45.5,0.001,58.35,Table Fan,Inductive
233.5,0.25,0.77,44.5,0.001,58.38,Table Fan,Inductive
233.2,0.24,0.81,44.8,0.001,55.97,Table Fan,Inductive
234.5,0.24,0.81,46,0.001,56.28,Table Fan,Inductive
233.4,0.24,0.82,45.7,0.001,56.02,Table Fan,Inductive
233.5,0.24,0.82,45.7,0.001,56.04,Table Fan,Inductive
233.4,0.24,0.83,46.1,0.001,56.02,Table Fan,Inductive
233.8,0.24,0.82,46,0.001,56.11,Table Fan,Inductive
232.8,0.25,0.77,45.3,0.001,58.2,Table Fan,Inductive
233.9,0.41,0.48,46.1,0.001,95.9,Table Fan,Inductive
233.1,0.32,0.63,46.5,0.001,74.59,Table Fan,Inductive
233,0.26,0.78,47,0.001,60.58,Table Fan,Inductive
233.3,0.25,0.79,47,0.001,58.33,Table Fan,Inductive
232.7,0.24,0.83,47,0.001,55.85,Table Fan,Inductive
234,0.24,0.82,47.1,0.001,56.16,Table Fan,Inductive
234.2,0.24,0.82,46.9,0.001,56.21,Table Fan,Inductive
233.7,0.24,0.82,46.5,0.001,56.09,Table Fan,Inductive
234.1,0.24,0.82,46.7,0.001,56.18,Table Fan,Inductive
234.4,0.24,0.83,47,0.001,56.26,Table Fan,Inductive
234.3,0.25,0.83,47.7,0.001,58.58,Table Fan,Inductive
234.3,0.25,0.82,47.2,0.001,58.58,Table Fan,Inductive
234.5,0.24,0.83,47.4,0.001,56.28,Table Fan,Inductive
233.9,0.25,0.82,47,0.001,58.48,Table Fan,Inductive
234.2,0.24,0.83,47.3,0.001,56.21,Table Fan,Inductive
234.6,0.24,0.82,47,0.001,56.3,Table Fan,Inductive
234,0.24,0.83,47,0.001,56.16,Table Fan,Inductive
234,0.24,0.82,47.1,0.001,56.16,Table Fan,Inductive
234,0.24,0.82,46.7,0.001,56.16,Table Fan,Inductive
234.1,0.24,0.82,46.8,0.001,56.18,Table Fan,Inductive
234.2,0.24,0.83,47.2,0.001,56.21,Table Fan,Inductive
233.7,0.24,0.82,47,0.001,56.09,Table Fan,Inductive
233.9,0.24,0.83,47.6,0.001,56.14,Table Fan,Inductive
234,0.25,0.83,47.8,0.001,58.5,Table Fan,Inductive
234.4,0.25,0.83,48.2,0.001,58.6,Table Fan,Inductive
233.7,0.24,0.83,47.5,0.001,56.09,Table Fan,Inductive
233.9,0.24,0.83,47.7,0.001,56.14,Table Fan,Inductive
233.8,0.24,0.83,47.6,0.001,56.11,Table Fan,Inductive
234.1,0.25,0.83,47.7,0.001,58.53,Table Fan,Inductive
233.7,0.24,0.83,47.3,0.001,56.09,Table Fan,Inductive
234.2,0.24,0.83,47.2,0.001,56.21,Table Fan,Inductive
234.2,0.24,0.82,46.2,0.001,56.21,Table Fan,Inductive
233.8,0.24,0.82,46.6,0.001,56.11,Table Fan,Inductive
234.4,0.24,0.82,46.5,0.001,56.26,Table Fan,Inductive
234.1,0.24,0.82,46.7,0.001,56.18,Table Fan,Inductive
234.2,0.24,0.82,46.5,0.001,56.21,Table Fan,Inductive
233.9,0.24,0.82,46.6,0.001,56.14,Table Fan,Inductive
234,0.24,0.83,46.8,0.001,56.16,Table Fan,Inductive
234,0.24,0.82,47.2,0.001,56.16,Table Fan,Inductive
233.7,0.25,0.83,47.7,0.001,58.43,Table Fan,Inductive
234.1,0.24,0.83,47.4,0.001,56.18,Table Fan,Inductive
234.2,0.25,0.83,47.8,0.001,58.55,Table Fan,Inductive
234.3,0.24,0.83,47.2,0.001,56.23,Table Fan,Inductive
234.2,0.24,0.81,46.6,0.001,56.21,Table Fan,Inductive
233.5,0.24,0.82,46.3,0.001,56.04,Table Fan,Inductive
234.1,0.24,0.83,46.8,0.001,56.18,Table Fan,Inductive
234.1,0.24,0.83,46.9,0.001,56.18,Table Fan,Inductive
233.9,0.24,0.83,47.1,0.001,56.14,Table Fan,Inductive
233.9,0.24,0.82,46.8,0.001,56.14,Table Fan,Inductive
234.2,0.24,0.83,47.4,0.001,56.21,Table Fan,Inductive
234.1,0.24,0.82,46.7,0.001,56.18,Table Fan,Inductive
233.9,0.24,0.83,46.7,0.001,56.14,Table Fan,Inductive
234,0.24,0.82,46.5,0.001,56.16,Table Fan,Inductive
234.1,0.24,0.83,46.9,0.001,56.18,Table Fan,Inductive
233.9,0.24,0.82,46.8,0.001,56.14,Table Fan,Inductive
233.8,0.24,0.83,46.9,0.001,56.11,Table Fan,Inductive
233.7,0.24,0.83,46.6,0.001,56.09,Table Fan,Inductive
233.8,0.24,0.83,47.2,0.001,56.11,Table Fan,Inductive
234,0.24,0.83,47.4,0.001,56.16,Table Fan,Inductive
233.6,0.25,0.84,47.8,0.001,58.4,Table Fan,Inductive
234.1,0.25,0.84,48.2,0.001,58.53,Table Fan,Inductive
234.5,0.25,0.83,47.9,0.001,58.63,Table Fan,Inductive
234,0.24,0.82,46.9,0.001,56.16,Table Fan,Inductive
234.7,0.24,0.82,46.9,0.001,56.33,Table Fan,Inductive
233.9,0.24,0.83,47.3,0.001,56.14,Table Fan,Inductive
234.1,0.24,0.83,47.6,0.001,56.18,Table Fan,Inductive
233.7,0.24,0.83,47.7,0.001,56.09,Table Fan,Inductive
233.9,0.25,0.84,48.3,0.001,58.48,Table Fan,Inductive
233.7,0.25,0.83,47.6,0.001,58.43,Table Fan,Inductive
234,0.24,0.83,47.4,0.001,56.16,Table Fan,Inductive
233.9,0.24,0.83,47.1,0.001,56.14,Table Fan,Inductive
233.7,0.24,0.83,47.3,0.001,56.09,Table Fan,Inductive
233.9,0.24,0.83,46.9,0.001,56.14,Table Fan,Inductive
234,0.24,0.82,46.5,0.001,56.16,Table Fan,Inductive
234.5,0.24,0.82,46.5,0.001,56.28,Table Fan,Inductive
234.3,0.24,0.83,46.7,0.001,56.23,Table Fan,Inductive
234,0.24,0.82,46.3,0.001,56.16,Table Fan,Inductive
234.1,0.24,0.82,46.5,0.001,56.18,Table Fan,Inductive
234.1,0.24,0.82,46.5,0.001,56.18,Table Fan,Inductive
234,0.24,0.82,46.4,0.001,56.16,Table Fan,Inductive
233.9,0.24,0.83,47,0.001,56.14,Table Fan,Inductive
233.9,0.24,0.83,47,0.001,56.14,Table Fan,Inductive
234.1,0.24,0.83,46.7,0.001,56.18,Table Fan,Inductive
234.4,0.24,0.83,46.7,0.001,56.26,Table Fan,Inductive
234,0.24,0.82,46.5,0.001,56.16,Table Fan,Inductive
234.4,0.24,0.82,47,0.001,56.26,Table Fan,Inductive
233.3,0.24,0.82,46.3,0.001,55.99,Table Fan,Inductive
232.8,0.24,0.83,46.9,0.001,55.87,Table Fan,Inductive
233.9,0.24,0.84,47.8,0.001,56.14,Table Fan,Inductive
234.1,0.25,0.84,48.4,0.001,58.53,Table Fan,Inductive
234.3,0.25,0.83,48,0.001,58.58,Table Fan,Inductive
234.3,0.25,0.84,48.1,0.001,58.58,Table Fan,Inductive
234.4,0.24,0.83,47.4,0.001,56.26,Table Fan,Inductive
234.2,0.25,0.83,48,0.001,58.55,Table Fan,Inductive
234.2,0.25,0.83,47.7,0.001,58.55,Table Fan,Inductive
234.3,0.25,0.83,47.8,0.001,58.58,Table Fan,Inductive
234.2,0.24,0.84,48,0.001,56.21,Table Fan,Inductive
234.2,0.24,0.83,47.5,0.001,56.21,Table Fan,Inductive
234.6,0.25,0.83,48.3,0.001,58.65,Table Fan,Inductive
234.2,0.24,0.82,47.1,0.001,56.21,Table Fan,Inductive
233.9,0.24,0.83,47.4,0.001,56.14,Table Fan,Inductive
232.6,0.24,0.83,45.9,0.001,55.82,Table Fan,Inductive
233.2,0.24,0.83,47.3,0.001,55.97,Table Fan,Inductive
232.8,0.24,0.83,47.1,0.001,55.87,Table Fan,Inductive
232.9,0.24,0.84,47.3,0.001,55.9,Table Fan,Inductive
233.1,0.25,0.83,47.4,0.001,58.28,Table Fan,Inductive
233.2,0.24,0.83,47.3,0.001,55.97,Table Fan,Inductive
233.2,0.24,0.83,47.2,0.001,55.97,Table Fan,Inductive
233.4,0.24,0.84,47.8,0.001,56.02,Table Fan,Inductive
232.9,0.24,0.83,46.8,0.001,55.9,Table Fan,Inductive
233.4,0.24,0.83,47.2,0.001,56.02,Table Fan,Inductive
234,0.24,0.83,47.4,0.001,56.16,Table Fan,Inductive
233.3,0.24,0.83,47.2,0.001,55.99,Table Fan,Inductive
233.5,0.24,0.84,47.7,0.001,56.04,Table Fan,Inductive
233.2,0.25,0.84,48,0.001,58.3,Table Fan,Inductive
233.7,0.25,0.83,48.1,0.001,58.43,Table Fan,Inductive
234.6,0.25,0.83,48.3,0.001,58.65,Table Fan,Inductive
233,0.25,0.84,47.8,0.001,58.25,Table Fan,Inductive
233.5,0.24,0.83,47.1,0.001,56.04,Table Fan,Inductive
233.3,0.24,0.83,47.2,0.001,55.99,Table Fan,Inductive
233.3,0.24,0.84,47.4,0.001,55.99,Table Fan,Inductive
233.4,0.25,0.84,47.9,0.001,58.35,Table Fan,Inductive
233.7,0.24,0.83,47,0.001,56.09,Table Fan,Inductive
233.6,0.24,0.83,47,0.001,56.06,Table Fan,Inductive
233.3,0.24,0.83,47.4,0.001,55.99,Table Fan,Inductive
233.5,0.24,0.84,47.8,0.001,56.04,Table Fan,Inductive
233.4,0.24,0.83,47.5,0.001,56.02,Table Fan,Inductive
233.2,0.25,0.83,47.7,0.001,58.3,Table Fan,Inductive
233.5,0.24,0.83,47.5,0.001,56.04,Table Fan,Inductive
233.5,0.25,0.84,48.3,0.001,58.38,Table Fan,Inductive
234.7,0.25,0.84,48.4,0.001,58.68,Table Fan,Inductive
233.2,0.25,0.83,47.6,0.002,58.3,Table Fan,Inductive
233.4,0.24,0.83,47.4,0.002,56.02,Table Fan,Inductive
233.3,0.24,0.84,47.7,0.002,55.99,Table Fan,Inductive
230.2,0.24,0.83,46.4,0.002,55.25,Table Fan,Inductive
233.3,0.24,0.84,47.4,0.002,55.99,Table Fan,Inductive
231.8,0.24,0.84,47,0.002,55.63,Table Fan,Inductive
233.4,0.24,0.84,47.8,0.002,56.02,Table Fan,Inductive
233.2,0.25,0.84,48.5,0.002,58.3,Table Fan,Inductive
232.1,0.24,0.84,47.1,0.002,55.7,Table Fan,Inductive
233,0.24,0.84,47.8,0.002,55.92,Table Fan,Inductive
230.9,0.24,0.84,47.4,0.002,55.42,Table Fan,Inductive
233.5,0.24,0.84,47.9,0.002,56.04,Table Fan,Inductive
233.3,0.24,0.83,47.4,0.002,55.99,Table Fan,Inductive
233.2,0.24,0.84,47.7,0.002,55.97,Table Fan,Inductive
233.4,0.24,0.83,47.3,0.002,56.02,Table Fan,Inductive
234.4,0.24,0.83,47.4,0.002,56.26,Table Fan,Inductive
234.1,0.24,0.83,47.6,0.002,56.18,Table Fan,Inductive
234.4,0.24,0.83,47.8,0.002,56.26,Table Fan,Inductive
234.6,0.24,0.83,47.6,0.002,56.3,Table Fan,Inductive
233.8,0.24,0.83,47.1,0.002,56.11,Table Fan,Inductive
234.2,0.24,0.83,47.1,0.002,56.21,Table Fan,Inductive
234,0.24,0.83,46.8,0.002,56.16,Table Fan,Inductive
234.5,0.24,0.84,47.7,0.002,56.28,Table Fan,Inductive
234.2,0.24,0.83,47.4,0.002,56.21,Table Fan,Inductive
234.2,0.24,0.83,47.8,0.002,56.21,Table Fan,Inductive
234.4,0.25,0.83,48,0.002,58.6,Table Fan,Inductive
234,0.24,0.83,47.3,0.002,56.16,Table Fan,Inductive
234.1,0.24,0.84,47.8,0.002,56.18,Table Fan,Inductive
234.4,0.25,0.83,47.9,0.002,58.6,Table Fan,Inductive
234.3,0.24,0.83,47.1,0.002,56.23,Table Fan,Inductive
234.5,0.25,0.84,48.4,0.002,58.63,Table Fan,Inductive
234.3,0.25,0.83,48.1,0.002,58.58,Table Fan,Inductive
234,0.25,0.84,48.1,0.002,58.5,Table Fan,Inductive
234.3,0.25,0.84,48.3,0.002,58.58,Table Fan,Inductive
234.3,0.25,0.84,48.5,0.002,58.58,Table Fan,Inductive
234.4,0.25,0.84,48.3,0.002,58.6,Table Fan,Inductive
234.1,0.25,0.84,48.5,0.002,58.53,Table Fan,Inductive
234.3,0.25,0.84,48.2,0.002,58.58,Table Fan,Inductive
234,0.25,0.84,48.5,0.002,58.5,Table Fan,Inductive
233.4,0.25,0.84,48.5,0.002,58.35,Table Fan,Inductive
234.1,0.25,0.84,48.3,0.002,58.53,Table Fan,Inductive
234.1,0.25,0.84,48.7,0.002,58.53,Table Fan,Inductive
234.5,0.25,0.84,48.5,0.002,58.63,Table Fan,Inductive
234.2,0.24,0.83,47.8,0.002,56.21,Table Fan,Inductive
233.9,0.24,0.84,47.8,0.002,56.14,Table Fan,Inductive
233.9,0.25,0.83,47.9,0.002,58.48,Table Fan,Inductive
234.1,0.25,0.84,48.3,0.002,58.53,Table Fan,Inductive
234.3,0.25,0.84,48.3,0.002,58.58,Table Fan,Inductive
234.4,0.24,0.83,47.8,0.002,56.26,Table Fan,Inductive
234.5,0.25,0.83,48.2,0.002,58.63,Table Fan,Inductive
234.6,0.25,0.84,48.4,0.002,58.65,Table Fan,Inductive
234.3,0.25,0.84,48.8,0.002,58.58,Table Fan,Inductive
234,0.25,0.84,48.4,0.002,58.5,Table Fan,Inductive
234.4,0.25,0.84,48.7,0.002,58.6,Table Fan,Inductive
234.4,0.25,0.84,48.2,0.002,58.6,Table Fan,Inductive
234.3,0.25,0.84,48.3,0.002,58.58,Table Fan,Inductive
233.4,0.25,0.84,47.8,0.002,58.35,Table Fan,Inductive
231.2,0.24,0.84,47,0.002,55.49,Table Fan,Inductive
234.5,0.24,0.84,47.9,0.002,56.28,Table Fan,Inductive
234,0.25,0.83,47.5,0.002,58.5,Table Fan,Inductive
234.2,0.24,0.83,47.3,0.002,56.21,Table Fan,Inductive
234.3,0.24,0.83,47.5,0.002,56.23,Table Fan,Inductive
233.9,0.24,0.84,47.8,0.002,56.14,Table Fan,Inductive
234,0.24,0.84,47.5,0.002,56.16,Table Fan,Inductive
233.9,0.24,0.84,48,0.002,56.14,Table Fan,Inductive
234,0.25,0.84,48.1,0.002,58.5,Table Fan,Inductive
233.9,0.25,0.84,48.2,0.002,58.48,Table Fan,Inductive
233.8,0.24,0.84,47.8,0.002,56.11,Table Fan,Inductive
232.6,0.24,0.84,47.2,0.002,55.82,Table Fan,Inductive
233.3,0.24,0.84,47.5,0.002,55.99,Table Fan,Inductive
233.3,0.24,0.84,47.7,0.002,55.99,Table Fan,Inductive
233.3,0.24,0.83,47.2,0.002,55.99,Table Fan,Inductive
233.5,0.24,0.83,47.3,0.002,56.04,Table Fan,Inductive
233.1,0.24,0.83,46.6,0.002,55.94,Table Fan,Inductive
233.3,0.24,0.82,46.3,0.002,55.99,Table Fan,Inductive
233.2,0.24,0.82,46.2,0.002,55.97,Table Fan,Inductive
233.1,0.24,0.83,46.6,0.002,55.94,Table Fan,Inductive
233.6,0.24,0.83,46.5,0.002,56.06,Table Fan,Inductive
233.6,0.24,0.83,46.3,0.002,56.06,Table Fan,Inductive
233.7,0.25,0.81,47.3,0.002,58.43,Table Fan,Inductive
233.7,0.25,0.82,47.4,0.002,58.43,Table Fan,Inductive
233.8,0.25,0.82,47.4,0.002,58.45,Table Fan,Inductive
233.5,0.24,0.84,47.6,0.002,56.04,Table Fan,Inductive
233.4,0.24,0.83,47.2,0.002,56.02,Table Fan,Inductive
233.7,0.25,0.84,47.9,0.002,58.43,Table Fan,Inductive
233.4,0.25,0.8,47.6,0.002,58.35,Table Fan,Inductive
232.9,0.24,0.82,46.3,0.002,55.9,Table Fan,Inductive
233.3,0.24,0.81,46.6,0.002,55.99,Table Fan,Inductive
232.9,0.25,0.8,46.5,0.002,58.23,Table Fan,Inductive
233.3,0.25,0.81,46.5,0.002,58.33,Table Fan,Inductive
233.7,0.24,0.82,46.2,0.002,56.09,Table Fan,Inductive
233.2,0.26,0.77,46.1,0.002,60.63,Table Fan,Inductive
233.8,0.25,0.8,47.4,0.002,58.45,Table Fan,Inductive
233.2,0.24,0.83,46,0.002,55.97,Table Fan,Inductive
233,0.24,0.82,45.6,0.002,55.92,Table Fan,Inductive
233.1,0.24,0.82,45.5,0.002,55.94,Table Fan,Inductive
233.5,0.24,0.82,45.2,0.002,56.04,Table Fan,Inductive
233.7,0.24,0.82,45.2,0.002,56.09,Table Fan,Inductive
233.7,0.24,0.82,45.5,0.002,56.09,Table Fan,Inductive
233.3,0.24,0.82,45.4,0.002,55.99,Table Fan,Inductive
233.5,0.24,0.82,45.4,0.002,56.04,Table Fan,Inductive
233.4,0.23,0.83,45,0.002,53.68,Table Fan,Inductive
231.8,0.23,0.83,44.7,0.002,53.31,Table Fan,Inductive
232.3,0.23,0.83,45,0.002,53.43,Table Fan,Inductive
233.1,0.24,0.83,45.6,0.002,55.94,Table Fan,Inductive
233.3,0.24,0.84,46.5,0.002,55.99,Table Fan,Inductive
233.5,0.24,0.83,45.9,0.002,56.04,Table Fan,Inductive
233.1,0.24,0.82,45.5,0.002,55.94,Table Fan,Inductive
233.2,0.24,0.83,45.9,0.002,55.97,Table Fan,Inductive
233.1,0.24,0.84,46.8,0.002,55.94,Table Fan,Inductive
233.7,0.24,0.83,46.8,0.002,56.09,Table Fan,Inductive
234.5,0.24,0.83,46.1,0.002,56.28,Table Fan,Inductive
234.6,0.24,0.83,46.4,0.002,56.3,Table Fan,Inductive
234.5,0.24,0.83,46.9,0.002,56.28,Table Fan,Inductive
234.2,0.24,0.83,46.5,0.002,56.21,Table Fan,Inductive
233.7,0.24,0.84,46.6,0.002,56.09,Table Fan,Inductive
234.4,0.24,0.84,46.9,0.002,56.26,Table Fan,Inductive
234.2,0.24,0.83,46.5,0.002,56.21,Table Fan,Inductive
233.8,0.24,0.84,46.6,0.002,56.11,Table Fan,Inductive
234.4,0.24,0.83,46.3,0.002,56.26,Table Fan,Inductive
234.1,0.24,0.83,46.3,0.002,56.18,Table Fan,Inductive
234.5,0.24,0.84,46.9,0.002,56.28,Table Fan,Inductive
234.3,0.24,0.83,46.7,0.002,56.23,Table Fan,Inductive
234.1,0.24,0.84,46.8,0.002,56.18,Table Fan,Inductive
234.5,0.24,0.83,46.4,0.002,56.28,Table Fan,Inductive
234.2,0.24,0.82,45.6,0.002,56.21,Table Fan,Inductive
234.6,0.24,0.83,46.4,0.002,56.3,Table Fan,Inductive
234.1,0.24,0.83,46,0.002,56.18,Table Fan,Inductive
234.3,0.24,0.84,46.5,0.002,56.23,Table Fan,Inductive
234.5,0.24,0.83,46,0.002,56.28,Table Fan,Inductive
234.5,0.24,0.84,47.3,0.002,56.28,Table Fan,Inductive
234.9,0.24,0.83,46.4,0.002,56.38,Table Fan,Inductive
234.5,0.24,0.83,46.5,0.002,56.28,Table Fan,Inductive
234.5,0.24,0.83,46,0.002,56.28,Table Fan,Inductive
234.5,0.24,0.83,46.2,0.002,56.28,Table Fan,Inductive
234.6,0.24,0.84,46.8,0.002,56.3,Table Fan,Inductive
234.3,0.24,0.83,46.1,0.002,56.23,Table Fan,Inductive
234,0.24,0.83,46.3,0.002,56.16,Table Fan,Inductive
234.4,0.24,0.84,46.9,0.002,56.26,Table Fan,Inductive
233.9,0.24,0.83,46,0.002,56.14,Table Fan,Inductive
234,0.24,0.83,46.2,0.002,56.16,Table Fan,Inductive
234,0.24,0.84,46.3,0.002,56.16,Table Fan,Inductive
234.2,0.24,0.83,46.3,0.002,56.21,Table Fan,Inductive
234.4,0.24,0.84,46.7,0.002,56.26,Table Fan,Inductive
233.8,0.24,0.84,46.8,0.002,56.11,Table Fan,Inductive
234.1,0.24,0.83,46.5,0.002,56.18,Table Fan,Inductive
234,0.24,0.83,46.3,0.002,56.16,Table Fan,Inductive
234,0.24,0.82,45.8,0.002,56.16,Table Fan,Inductive
232.9,0.23,0.83,45.4,0.002,53.57,Table Fan,Inductive
234,0.24,0.83,45.7,0.002,56.16,Table Fan,Inductive
233.7,0.23,0.83,45.1,0.002,53.75,Table Fan,Inductive
233.7,0.24,0.82,45.3,0.002,56.09,Table Fan,Inductive
233.6,0.23,0.83,45,0.002,53.73,Table Fan,Inductive
233.6,0.23,0.82,45.2,0.002,53.73,Table Fan,Inductive
233.5,0.24,0.83,45.6,0.002,56.04,Table Fan,Inductive
233.7,0.24,0.83,46,0.002,56.09,Table Fan,Inductive
234,0.24,0.83,45.7,0.002,56.16,Table Fan,Inductive
233.6,0.24,0.83,45.9,0.002,56.06,Table Fan,Inductive
233.7,0.24,0.83,45.7,0.002,56.09,Table Fan,Inductive
233.9,0.23,0.83,45.5,0.002,53.8,Table Fan,Inductive
234,0.24,0.83,46.5,0.002,56.16,Table Fan,Inductive
234.2,0.24,0.83,46.4,0.002,56.21,Table Fan,Inductive
233.5,0.24,0.83,46.2,0.002,56.04,Table Fan,Inductive
234,0.24,0.83,46.1,0.002,56.16,Table Fan,Inductive
233.9,0.23,0.83,45.8,0.002,53.8,Table Fan,Inductive
233.8,0.24,0.83,45.8,0.002,56.11,Table Fan,Inductive
233.9,0.23,0.82,45,0.002,53.8,Table Fan,Inductive
233.9,0.24,0.83,45.5,0.002,56.14,Table Fan,Inductive
233.5,0.24,0.83,45.8,0.002,56.04,Table Fan,Inductive
233.7,0.24,0.83,45.7,0.002,56.09,Table Fan,Inductive
233.8,0.24,0.83,46,0.002,56.11,Table Fan,Inductive
233.5,0.24,0.83,46.2,0.002,56.04,Table Fan,Inductive
233.8,0.24,0.84,45.9,0.002,56.11,Table Fan,Inductive
233.4,0.24,0.83,46,0.002,56.02,Table Fan,Inductive
233.6,0.24,0.83,46.1,0.002,56.06,Table Fan,Inductive
233.6,0.24,0.83,46,0.002,56.06,Table Fan,Inductive
233.4,0.24,0.82,45.3,0.002,56.02,Table Fan,Inductive
233.4,0.24,0.82,45.5,0.002,56.02,Table Fan,Inductive
233.5,0.23,0.83,45.3,0.002,53.71,Table Fan,Inductive
233.8,0.24,0.82,45.5,0.002,56.11,Table Fan,Inductive
233.2,0.24,0.83,45.4,0.002,55.97,Table Fan,Inductive
233.8,0.24,0.83,45.8,0.002,56.11,Table Fan,Inductive
233.8,0.24,0.83,45.4,0.002,56.11,Table Fan,Inductive
233.9,0.23,0.83,45.6,0.002,53.8,Table Fan,Inductive
233.9,0.24,0.83,45.7,0.002,56.14,Table Fan,Inductive
233.5,0.24,0.82,45.3,0.002,56.04,Table Fan,Inductive
233.8,0.23,0.82,45.2,0.002,53.77,Table Fan,Inductive
233.6,0.24,0.82,45.2,0.002,56.06,Table Fan,Inductive
233.7,0.23,0.83,45.3,0.002,53.75,Table Fan,Inductive
233.3,0.23,0.82,44.8,0.002,53.66,Table Fan,Inductive
233.8,0.23,0.83,45.5,0.002,53.77,Table Fan,Inductive
233.9,0.23,0.83,45.4,0.002,53.8,Table Fan,Inductive
233.3,0.24,0.82,45,0.002,55.99,Table Fan,Inductive
233.8,0.23,0.82,44.8,0.002,53.77,Table Fan,Inductive
233.7,0.24,0.82,46,0.002,56.09,Table Fan,Inductive
233.7,0.24,0.83,45.8,0.002,56.09,Table Fan,Inductive
233.4,0.24,0.82,45.6,0.002,56.02,Table Fan,Inductive
233.8,0.24,0.82,45.8,0.002,56.11,Table Fan,Inductive
233.4,0.24,0.83,45.4,0.002,56.02,Table Fan,Inductive
233.3,0.24,0.83,45.9,0.002,55.99,Table Fan,Inductive
233.7,0.24,0.83,46.2,0.002,56.09,Table Fan,Inductive
233.4,0.24,0.82,46.1,0.002,56.02,Table Fan,Inductive
233.5,0.24,0.83,46.3,0.002,56.04,Table Fan,Inductive
234,0.24,0.83,46.6,0.002,56.16,Table Fan,Inductive
233.5,0.24,0.83,45.9,0.002,56.04,Table Fan,Inductive
233.4,0.24,0.83,46.5,0.002,56.02,Table Fan,Inductive
233.4,0.24,0.83,45.3,0.002,56.02,Table Fan,Inductive
233.8,0.24,0.84,46.6,0.002,56.11,Table Fan,Inductive
233.8,0.24,0.83,46.1,0.002,56.11,Table Fan,Inductive
233.5,0.24,0.83,45.9,0.002,56.04,Table Fan,Inductive
233.3,0.24,0.83,45.7,0.002,55.99,Table Fan,Inductive
233.4,0.24,0.83,45.9,0.002,56.02,Table Fan,Inductive
234,0.24,0.82,45.2,0.002,56.16,Table Fan,Inductive
233.3,0.24,0.82,45.4,0.002,55.99,Table Fan,Inductive
233.8,0.24,0.83,46.3,0.002,56.11,Table Fan,Inductive
233.7,0.24,0.83,45.8,0.002,56.09,Table Fan,Inductive
233.2,0.24,0.82,45.4,0.002,55.97,Table Fan,Inductive
233.4,0.24,0.83,46.2,0.002,56.02,Table Fan,Inductive
233.8,0.24,0.83,46,0.002,56.11,Table Fan,Inductive
233.6,0.24,0.83,45.9,0.002,56.06,Table Fan,Inductive
233.5,0.24,0.82,45.5,0.002,56.04,Table Fan,Inductive
234,0.25,0.77,45.9,0.002,58.5,Table Fan,Inductive
234,0.24,0.83,45.9,0.002,56.16,Table Fan,Inductive
233.6,0.24,0.82,45.6,0.002,56.06,Table Fan,Inductive
233.7,0.24,0.82,45.5,0.002,56.09,Table Fan,Inductive
233.5,0.24,0.83,46.4,0.002,56.04,Table Fan,Inductive
234.5,0.24,0.83,47,0.002,56.28,Table Fan,Inductive
233.8,0.24,0.83,45.5,0.002,56.11,Table Fan,Inductive
234,0.24,0.83,46.3,0.002,56.16,Table Fan,Inductive
234.2,0.24,0.83,46,0.002,56.21,Table Fan,Inductive
233.7,0.24,0.82,45.2,0.002,56.09,Table Fan,Inductive
233.8,0.24,0.83,45.9,0.002,56.11,Table Fan,Inductive
229.5,0.25,0.77,43.5,0.002,57.38,Table Fan,Inductive
233.7,0.24,0.81,45.4,0.002,56.09,Table Fan,Inductive
233.4,0.24,0.82,45.2,0.002,56.02,Table Fan,Inductive
233.7,0.23,0.83,45.2,0.002,53.75,Table Fan,Inductive
233.8,0.23,0.82,45,0.002,53.77,Table Fan,Inductive
233.4,0.23,0.82,44.7,0.002,53.68,Table Fan,Inductive
233.2,0.23,0.83,45,0.002,53.64,Table Fan,Inductive
233.2,0.23,0.83,45.2,0.002,53.64,Table Fan,Inductive
233.2,0.23,0.83,44.6,0.002,53.64,Table Fan,Inductive
233.5,0.23,0.83,44.9,0.002,53.71,Table Fan,Inductive
233.1,0.24,0.81,44.7,0.003,55.94,Table Fan,Inductive
233.3,0.23,0.82,44.8,0.003,53.66,Table Fan,Inductive
233.1,0.24,0.81,45,0.003,55.94,Table Fan,Inductive
233.5,0.25,0.77,45.3,0.003,58.38,Table Fan,Inductive
233.1,0.24,0.82,45.2,0.003,55.94,Table Fan,Inductive
233.1,0.24,0.81,44.6,0.003,55.94,Table Fan,Inductive
233.9,0.26,0.75,45.9,0.003,60.81,Table Fan,Inductive
234.3,0.26,0.75,46.4,0.003,60.92,Table Fan,Inductive
233.5,0.25,0.79,45.6,0.003,58.38,Table Fan,Inductive
234.2,0.24,0.81,45.4,0.003,56.21,Table Fan,Inductive
233.6,0.24,0.82,45.5,0.003,56.06,Table Fan,Inductive
234.1,0.24,0.84,46.2,0.003,56.18,Table Fan,Inductive
233.7,0.25,0.78,45.4,0.003,58.43,Table Fan,Inductive
233.5,0.28,0.71,46,0.003,65.38,Table Fan,Inductive
233.8,0.25,0.75,44.6,0.003,58.45,Table Fan,Inductive
233.8,0.26,0.75,45.6,0.003,60.79,Table Fan,Inductive
233.6,0.26,0.76,45.6,0.003,60.74,Table Fan,Inductive
233.9,0.24,0.8,45.4,0.003,56.14,Table Fan,Inductive
233.5,0.25,0.8,46.9,0.003,58.38,Table Fan,Inductive
233,0.26,0.76,45.5,0.003,60.58,Table Fan,Inductive
234.5,0.31,0.66,47.2,0.003,72.7,Table Fan,Inductive
234,0.32,0.64,47.7,0.003,74.88,Table Fan,Inductive
233.6,0.27,0.73,45.9,0.003,63.07,Table Fan,Inductive
233.9,0.24,0.8,45.7,0.003,56.14,Table Fan,Inductive
233.4,0.24,0.83,45.5,0.003,56.02,Table Fan,Inductive
234.2,0.23,0.83,45.3,0.003,53.87,Table Fan,Inductive
236.5,0.24,0.82,45.5,0.003,56.76,Table Fan,Inductive
235.3,0.26,0.76,45.8,0.003,61.18,Table Fan,Inductive
235.4,0.24,0.8,45.8,0.003,56.5,Table Fan,Inductive
235.8,0.27,0.73,46.5,0.003,63.67,Table Fan,Inductive
235.8,0.36,0.51,43.3,0.003,84.89,Table Fan,Inductive
236.2,0.28,0.66,43,0.003,66.14,Table Fan,Inductive
235.5,0.25,0.75,43.5,0.003,58.88,Table Fan,Inductive
235.3,0.24,0.77,43.6,0.003,56.47,Table Fan,Inductive
235.4,0.23,0.8,43.6,0.003,54.14,Table Fan,Inductive
235.4,0.22,0.82,43.1,0.003,51.79,Table Fan,Inductive
236,0.22,0.83,44.2,0.003,51.92,Table Fan,Inductive
235.8,0.29,0.65,44.9,0.003,68.38,Table Fan,Inductive
235.7,0.26,0.71,43.6,0.003,61.28,Table Fan,Inductive
235.2,0.24,0.77,43.3,0.003,56.45,Table Fan,Inductive
235.7,0.23,0.82,44.1,0.003,54.21,Table Fan,Inductive
234.7,0.23,0.81,43.3,0.003,53.98,Table Fan,Inductive
232.4,0.23,0.81,42.3,0.003,53.45,Table Fan,Inductive
235.3,0.23,0.81,44.4,0.003,54.12,Table Fan,Inductive
235.3,0.23,0.78,42.8,0.003,54.12,Table Fan,Inductive
235.7,0.27,0.68,43.7,0.003,63.64,Table Fan,Inductive
235.5,0.25,0.74,43.1,0.003,58.88,Table Fan,Inductive
235.9,0.25,0.72,42.7,0.003,58.98,Table Fan,Inductive
233.5,0.22,0.82,42.5,0.003,51.37,Table Fan,Inductive
235.9,0.28,0.66,43.6,0.003,66.05,Table Fan,Inductive
235.8,0.26,0.71,43.7,0.003,61.31,Table Fan,Inductive
235.5,0.23,0.77,42.8,0.003,54.17,Table Fan,Inductive
235.3,0.22,0.81,42.6,0.003,51.77,Table Fan,Inductive
235.3,0.25,0.74,43.3,0.003,58.83,Table Fan,Inductive
235.7,0.26,0.74,45.2,0.003,61.28,Table Fan,Inductive
235.6,0.25,0.78,45.3,0.003,58.9,Table Fan,Inductive
235.6,0.23,0.81,43.89228,0.003,54.19,Table Fan,Inductive
235.6,0.23,0.81,43.89228,0.003,54.19,Table Fan,Inductive
235.3,0.23,0.81,43.83639,0.003,54.12,Table Fan,Inductive
235.4,0.23,0.82,44.39644,0.003,54.14,Table Fan,Inductive
235.3,0.22,0.83,42.96578,0.003,51.77,Table Fan,Inductive
235.4,0.23,0.83,44.93786,0.003,54.14,Table Fan,Inductive
235,0.23,0.83,44.8615,0.003,54.05,Table Fan,Inductive
235.6,0.23,0.83,44.97604,0.003,54.19,Table Fan,Inductive
235.1,0.22,0.83,42.92926,0.003,51.72,Table Fan,Inductive
235.3,0.23,0.82,44.37758,0.003,54.12,Table Fan,Inductive
235,0.23,0.82,44.321,0.003,54.05,Table Fan,Inductive
235.4,0.22,0.83,42.98404,0.003,51.79,Table Fan,Inductive
235.2,0.23,0.82,44.35872,0.003,54.1,Table Fan,Inductive
235.4,0.22,0.82,42.46616,0.003,51.79,Table Fan,Inductive
235.4,0.23,0.82,44.39644,0.003,54.14,Table Fan,Inductive
235.2,0.23,0.82,44.35872,0.003,54.1,Table Fan,Inductive
236,0.22,0.82,42.5744,0.003,51.92,Table Fan,Inductive
235.5,0.23,0.82,44.4153,0.003,54.17,Table Fan,Inductive
235.2,0.23,0.81,43.81776,0.003,54.1,Table Fan,Inductive
235.4,0.23,0.81,43.85502,0.003,54.14,Table Fan,Inductive
234.9,0.23,0.81,43.76187,0.003,54.03,Table Fan,Inductive
235.1,0.23,0.81,43.79913,0.003,54.07,Table Fan,Inductive
235.4,0.23,0.82,44.39644,0.003,54.14,Table Fan,Inductive
235.2,0.22,0.82,42.43008,0.003,51.74,Table Fan,Inductive
235,0.22,0.82,42.394,0.003,51.7,Table Fan,Inductive
235.2,0.22,0.82,42.43008,0.003,51.74,Table Fan,Inductive
234.8,0.22,0.82,42.35792,0.003,51.66,Table Fan,Inductive
235.4,0.22,0.83,42.98404,0.003,51.79,Table Fan,Inductive
235,0.22,0.83,42.911,0.003,51.7,Table Fan,Inductive
234.9,0.22,0.82,42.37596,0.003,51.68,Table Fan,Inductive
235,0.22,0.82,42.394,0.003,51.7,Table Fan,Inductive
235.3,0.22,0.82,42.44812,0.003,51.77,Table Fan,Inductive
235.2,0.22,0.83,42.94752,0.003,51.74,Table Fan,Inductive
235.2,0.22,0.82,42.43008,0.003,51.74,Table Fan,Inductive
235.2,0.22,0.82,42.43008,0.003,51.74,Table Fan,Inductive
235,0.22,0.82,42.394,0.003,51.7,Table Fan,Inductive
235.3,0.22,0.82,42.44812,0.003,51.77,Table Fan,Inductive
235.1,0.22,0.82,42.41204,0.003,51.72,Table Fan,Inductive
234.7,0.22,0.82,42.33988,0.003,51.63,Table Fan,Inductive
235.4,0.22,0.83,42.98404,0.003,51.79,Table Fan,Inductive
235.1,0.22,0.82,42.41204,0.003,51.72,Table Fan,Inductive
225,0.22,0.82,40.59,0.003,49.5,Table Fan,Inductive
220.5,0.22,0.82,39.7782,0.003,48.51,Table Fan,Inductive
221.9,0.22,0.82,40.03076,0.003,48.82,Table Fan,Inductive
218.9,0.22,0.82,39.48956,0.003,48.16,Table Fan,Inductive
220.9,0.22,0.82,39.85036,0.003,48.6,Table Fan,Inductive
221.4,0.22,0.82,39.94056,0.003,48.71,Table Fan,Inductive
221.4,0.22,0.82,39.94056,0.003,48.71,Table Fan,Inductive
220.8,0.22,0.82,39.83232,0.003,48.58,Table Fan,Inductive
220.8,0.23,0.81,41.13504,0.003,50.78,Table Fan,Inductive
221.9,0.22,0.81,39.54258,0.003,48.82,Table Fan,Inductive
221.5,0.22,0.81,39.4713,0.003,48.73,Table Fan,Inductive
221.7,0.22,0.81,39.50694,0.003,48.77,Table Fan,Inductive
222.1,0.23,0.82,41.88806,0.003,51.08,Table Fan,Inductive
221.2,0.23,0.81,41.20956,0.003,50.88,Table Fan,Inductive
220.2,0.22,0.81,39.23964,0.003,48.44,Table Fan,Inductive
221.8,0.22,0.81,39.52476,0.003,48.8,Table Fan,Inductive
222,0.22,0.82,40.0488,0.003,48.84,Table Fan,Inductive
219.5,0.23,0.81,40.89285,0.003,50.49,Table Fan,Inductive
221.5,0.23,0.81,41.26545,0.003,50.95,Table Fan,Inductive
221,0.23,0.82,41.6806,0.003,50.83,Table Fan,Inductive
222,0.22,0.81,39.5604,0.003,48.84,Table Fan,Inductive
221.9,0.22,0.81,39.54258,0.003,48.82,Table Fan,Inductive
223.5,0.22,0.81,39.8277,0.003,49.17,Table Fan,Inductive
221.2,0.22,0.81,39.41784,0.003,48.66,Table Fan,Inductive
221.3,0.22,0.81,39.43566,0.003,48.69,Table Fan,Inductive
220.9,0.22,0.81,39.36438,0.003,48.6,Table Fan,Inductive
220.1,0.22,0.8,38.7376,0.003,48.42,Table Fan,Inductive
221,0.22,0.81,39.3822,0.003,48.62,Table Fan,Inductive
219.9,0.22,0.8,38.7024,0.003,48.38,Table Fan,Inductive
221.6,0.22,0.81,39.48912,0.003,48.75,Table Fan,Inductive
221.7,0.22,0.82,39.99468,0.003,48.77,Table Fan,Inductive
220.9,0.22,0.81,39.36438,0.003,48.6,Table Fan,Inductive
221.9,0.22,0.81,39.54258,0.003,48.82,Table Fan,Inductive
220.3,0.22,0.81,39.25746,0.003,48.47,Table Fan,Inductive
220.9,0.22,0.81,39.36438,0.003,48.6,Table Fan,Inductive
220.6,0.22,0.81,39.31092,0.003,48.53,Table Fan,Inductive
221.9,0.23,0.81,41.33997,0.003,51.04,Table Fan,Inductive
221.6,0.22,0.81,39.48912,0.003,48.75,Table Fan,Inductive
219.5,0.22,0.81,39.1149,0.003,48.29,Table Fan,Inductive
222.1,0.22,0.8,39.0896,0.003,48.86,Table Fan,Inductive
221.2,0.22,0.81,39.41784,0.003,48.66,Table Fan,Inductive
220.9,0.22,0.81,39.36438,0.003,48.6,Table Fan,Inductive
221.4,0.23,0.81,41.24682,0.003,50.92,Table Fan,Inductive
220.8,0.22,0.81,39.34656,0.003,48.58,Table Fan,Inductive
222.1,0.22,0.81,39.57822,0.003,48.86,Table Fan,Inductive
221.1,0.22,0.81,39.40002,0.003,48.64,Table Fan,Inductive
221.6,0.22,0.81,39.48912,0.003,48.75,Table Fan,Inductive
221.1,0.22,0.81,39.40002,0.003,48.64,Table Fan,Inductive
221.2,0.22,0.82,39.90448,0.003,48.66,Table Fan,Inductive
221.4,0.22,0.82,39.94056,0.003,48.71,Table Fan,Inductive
220,0.23,0.81,40.986,0.003,50.6,Table Fan,Inductive
220.1,0.22,0.82,39.70604,0.003,48.42,Table Fan,Inductive
220.9,0.22,0.81,39.36438,0.003,48.6,Table Fan,Inductive
220.4,0.22,0.82,39.76016,0.003,48.49,Table Fan,Inductive
219.7,0.23,0.81,40.93011,0.003,50.53,Table Fan,Inductive
220.7,0.22,0.81,39.32874,0.003,48.55,Table Fan,Inductive
221.6,0.23,0.82,41.79376,0.003,50.97,Table Fan,Inductive
221.3,0.23,0.83,42.24617,0.003,50.9,Table Fan,Inductive
220.6,0.23,0.82,41.60516,0.003,50.74,Table Fan,Inductive
219.9,0.23,0.82,41.47314,0.003,50.58,Table Fan,Inductive
219.4,0.22,0.82,39.57976,0.003,48.27,Table Fan,Inductive
222,0.23,0.82,41.8692,0.003,51.06,Table Fan,Inductive
219.8,0.23,0.82,41.45428,0.003,50.55,Table Fan,Inductive
218.4,0.22,0.81,38.91888,0.003,48.05,Table Fan,Inductive
220.6,0.22,0.81,39.31092,0.003,48.53,Table Fan,Inductive
222.2,0.23,0.83,42.41798,0.003,51.11,Table Fan,Inductive
219.9,0.22,0.81,39.18618,0.003,48.38,Table Fan,Inductive
221.1,0.23,0.81,41.19093,0.003,50.85,Table Fan,Inductive
221,0.23,0.82,41.6806,0.003,50.83,Table Fan,Inductive
221.5,0.22,0.82,39.9586,0.003,48.73,Table Fan,Inductive
221.6,0.22,0.82,39.97664,0.003,48.75,Table Fan,Inductive
221.7,0.23,0.82,41.81262,0.003,50.99,Table Fan,Inductive
220.9,0.22,0.82,39.85036,0.003,48.6,Table Fan,Inductive
222.3,0.22,0.81,39.61386,0.003,48.91,Table Fan,Inductive
221.6,0.22,0.82,39.97664,0.003,48.75,Table Fan,Inductive
221.7,0.23,0.82,41.81262,0.003,50.99,Table Fan,Inductive
220.3,0.22,0.82,39.74212,0.003,48.47,Table Fan,Inductive
220.6,0.23,0.81,41.09778,0.003,50.74,Table Fan,Inductive
221.2,0.23,0.8,40.7008,0.003,50.88,Table Fan,Inductive
219.1,0.22,0.82,39.52564,0.003,48.2,Table Fan,Inductive
221.4,0.23,0.81,41.24682,0.003,50.92,Table Fan,Inductive
221.1,0.22,0.81,39.40002,0.003,48.64,Table Fan,Inductive
219.8,0.23,0.81,40.94874,0.003,50.55,Table Fan,Inductive
220.8,0.22,0.81,39.34656,0.003,48.58,Table Fan,Inductive
221.5,0.22,0.82,39.9586,0.003,48.73,Table Fan,Inductive
221.7,0.22,0.82,39.99468,0.003,48.77,Table Fan,Inductive
221.7,0.22,0.82,39.99468,0.003,48.77,Table Fan,Inductive
222.1,0.23,0.82,41.88806,0.003,51.08,Table Fan,Inductive
221.9,0.23,0.73,37.25701,0.003,51.04,Table Fan,Inductive
220.7,0.21,0.84,38.93148,0.003,46.35,Table Fan,Inductive
219,0.2,0.87,38.106,0.003,43.8,Table Fan,Inductive
220.4,0.2,0.84,37.0272,0.003,44.08,Table Fan,Inductive
221.2,0.2,0.84,37.1616,0.003,44.24,Table Fan,Inductive
222.1,0.2,0.84,37.3128,0.003,44.42,Table Fan,Inductive
220,0.2,0.84,36.96,0.003,44,Table Fan,Inductive
221.2,0.2,0.84,37.1616,0.003,44.24,Table Fan,Inductive
221.2,0.2,0.84,37.1616,0.003,44.24,Table Fan,Inductive
220.8,0.2,0.84,37.0944,0.003,44.16,Table Fan,Inductive
220.8,0.2,0.84,37.0944,0.003,44.16,Table Fan,Inductive
221.1,0.2,0.84,37.1448,0.003,44.22,Table Fan,Inductive
221.4,0.2,0.84,37.1952,0.003,44.28,Table Fan,Inductive
218.5,0.2,0.84,36.708,0.003,43.7,Table Fan,Inductive
220.6,0.2,0.84,37.0608,0.003,44.12,Table Fan,Inductive
220.4,0.2,0.84,37.0272,0.003,44.08,Table Fan,Inductive
221.6,0.2,0.84,37.2288,0.003,44.32,Table Fan,Inductive
221.1,0.2,0.84,37.1448,0.003,44.22,Table Fan,Inductive
220.6,0.2,0.84,37.0608,0.003,44.12,Table Fan,Inductive
221.6,0.2,0.84,37.2288,0.003,44.32,Table Fan,Inductive
221.1,0.2,0.84,37.1448,0.003,44.22,Table Fan,Inductive
221.8,0.2,0.84,37.2624,0.003,44.36,Table Fan,Inductive
220.4,0.2,0.84,37.0272,0.003,44.08,Table Fan,Inductive
220.7,0.2,0.84,37.0776,0.003,44.14,Table Fan,Inductive
221,0.2,0.84,37.128,0.003,44.2,Table Fan,Inductive
219,0.2,0.84,36.792,0.003,43.8,Table Fan,Inductive
221.1,0.2,0.84,37.1448,0.003,44.22,Table Fan,Inductive
220.9,0.2,0.84,37.1112,0.003,44.18,Table Fan,Inductive
220.6,0.2,0.84,37.0608,0.003,44.12,Table Fan,Inductive
220.2,0.19,0.84,35.14392,0.003,41.84,Table Fan,Inductive
221.2,0.2,0.84,37.1616,0.003,44.24,Table Fan,Inductive
221.4,0.19,0.84,35.33544,0.003,42.07,Table Fan,Inductive
220.7,0.2,0.84,37.0776,0.003,44.14,Table Fan,Inductive
218.3,0.2,0.84,36.6744,0.003,43.66,Table Fan,Inductive
220,0.2,0.84,36.96,0.003,44,Table Fan,Inductive
219.2,0.2,0.84,36.8256,0.003,43.84,Table Fan,Inductive
222.4,0.2,0.84,37.3632,0.003,44.48,Table Fan,Inductive
221.4,0.2,0.88,38.9664,0.003,44.28,Table Fan,Inductive
219.8,0.2,0.88,38.6848,0.003,43.96,Table Fan,Inductive
221.2,0.2,0.88,38.9312,0.003,44.24,Table Fan,Inductive
220.8,0.19,0.88,36.91776,0.003,41.95,Table Fan,Inductive
220.5,0.18,0.88,34.9272,0.003,39.69,Table Fan,Inductive
221.5,0.18,0.88,35.0856,0.003,39.87,Table Fan,Inductive
220.8,0.18,0.88,34.97472,0.003,39.74,Table Fan,Inductive
221.4,0.18,0.88,35.06976,0.003,39.85,Table Fan,Inductive
220.6,0.18,0.88,34.94304,0.003,39.71,Table Fan,Inductive
217.9,0.18,0.88,34.51536,0.003,39.22,Table Fan,Inductive
219.9,0.19,0.88,36.76728,0.003,41.78,Table Fan,Inductive
220.2,0.19,0.88,36.81744,0.003,41.84,Table Fan,Inductive
221.1,0.19,0.88,36.96792,0.003,42.01,Table Fan,Inductive
220.4,0.19,0.88,36.85088,0.003,41.88,Table Fan,Inductive
220.9,0.19,0.88,36.93448,0.003,41.97,Table Fan,Inductive
220.9,0.19,0.88,36.93448,0.003,41.97,Table Fan,Inductive
221.5,0.19,0.88,37.0348,0.003,42.09,Table Fan,Inductive
222.3,0.19,0.88,37.16856,0.003,42.24,Table Fan,Inductive
220.9,0.19,0.88,36.93448,0.003,41.97,Table Fan,Inductive
219.6,0.19,0.88,36.71712,0.003,41.72,Table Fan,Inductive
219.3,0.19,0.88,36.66696,0.003,41.67,Table Fan,Inductive
219.2,0.19,0.88,36.65024,0.003,41.65,Table Fan,Inductive
220.5,0.19,0.88,36.8676,0.003,41.9,Table Fan,Inductive
219.5,0.19,0.88,36.7004,0.003,41.71,Table Fan,Inductive
219.5,0.19,0.88,36.7004,0.003,41.71,Table Fan,Inductive
220.3,0.19,0.88,36.83416,0.003,41.86,Table Fan,Inductive
220.2,0.19,0.88,36.81744,0.003,41.84,Table Fan,Inductive
221.1,0.19,0.88,36.96792,0.003,42.01,Table Fan,Inductive
218.6,0.19,0.88,36.54992,0.003,41.53,Table Fan,Inductive
221.1,0.19,0.88,36.96792,0.003,42.01,Table Fan,Inductive
220.1,0.19,0.88,36.80072,0.003,41.82,Table Fan,Inductive
220.3,0.19,0.88,36.83416,0.003,41.86,Table Fan,Inductive
221.1,0.19,0.88,36.96792,0.003,42.01,Table Fan,Inductive
219.2,0.19,0.88,36.65024,0.003,41.65,Table Fan,Inductive
221.3,0.19,0.88,37.00136,0.003,42.05,Table Fan,Inductive
219.8,0.19,0.88,36.75056,0.003,41.76,Table Fan,Inductive
221.1,0.19,0.88,36.96792,0.003,42.01,Table Fan,Inductive
221,0.19,0.88,36.9512,0.003,41.99,Table Fan,Inductive
221.7,0.19,0.88,37.06824,0.003,42.12,Table Fan,Inductive
221.5,0.19,0.88,37.0348,0.003,42.09,Table Fan,Inductive
219.1,0.19,0.88,36.63352,0.003,41.63,Table Fan,Inductive
219.8,0.19,0.88,36.75056,0.003,41.76,Table Fan,Inductive
221,0.19,0.88,36.9512,0.003,41.99,Table Fan,Inductive
220.8,0.19,0.88,36.91776,0.003,41.95,Table Fan,Inductive
219.9,0.19,0.88,36.76728,0.003,41.78,Table Fan,Inductive
221.2,0.19,0.88,36.98464,0.003,42.03,Table Fan,Inductive
221.1,0.19,0.88,36.96792,0.003,42.01,Table Fan,Inductive
220.6,0.19,0.88,36.88432,0.003,41.91,Table Fan,Inductive
220.4,0.19,0.88,36.85088,0.003,41.88,Table Fan,Inductive
221.4,0.19,0.88,37.01808,0.003,42.07,Table Fan,Inductive
220.7,0.19,0.88,36.90104,0.003,41.93,Table Fan,Inductive
220.2,0.19,0.88,36.81744,0.003,41.84,Table Fan,Inductive
220.4,0.19,0.88,36.85088,0.004,41.88,Table Fan,Inductive
220.1,0.19,0.88,36.80072,0.004,41.82,Table Fan,Inductive
220.6,0.19,0.88,36.88432,0.004,41.91,Table Fan,Inductive
220.8,0.19,0.88,36.91776,0.004,41.95,Table Fan,Inductive
220.2,0.19,0.88,36.81744,0.004,41.84,Table Fan,Inductive
221.2,0.19,0.88,36.98464,0.004,42.03,Table Fan,Inductive
220.9,0.19,0.88,36.93448,0.004,41.97,Table Fan,Inductive
220.3,0.19,0.88,36.83416,0.004,41.86,Table Fan,Inductive
219.8,0.19,0.88,36.75056,0.004,41.76,Table Fan,Inductive
221.3,0.19,0.88,37.00136,0.004,42.05,Table Fan,Inductive
221.3,0.19,0.88,37.00136,0.004,42.05,Table Fan,Inductive
221.8,0.19,0.88,37.08496,0.004,42.14,Table Fan,Inductive
220.2,0.19,0.88,36.81744,0.004,41.84,Table Fan,Inductive
220.7,0.22,0.88,42.72752,0.004,48.55,Table Fan,Inductive
221.9,0.21,0.88,41.00712,0.004,46.6,Table Fan,Inductive
219.9,0.21,0.88,40.63752,0.004,46.18,Table Fan,Inductive
221.7,0.2,0.88,39.0192,0.004,44.34,Table Fan,Inductive
221.1,0.2,0.88,38.9136,0.004,44.22,Table Fan,Inductive
221,0.2,0.88,38.896,0.004,44.2,Table Fan,Inductive
221.3,0.2,0.88,38.9488,0.004,44.26,Table Fan,Inductive
221.4,0.2,0.88,38.9664,0.004,44.28,Table Fan,Inductive
220.1,0.2,0.88,38.7376,0.004,44.02,Table Fan,Inductive
221.4,0.2,0.88,38.9664,0.004,44.28,Table Fan,Inductive
221.7,0.2,0.88,39.0192,0.004,44.34,Table Fan,Inductive
220.9,0.2,0.88,38.8784,0.004,44.18,Table Fan,Inductive
221.1,0.2,0.88,38.9136,0.004,44.22,Table Fan,Inductive
220.9,0.2,0.88,38.8784,0.004,44.18,Table Fan,Inductive
219.4,0.2,0.88,38.6144,0.004,43.88,Table Fan,Inductive
221.1,0.2,0.88,38.9136,0.004,44.22,Table Fan,Inductive
221.1,0.2,0.88,38.9136,0.004,44.22,Table Fan,Inductive
219.4,0.2,0.88,38.6144,0.004,43.88,Table Fan,Inductive
221.2,0.2,0.88,38.9312,0.004,44.24,Table Fan,Inductive
221.1,0.2,0.88,38.9136,0.004,44.22,Table Fan,Inductive
221.2,0.2,0.88,38.9312,0.004,44.24,Table Fan,Inductive
220.8,0.2,0.88,38.8608,0.004,44.16,Table Fan,Inductive
221.1,0.2,0.88,38.9136,0.004,44.22,Table Fan,Inductive
221.3,0.2,0.88,38.9488,0.004,44.26,Table Fan,Inductive
218.9,0.2,0.88,38.5264,0.004,43.78,Table Fan,Inductive
219.6,0.2,0.88,38.6496,0.004,43.92,Table Fan,Inductive
219.8,0.2,0.88,38.6848,0.004,43.96,Table Fan,Inductive
220.9,0.2,0.88,38.8784,0.004,44.18,Table Fan,Inductive
219.5,0.2,0.88,38.632,0.004,43.9,Table Fan,Inductive
221.2,0.2,0.88,38.9312,0.004,44.24,Table Fan,Inductive
218.6,0.2,0.88,38.4736,0.004,43.72,Table Fan,Inductive
220.5,0.2,0.88,38.808,0.004,44.1,Table Fan,Inductive
220.1,0.2,0.88,38.7376,0.004,44.02,Table Fan,Inductive
220.4,0.2,0.88,38.7904,0.004,44.08,Table Fan,Inductive
220.6,0.2,0.88,38.8256,0.004,44.12,Table Fan,Inductive
220.3,0.2,0.88,38.7728,0.004,44.06,Table Fan,Inductive
220.9,0.2,0.88,38.8784,0.004,44.18,Table Fan,Inductive
221.6,0.2,0.88,39.0016,0.004,44.32,Table Fan,Inductive
221,0.2,0.88,38.896,0.004,44.2,Table Fan,Inductive
219,0.2,0.88,38.544,0.004,43.8,Table Fan,Inductive
222.6,0.2,0.88,39.1776,0.004,44.52,Table Fan,Inductive
221.8,0.2,0.88,39.0368,0.004,44.36,Table Fan,Inductive
220.6,0.2,0.88,38.8256,0.004,44.12,Table Fan,Inductive
219.7,0.2,0.88,38.6672,0.004,43.94,Table Fan,Inductive
220,0.2,0.88,38.72,0.004,44,Table Fan,Inductive
219.7,0.2,0.88,38.6672,0.004,43.94,Table Fan,Inductive
221.2,0.2,0.88,38.9312,0.004,44.24,Table Fan,Inductive
221,0.2,0.88,38.896,0.004,44.2,Table Fan,Inductive
221.5,0.2,0.88,38.984,0.004,44.3,Table Fan,Inductive
221.7,0.2,0.88,39.0192,0.004,44.34,Table Fan,Inductive
221.3,0.2,0.88,38.9488,0.004,44.26,Table Fan,Inductive
220.9,0.2,0.88,38.8784,0.004,44.18,Table Fan,Inductive
220.4,0.2,0.88,38.7904,0.004,44.08,Table Fan,Inductive
221.4,0.2,0.88,38.9664,0.004,44.28,Table Fan,Inductive
221.1,0.2,0.88,38.9136,0.004,44.22,Table Fan,Inductive
221,0.2,0.88,38.896,0.004,44.2,Table Fan,Inductive
221.6,0.2,0.88,39.0016,0.004,44.32,Table Fan,Inductive
219.5,0.2,0.87,38.193,0.004,43.9,Table Fan,Inductive
220.3,0.2,0.87,38.3322,0.004,44.06,Table Fan,Inductive
220.2,0.2,0.87,38.3148,0.004,44.04,Table Fan,Inductive
221.9,0.2,0.87,38.6106,0.004,44.38,Table Fan,Inductive
221.4,0.2,0.87,38.5236,0.004,44.28,Table Fan,Inductive
219.3,0.2,0.87,38.1582,0.004,43.86,Table Fan,Inductive
221.1,0.21,0.87,42.7,0.004,46.43,Table Fan,Inductive
221,0.24,0.85,44.9,0.004,53.04,Table Fan,Inductive
221.8,0.23,0.84,42.8,0.004,51.01,Table Fan,Inductive
221.2,0.23,0.82,41.5,0.004,50.88,Table Fan,Inductive
221.5,0.23,0.82,41.7,0.004,50.95,Table Fan,Inductive
222.1,0.23,0.81,40.9,0.004,51.08,Table Fan,Inductive
222.1,0.23,0.83,41.7,0.004,51.08,Table Fan,Inductive
221.4,0.23,0.82,41,0.004,50.92,Table Fan,Inductive
221.5,0.23,0.82,41.1,0.004,50.95,Table Fan,Inductive
219.6,0.23,0.81,40.5,0.004,50.51,Table Fan,Inductive
221.6,0.23,0.81,40.6,0.004,50.97,Table Fan,Inductive
222.8,0.23,0.81,41.2,0.004,51.24,Table Fan,Inductive
222.1,0.23,0.82,41.1,0.004,51.08,Table Fan,Inductive
221.5,0.23,0.82,41.2,0.004,50.95,Table Fan,Inductive
221.3,0.23,0.83,41.2,0.004,50.9,Table Fan,Inductive
221.5,0.23,0.81,40.8,0.004,50.95,Table Fan,Inductive
222,0.23,0.81,40.6,0.004,51.06,Table Fan,Inductive
221.3,0.23,0.82,41.3,0.004,50.9,Table Fan,Inductive
223.7,0.23,0.82,41.7,0.004,51.45,Table Fan,Inductive
221.7,0.23,0.81,40.7,0.004,50.99,Table Fan,Inductive
220.7,0.23,0.82,40.8,0.004,50.76,Table Fan,Inductive
222.1,0.23,0.83,41.7,0.004,51.08,Table Fan,Inductive
222.6,0.22,0.82,41.1,0.004,48.97,Table Fan,Inductive
220.5,0.23,0.82,40.6,0.004,50.72,Table Fan,Inductive
221.2,0.23,0.82,40.9,0.004,50.88,Table Fan,Inductive
222.3,0.23,0.82,41.3,0.004,51.13,Table Fan,Inductive
221,0.23,0.82,41.5,0.004,50.83,Table Fan,Inductive
221.2,0.23,0.81,41.1,0.004,50.88,Table Fan,Inductive
221.2,0.23,0.81,40.7,0.004,50.88,Table Fan,Inductive
220.9,0.23,0.83,41.4,0.004,50.81,Table Fan,Inductive
222.8,0.23,0.82,41.8,0.004,51.24,Table Fan,Inductive
220.2,0.23,0.83,41,0.004,50.65,Table Fan,Inductive
219.4,0.23,0.82,40.9,0.004,50.46,Table Fan,Inductive
222.2,0.23,0.82,41.2,0.004,51.11,Table Fan,Inductive
219.7,0.23,0.82,40.8,0.004,50.53,Table Fan,Inductive
219.9,0.23,0.81,40.7,0.004,50.58,Table Fan,Inductive
221.7,0.23,0.82,41.2,0.004,50.99,Table Fan,Inductive
222.1,0.23,0.83,41.8,0.004,51.08,Table Fan,Inductive
220.6,0.23,0.81,40.4,0.004,50.74,Table Fan,Inductive
222.1,0.23,0.81,40.8,0.004,51.08,Table Fan,Inductive
222.7,0.23,0.82,41.4,0.004,51.22,Table Fan,Inductive
221.1,0.23,0.82,41.5,0.004,50.85,Table Fan,Inductive
221.8,0.23,0.81,41.1,0.004,51.01,Table Fan,Inductive
220.4,0.23,0.81,40.9,0.004,50.69,Table Fan,Inductive
221.3,0.23,0.82,41.2,0.004,50.9,Table Fan,Inductive
220.5,0.23,0.82,40.8,0.004,50.72,Table Fan,Inductive
222.2,0.23,0.83,41.6,0.004,51.11,Table Fan,Inductive
222.1,0.22,0.82,40.9,0.004,48.86,Table Fan,Inductive
222.4,0.23,0.82,41.6,0.004,51.15,Table Fan,Inductive
221.6,0.23,0.82,41.5,0.004,50.97,Table Fan,Inductive
223.3,0.23,0.82,41.9,0.004,51.36,Table Fan,Inductive
222.1,0.23,0.83,41.9,0.004,51.08,Table Fan,Inductive
222.9,0.23,0.82,41.8,0.004,51.27,Table Fan,Inductive
221.9,0.23,0.82,41.6,0.004,51.04,Table Fan,Inductive
223.4,0.23,0.82,41.9,0.004,51.38,Table Fan,Inductive
221.8,0.23,0.83,41.6,0.004,51.01,Table Fan,Inductive
220.3,0.23,0.82,41.2,0.004,50.67,Table Fan,Inductive
222.7,0.23,0.82,41.6,0.004,51.22,Table Fan,Inductive
221.3,0.22,0.82,40.6,0.004,48.69,Table Fan,Inductive
220.8,0.23,0.82,41.1,0.004,50.78,Table Fan,Inductive
221.8,0.23,0.82,41.3,0.004,51.01,Table Fan,Inductive
222.6,0.23,0.82,41.5,0.004,51.2,Table Fan,Inductive
223,0.23,0.83,42,0.004,51.29,Table Fan,Inductive
222.4,0.23,0.82,41.5,0.004,51.15,Table Fan,Inductive
221.6,0.23,0.82,41.3,0.004,50.97,Table Fan,Inductive
222.3,0.23,0.83,41.8,0.004,51.13,Table Fan,Inductive
222.4,0.23,0.82,41.7,0.004,51.15,Table Fan,Inductive
221.6,0.23,0.83,41.6,0.004,50.97,Table Fan,Inductive
221.8,0.23,0.82,41.5,0.004,51.01,Table Fan,Inductive
221.6,0.23,0.82,41.3,0.004,50.97,Table Fan,Inductive
221.7,0.23,0.82,41.5,0.004,50.99,Table Fan,Inductive
222.2,0.23,0.82,41.7,0.004,51.11,Table Fan,Inductive
221.7,0.23,0.83,42.1,0.004,50.99,Table Fan,Inductive
222,0.23,0.83,42,0.004,51.06,Table Fan,Inductive
220.6,0.23,0.82,41.5,0.004,50.74,Table Fan,Inductive
219.2,0.23,0.82,41.3,0.004,50.42,Table Fan,Inductive
220.1,0.23,0.82,40.9,0.004,50.62,Table Fan,Inductive
221.6,0.23,0.82,41.5,0.004,50.97,Table Fan,Inductive
219.3,0.23,0.81,40.6,0.004,50.44,Table Fan,Inductive
221.5,0.23,0.82,41.1,0.004,50.95,Table Fan,Inductive
219.5,0.23,0.81,40.1,0.004,50.49,Table Fan,Inductive
221.3,0.23,0.82,40.9,0.004,50.9,Table Fan,Inductive
220.6,0.23,0.83,41.5,0.004,50.74,Table Fan,Inductive
221.1,0.23,0.83,41.2,0.004,50.85,Table Fan,Inductive
220.5,0.23,0.83,41.8,0.004,50.72,Table Fan,Inductive
221.3,0.23,0.82,41.1,0.004,50.9,Table Fan,Inductive
218.1,0.23,0.81,40.1,0.004,50.16,Table Fan,Inductive
218.9,0.23,0.82,40.4,0.004,50.35,Table Fan,Inductive
221.2,0.22,0.81,40.3,0.004,48.66,Table Fan,Inductive
218.4,0.23,0.82,40.8,0.004,50.23,Table Fan,Inductive
221,0.22,0.82,40.7,0.004,48.62,Table Fan,Inductive
220.5,0.22,0.82,40.6,0.004,48.51,Table Fan,Inductive
218.7,0.22,0.82,40,0.004,48.11,Table Fan,Inductive
220.5,0.23,0.81,40.5,0.004,50.72,Table Fan,Inductive
221.3,0.23,0.82,41.3,0.004,50.9,Table Fan,Inductive
216.6,0.22,0.82,39.7,0.004,47.65,Table Fan,Inductive
217.2,0.23,0.82,40.2,0.004,49.96,Table Fan,Inductive
217.9,0.23,0.82,40.4,0.004,50.12,Table Fan,Inductive
217.9,0.23,0.82,40.4,0.004,50.12,Table Fan,Inductive
218.7,0.23,0.83,41.1,0.004,50.3,Table Fan,Inductive
216.9,0.23,0.81,39.8,0.004,49.89,Table Fan,Inductive
218.3,0.22,0.82,40.1,0.004,48.03,Table Fan,Inductive
218.2,0.22,0.81,39.6,0.004,48,Table Fan,Inductive
220.3,0.23,0.82,40.8,0.004,50.67,Table Fan,Inductive
221.3,0.23,0.82,41.2,0.004,50.9,Table Fan,Inductive
220.4,0.23,0.82,40.5,0.004,50.69,Table Fan,Inductive
218.5,0.22,0.82,40.2,0.004,48.07,Table Fan,Inductive
221,0.23,0.82,40.6,0.004,50.83,Table Fan,Inductive
220.9,0.23,0.82,41.1,0.004,50.81,Table Fan,Inductive
219.8,0.23,0.82,40.7,0.004,50.55,Table Fan,Inductive
220.2,0.23,0.81,40.7,0.004,50.65,Table Fan,Inductive
221.3,0.23,0.82,41.4,0.004,50.9,Table Fan,Inductive
219.2,0.23,0.82,41,0.004,50.42,Table Fan,Inductive
221.1,0.23,0.82,41.5,0.004,50.85,Table Fan,Inductive
221,0.23,0.82,41.6,0.004,50.83,Table Fan,Inductive
221.3,0.23,0.82,41.5,0.004,50.9,Table Fan,Inductive
219.9,0.23,0.82,41,0.004,50.58,Table Fan,Inductive
220.7,0.23,0.82,41.5,0.004,50.76,Table Fan,Inductive
221.1,0.23,0.83,41.6,0.004,50.85,Table Fan,Inductive
221.7,0.23,0.83,42.2,0.004,50.99,Table Fan,Inductive
221.1,0.23,0.83,41.8,0.004,50.85,Table Fan,Inductive
221.2,0.23,0.83,41.6,0.004,50.88,Table Fan,Inductive
220.7,0.23,0.82,41.6,0.004,50.76,Table Fan,Inductive
220.8,0.23,0.83,41.5,0.004,50.78,Table Fan,Inductive
222.4,0.23,0.82,41.9,0.004,51.15,Table Fan,Inductive
221.5,0.23,0.82,41.5,0.004,50.95,Table Fan,Inductive
220.9,0.23,0.82,41.7,0.004,50.81,Table Fan,Inductive
221.6,0.23,0.82,41.7,0.004,50.97,Table Fan,Inductive
220.3,0.23,0.83,41.3,0.004,50.67,Table Fan,Inductive
221.3,0.23,0.82,41.4,0.004,50.9,Table Fan,Inductive
219.5,0.23,0.82,40.6,0.004,50.49,Table Fan,Inductive
222.8,0.23,0.82,41.5,0.004,51.24,Table Fan,Inductive
219.4,0.23,0.82,40.8,0.004,50.46,Table Fan,Inductive
221.2,0.23,0.81,41,0.004,50.88,Table Fan,Inductive
221.7,0.23,0.82,41.7,0.004,50.99,Table Fan,Inductive
221.4,0.23,0.83,41.7,0.004,50.92,Table Fan,Inductive
221.1,0.23,0.83,41.2,0.004,50.85,Table Fan,Inductive
218.5,0.23,0.82,40.5,0.004,50.26,Table Fan,Inductive
220.9,0.23,0.82,41.2,0.004,50.81,Table Fan,Inductive
220.6,0.23,0.82,41.2,0.004,50.74,Table Fan,Inductive
221.7,0.23,0.82,41.3,0.004,50.99,Table Fan,Inductive
221.5,0.23,0.82,41,0.004,50.95,Table Fan,Inductive
221.3,0.23,0.82,41.5,0.004,50.9,Table Fan,Inductive
220.6,0.23,0.82,41.3,0.004,50.74,Table Fan,Inductive
221.4,0.23,0.82,41,0.004,50.92,Table Fan,Inductive
220.8,0.23,0.82,41.3,0.004,50.78,Table Fan,Inductive
221,0.23,0.83,41.5,0.004,50.83,Table Fan,Inductive
220.7,0.23,0.81,40.3,0.004,50.76,Table Fan,Inductive
221.5,0.23,0.81,40.8,0.004,50.95,Table Fan,Inductive
220.9,0.23,0.82,41,0.004,50.81,Table Fan,Inductive
221.7,0.23,0.81,40.9,0.004,50.99,Table Fan,Inductive
221.6,0.23,0.82,41.4,0.004,50.97,Table Fan,Inductive
219.8,0.23,0.83,41.2,0.004,50.55,Table Fan,Inductive
216.5,0.22,0.82,39.8,0.004,47.63,Table Fan,Inductive
218.3,0.23,0.83,41.2,0.004,50.21,Table Fan,Inductive
218.7,0.23,0.83,41.2,0.004,50.3,Table Fan,Inductive
218.7,0.23,0.83,41.1,0.004,50.3,Table Fan,Inductive
219.1,0.23,0.83,41,0.004,50.39,Table Fan,Inductive
217.8,0.23,0.83,40.7,0.004,50.09,Table Fan,Inductive
218.7,0.22,0.83,40.9,0.004,48.11,Table Fan,Inductive
218,0.22,0.83,40.6,0.004,47.96,Table Fan,Inductive
218.4,0.22,0.82,40.4,0.004,48.05,Table Fan,Inductive
215.5,0.23,0.82,40.1,0.004,49.57,Table Fan,Inductive
217.7,0.23,0.82,40.2,0.004,50.07,Table Fan,Inductive
218.2,0.23,0.82,40.3,0.004,50.19,Table Fan,Inductive
216.4,0.23,0.82,40.1,0.004,49.77,Table Fan,Inductive
218.1,0.23,0.81,40.3,0.004,50.16,Table Fan,Inductive
217.6,0.23,0.83,40.9,0.004,50.05,Table Fan,Inductive
218.5,0.23,0.82,40.2,0.004,50.26,Table Fan,Inductive
220.4,0.23,0.83,41.6,0.004,50.69,Table Fan,Inductive
220.9,0.23,0.83,41.7,0.004,50.81,Table Fan,Inductive
219.6,0.23,0.82,40.9,0.004,50.51,Table Fan,Inductive
221.3,0.23,0.81,40.7,0.004,50.9,Table Fan,Inductive
222.2,0.23,0.83,41.7,0.004,51.11,Table Fan,Inductive
221.1,0.23,0.82,41.2,0.004,50.85,Table Fan,Inductive
219.7,0.23,0.82,40.4,0.004,50.53,Table Fan,Inductive
221.6,0.22,0.83,41.3,0.004,48.75,Table Fan,Inductive
221.2,0.23,0.82,41.4,0.004,50.88,Table Fan,Inductive
221.4,0.23,0.82,41,0.004,50.92,Table Fan,Inductive
221.3,0.23,0.82,41.2,0.004,50.9,Table Fan,Inductive
219.7,0.22,0.82,40.4,0.004,48.33,Table Fan,Inductive
221,0.23,0.81,40.8,0.004,50.83,Table Fan,Inductive
222.2,0.23,0.82,41.2,0.004,51.11,Table Fan,Inductive
222.4,0.23,0.82,41.6,0.004,51.15,Table Fan,Inductive
222.4,0.23,0.82,41.9,0.004,51.15,Table Fan,Inductive
219.5,0.23,0.81,40.1,0.004,50.49,Table Fan,Inductive
220.5,0.23,0.82,40.6,0.004,50.72,Table Fan,Inductive
221.2,0.23,0.82,41.1,0.004,50.88,Table Fan,Inductive
222.1,0.23,0.82,41.5,0.004,51.08,Table Fan,Inductive
221.3,0.23,0.83,41.4,0.004,50.9,Table Fan,Inductive
220.5,0.22,0.82,40.7,0.004,48.51,Table Fan,Inductive
219.8,0.23,0.81,40.3,0.004,50.55,Table Fan,Inductive
220.8,0.23,0.81,40.3,0.004,50.78,Table Fan,Inductive
222.3,0.22,0.81,40.3,0.004,48.91,Table Fan,Inductive
221.3,0.23,0.82,41.3,0.004,50.9,Table Fan,Inductive
222.7,0.23,0.81,41.1,0.004,51.22,Table Fan,Inductive
221.8,0.23,0.82,41.2,0.004,51.01,Table Fan,Inductive
221.7,0.23,0.82,40.8,0.004,50.99,Table Fan,Inductive
220.2,0.23,0.82,40.8,0.004,50.65,Table Fan,Inductive
222.1,0.23,0.81,41.1,0.004,51.08,Table Fan,Inductive
221,0.23,0.82,41.3,0.004,50.83,Table Fan,Inductive
221.5,0.23,0.82,41.5,0.005,50.95,Table Fan,Inductive
221.3,0.23,0.81,40.8,0.005,50.9,Table Fan,Inductive
219.3,0.23,0.81,40.2,0.005,50.44,Table Fan,Inductive
221.7,0.22,0.82,40.7,0.005,48.77,Table Fan,Inductive
221.5,0.23,0.82,41.3,0.005,50.95,Table Fan,Inductive
221.9,0.23,0.82,41.4,0.005,51.04,Table Fan,Inductive
221.3,0.23,0.83,41.7,0.005,50.9,Table Fan,Inductive
221.6,0.23,0.83,41.6,0.005,50.97,Table Fan,Inductive
222.1,0.23,0.83,41.7,0.005,51.08,Table Fan,Inductive
222.2,0.23,0.83,42.2,0.005,51.11,Table Fan,Inductive
220.9,0.23,0.83,41.6,0.005,50.81,Table Fan,Inductive
220.9,0.23,0.83,41.4,0.005,50.81,Table Fan,Inductive
219.4,0.23,0.82,41.2,0.005,50.46,Table Fan,Inductive
221,0.23,0.82,41.1,0.005,50.83,Table Fan,Inductive
219.2,0.23,0.82,40.9,0.005,50.42,Table Fan,Inductive
221.4,0.23,0.83,41.5,0.005,50.92,Table Fan,Inductive
221.3,0.23,0.82,41.7,0.005,50.9,Table Fan,Inductive
221.8,0.23,0.83,41.9,0.005,51.01,Table Fan,Inductive
220.6,0.23,0.83,41.6,0.005,50.74,Table Fan,Inductive
221.7,0.22,0.83,41.2,0.005,48.77,Table Fan,Inductive
221.7,0.23,0.83,42.1,0.005,50.99,Table Fan,Inductive
220.8,0.23,0.83,41.8,0.005,50.78,Table Fan,Inductive
221.9,0.23,0.83,42.2,0.005,51.04,Table Fan,Inductive
220.6,0.23,0.83,41.3,0.005,50.74,Table Fan,Inductive
221.9,0.23,0.83,42,0.005,51.04,Table Fan,Inductive
220.5,0.23,0.82,41.3,0.005,50.72,Table Fan,Inductive
219.1,0.23,0.82,40.7,0.005,50.39,Table Fan,Inductive
221.7,0.23,0.81,41,0.005,50.99,Table Fan,Inductive
222.3,0.23,0.82,41.7,0.005,51.13,Table Fan,Inductive
223.2,0.23,0.82,42,0.005,51.34,Table Fan,Inductive
221,0.23,0.82,41.3,0.005,50.83,Table Fan,Inductive
221.1,0.23,0.82,41.1,0.005,50.85,Table Fan,Inductive
221.1,0.23,0.82,41.3,0.005,50.85,Table Fan,Inductive
221.8,0.23,0.83,41.8,0.005,51.01,Table Fan,Inductive
222.1,0.23,0.82,41.3,0.005,51.08,Table Fan,Inductive
222.2,0.23,0.82,41.3,0.005,51.11,Table Fan,Inductive
221.4,0.23,0.82,41.1,0.005,50.92,Table Fan,Inductive
220.7,0.23,0.82,41.2,0.005,50.76,Table Fan,Inductive
221.2,0.23,0.81,40.6,0.005,50.88,Table Fan,Inductive
221.1,0.23,0.82,41.1,0.005,50.85,Table Fan,Inductive
221.5,0.23,0.82,41.4,0.005,50.95,Table Fan,Inductive
220.9,0.23,0.83,41.2,0.005,50.81,Table Fan,Inductive
221.7,0.23,0.82,41.3,0.005,50.99,Table Fan,Inductive
221.4,0.23,0.82,40.9,0.005,50.92,Table Fan,Inductive
221,0.23,0.82,41.3,0.005,50.83,Table Fan,Inductive
220.4,0.23,0.83,41.5,0.005,50.69,Table Fan,Inductive
221.7,0.23,0.83,41.9,0.005,50.99,Table Fan,Inductive
222,0.23,0.83,42.1,0.005,51.06,Table Fan,Inductive
220.1,0.23,0.82,41.2,0.005,50.62,Table Fan,Inductive
221.1,0.23,0.83,41.4,0.005,50.85,Table Fan,Inductive
222.1,0.23,0.83,42.5,0.005,51.08,Table Fan,Inductive
220.5,0.23,0.83,42,0.005,50.72,Table Fan,Inductive
221.7,0.23,0.82,41.4,0.005,50.99,Table Fan,Inductive
221.7,0.23,0.83,42.3,0.005,50.99,Table Fan,Inductive
221.6,0.23,0.82,42,0.005,50.97,Table Fan,Inductive
221.3,0.23,0.84,42.2,0.005,50.9,Table Fan,Inductive
219.9,0.23,0.83,41.9,0.005,50.58,Table Fan,Inductive
221,0.23,0.82,41.5,0.005,50.83,Table Fan,Inductive
220.9,0.23,0.84,41.9,0.005,50.81,Table Fan,Inductive
221.9,0.23,0.82,41.5,0.005,51.04,Table Fan,Inductive
220.7,0.23,0.83,41.3,0.005,50.76,Table Fan,Inductive
220.2,0.23,0.83,41.5,0.005,50.65,Table Fan,Inductive
220.1,0.23,0.83,41.3,0.005,50.62,Table Fan,Inductive
220.7,0.23,0.81,40.8,0.005,50.76,Table Fan,Inductive
221,0.23,0.82,41.2,0.005,50.83,Table Fan,Inductive
220.8,0.23,0.83,41.5,0.005,50.78,Table Fan,Inductive
220.6,0.24,0.86,46.4,0.005,52.94,Table Fan,Inductive
221.2,0.23,0.85,44.2,0.005,50.88,Table Fan,Inductive
221,0.23,0.83,41.7,0.005,50.83,Table Fan,Inductive
220.8,0.23,0.83,41.7,0.005,50.78,Table Fan,Inductive
221.5,0.23,0.82,41.2,0.005,50.95,Table Fan,Inductive
221,0.23,0.83,41.5,0.005,50.83,Table Fan,Inductive
221.3,0.23,0.83,41.3,0.005,50.9,Table Fan,Inductive
218.5,0.22,0.81,39.8,0.005,48.07,Table Fan,Inductive
220.5,0.23,0.82,40.9,0.005,50.72,Table Fan,Inductive
219.2,0.23,0.81,40,0.005,50.42,Table Fan,Inductive
221.3,0.23,0.82,40.9,0.005,50.9,Table Fan,Inductive
222.8,0.23,0.83,42.1,0.005,51.24,Table Fan,Inductive
220,0.23,0.82,40.8,0.005,50.6,Table Fan,Inductive
221.4,0.22,0.83,40.9,0.005,48.71,Table Fan,Inductive
221.2,0.22,0.82,40.6,0.005,48.66,Table Fan,Inductive
221.5,0.23,0.83,41.5,0.005,50.95,Table Fan,Inductive
220.2,0.23,0.82,40.9,0.005,50.65,Table Fan,Inductive
219.9,0.23,0.81,40.5,0.005,50.58,Table Fan,Inductive
219.9,0.22,0.82,40.6,0.005,48.38,Table Fan,Inductive
221.8,0.23,0.82,41.4,0.005,51.01,Table Fan,Inductive
218,0.22,0.82,40,0.005,47.96,Table Fan,Inductive
220.6,0.23,0.82,40.6,0.005,50.74,Table Fan,Inductive
220.2,0.22,0.82,40.7,0.005,48.44,Table Fan,Inductive
220.2,0.23,0.81,40.7,0.005,50.65,Table Fan,Inductive
218.9,0.22,0.82,40.1,0.005,48.16,Table Fan,Inductive
221.1,0.22,0.82,40.7,0.005,48.64,Table Fan,Inductive
220.8,0.23,0.81,40.5,0.005,50.78,Table Fan,Inductive
221,0.23,0.82,41,0.005,50.83,Table Fan,Inductive
218.4,0.22,0.82,40.4,0.005,48.05,Table Fan,Inductive
220.8,0.23,0.81,40.8,0.005,50.78,Table Fan,Inductive
219.6,0.22,0.81,39.8,0.005,48.31,Table Fan,Inductive
221.7,0.23,0.82,41,0.005,50.99,Table Fan,Inductive
221.2,0.23,0.82,41.1,0.005,50.88,Table Fan,Inductive
220.4,0.23,0.82,40.9,0.005,50.69,Table Fan,Inductive
222.1,0.23,0.82,41.1,0.005,51.08,Table Fan,Inductive
221.1,0.23,0.83,41.3,0.005,50.85,Table Fan,Inductive
221.5,0.23,0.82,41.4,0.005,50.95,Table Fan,Inductive
220.5,0.23,0.83,41.6,0.005,50.72,Table Fan,Inductive
219,0.23,0.82,40.6,0.005,50.37,Table Fan,Inductive
220.9,0.23,0.82,41.2,0.005,50.81,Table Fan,Inductive
219.9,0.23,0.82,40.7,0.005,50.58,Table Fan,Inductive
221.7,0.23,0.83,41.4,0.005,50.99,Table Fan,Inductive
221.3,0.23,0.82,41,0.005,50.9,Table Fan,Inductive
222,0.23,0.83,42.1,0.005,51.06,Table Fan,Inductive
219.7,0.23,0.83,41.1,0.005,50.53,Table Fan,Inductive
221.8,0.23,0.83,41.8,0.005,51.01,Table Fan,Inductive
221.1,0.23,0.83,41.9,0.005,50.85,Table Fan,Inductive
220.6,0.23,0.82,41.1,0.005,50.74,Table Fan,Inductive
219.1,0.23,0.82,41.1,0.005,50.39,Table Fan,Inductive
219.9,0.23,0.82,41,0.005,50.58,Table Fan,Inductive
220.8,0.23,0.81,40.5,0.005,50.78,Table Fan,Inductive
219.3,0.23,0.83,40.8,0.005,50.44,Table Fan,Inductive
220.1,0.23,0.82,40.7,0.005,50.62,Table Fan,Inductive
218.8,0.23,0.82,40.5,0.005,50.32,Table Fan,Inductive
219.5,0.23,0.82,40.6,0.005,50.49,Table Fan,Inductive
222,0.23,0.82,41.5,0.005,51.06,Table Fan,Inductive
220.3,0.23,0.83,41.3,0.005,50.67,Table Fan,Inductive
221.4,0.23,0.83,41.3,0.005,50.92,Table Fan,Inductive
221.2,0.23,0.82,41.4,0.005,50.88,Table Fan,Inductive
220.4,0.23,0.82,40.7,0.005,50.69,Table Fan,Inductive
220.5,0.23,0.82,40.7,0.005,50.72,Table Fan,Inductive
222.2,0.23,0.82,41,0.005,51.11,Table Fan,Inductive
218.6,0.22,0.82,40.1,0.005,48.09,Table Fan,Inductive
220.5,0.22,0.81,40.2,0.005,48.51,Table Fan,Inductive
222.2,0.22,0.82,40.9,0.005,48.88,Table Fan,Inductive
220.4,0.23,0.82,40.7,0.005,50.69,Table Fan,Inductive
219.4,0.23,0.81,40.1,0.005,50.46,Table Fan,Inductive
221.3,0.23,0.81,40.3,0.005,50.9,Table Fan,Inductive
221.1,0.23,0.82,40.9,0.005,50.85,Table Fan,Inductive
221.9,0.22,0.81,40.4,0.005,48.82,Table Fan,Inductive
218.9,0.22,0.82,40.2,0.005,48.16,Table Fan,Inductive
221.6,0.23,0.81,40.6,0.005,50.97,Table Fan,Inductive
221.6,0.22,0.82,40.7,0.005,48.75,Table Fan,Inductive
221.4,0.22,0.83,41,0.005,48.71,Table Fan,Inductive
221,0.22,0.82,40.8,0.005,48.62,Table Fan,Inductive
221.3,0.23,0.82,41,0.005,50.9,Table Fan,Inductive
219.4,0.22,0.81,39.9,0.005,48.27,Table Fan,Inductive
220.9,0.22,0.81,40.3,0.005,48.6,Table Fan,Inductive
222.5,0.22,0.82,40.9,0.005,48.95,Table Fan,Inductive
220.8,0.23,0.82,41,0.005,50.78,Table Fan,Inductive
218.6,0.23,0.82,40.5,0.005,50.28,Table Fan,Inductive
221.2,0.22,0.81,40.1,0.005,48.66,Table Fan,Inductive
219.8,0.22,0.81,39.7,0.005,48.36,Table Fan,Inductive
221.1,0.23,0.83,41.4,0.005,50.85,Table Fan,Inductive
222.7,0.23,0.83,41.9,0.005,51.22,Table Fan,Inductive
221.9,0.23,0.83,42.1,0.005,51.04,Table Fan,Inductive
221.3,0.23,0.83,41.4,0.005,50.9,Table Fan,Inductive
220.1,0.23,0.83,41.4,0.005,50.62,Table Fan,Inductive
222.2,0.23,0.82,41.3,0.005,51.11,Table Fan,Inductive
220.9,0.23,0.82,41.4,0.005,50.81,Table Fan,Inductive
219.1,0.23,0.82,40.4,0.005,50.39,Table Fan,Inductive
220.6,0.23,0.82,41.1,0.005,50.74,Table Fan,Inductive
221,0.23,0.83,41.3,0.005,50.83,Table Fan,Inductive
220.9,0.23,0.84,41.6,0.005,50.81,Table Fan,Inductive
219.4,0.23,0.81,40.4,0.005,50.46,Table Fan,Inductive
220.9,0.23,0.82,40.8,0.005,50.81,Table Fan,Inductive
220.6,0.23,0.82,41.1,0.005,50.74,Table Fan,Inductive
220.9,0.23,0.83,41.5,0.005,50.81,Table Fan,Inductive
221.1,0.23,0.84,42.2,0.005,50.85,Table Fan,Inductive
218.7,0.23,0.83,41,0.005,50.3,Table Fan,Inductive
220.9,0.23,0.82,40.9,0.005,50.81,Table Fan,Inductive
220.8,0.22,0.83,40.9,0.005,48.58,Table Fan,Inductive
218.6,0.22,0.82,40.2,0.005,48.09,Table Fan,Inductive
221.3,0.23,0.82,41.2,0.005,50.9,Table Fan,Inductive
220.8,0.23,0.83,41.4,0.005,50.78,Table Fan,Inductive
222.3,0.23,0.84,42,0.005,51.13,Table Fan,Inductive
221.8,0.23,0.83,41.7,0.005,51.01,Table Fan,Inductive
220.7,0.22,0.83,41.3,0.005,48.55,Table Fan,Inductive
218,0.23,0.81,39.8,0.005,50.14,Table Fan,Inductive
221.5,0.22,0.82,40.5,0.005,48.73,Table Fan,Inductive
219.7,0.23,0.83,41.1,0.005,50.53,Table Fan,Inductive
218.9,0.23,0.81,40.3,0.005,50.35,Table Fan,Inductive
220.7,0.23,0.82,41,0.005,50.76,Table Fan,Inductive
221,0.23,0.83,41.4,0.005,50.83,Table Fan,Inductive
219.6,0.23,0.82,40.5,0.005,50.51,Table Fan,Inductive
220.7,0.22,0.81,40.1,0.005,48.55,Table Fan,Inductive
222.2,0.23,0.83,41.5,0.005,51.11,Table Fan,Inductive
220.4,0.22,0.81,40.1,0.005,48.49,Table Fan,Inductive
219,0.23,0.83,41.2,0.005,50.37,Table Fan,Inductive
219.7,0.23,0.82,40.4,0.005,50.53,Table Fan,Inductive
221.2,0.22,0.83,41.2,0.005,48.66,Table Fan,Inductive
219.7,0.23,0.82,40.8,0.005,50.53,Table Fan,Inductive
220.2,0.23,0.82,40.5,0.005,50.65,Table Fan,Inductive
218.9,0.23,0.82,40.8,0.005,50.35,Table Fan,Inductive
221.4,0.22,0.81,40.4,0.005,48.71,Table Fan,Inductive
220.2,0.23,0.82,41.3,0.005,50.65,Table Fan,Inductive
221.4,0.22,0.82,40.6,0.005,48.71,Table Fan,Inductive
221.9,0.22,0.82,41.1,0.005,48.82,Table Fan,Inductive
220,0.22,0.81,40,0.005,48.4,Table Fan,Inductive
220.1,0.23,0.82,40.8,0.005,50.62,Table Fan,Inductive
221.8,0.22,0.83,41.1,0.005,48.8,Table Fan,Inductive
219.4,0.22,0.81,40,0.005,48.27,Table Fan,Inductive
221.5,0.22,0.81,40.1,0.005,48.73,Table Fan,Inductive
221.3,0.22,0.83,41.1,0.005,48.69,Table Fan,Inductive
219.4,0.23,0.81,39.8,0.005,50.46,Table Fan,Inductive
221.4,0.22,0.82,40.9,0.005,48.71,Table Fan,Inductive
220.5,0.22,0.81,39.8,0.005,48.51,Table Fan,Inductive
220.4,0.23,0.83,41,0.005,50.69,Table Fan,Inductive
221.6,0.22,0.82,40.6,0.005,48.75,Table Fan,Inductive
218.9,0.23,0.82,40.2,0.005,50.35,Table Fan,Inductive
218.4,0.22,0.81,39.3,0.005,48.05,Table Fan,Inductive
220.9,0.22,0.81,40.3,0.005,48.6,Table Fan,Inductive
220.3,0.22,0.82,40.5,0.005,48.47,Table Fan,Inductive
220.7,0.22,0.82,40.8,0.005,48.55,Table Fan,Inductive
220.1,0.23,0.81,40.1,0.005,50.62,Table Fan,Inductive
221.9,0.23,0.81,40.7,0.005,51.04,Table Fan,Inductive
221.3,0.23,0.82,41,0.005,50.9,Table Fan,Inductive
221.3,0.22,0.82,40.7,0.005,48.69,Table Fan,Inductive
220.8,0.23,0.83,41.1,0.005,50.78,Table Fan,Inductive
221.2,0.22,0.83,41.3,0.005,48.66,Table Fan,Inductive
222.1,0.23,0.82,41,0.005,51.08,Table Fan,Inductive
218,0.22,0.82,40,0.005,47.96,Table Fan,Inductive
220.9,0.23,0.81,40.5,0.005,50.81,Table Fan,Inductive
221.1,0.22,0.83,41,0.005,48.64,Table Fan,Inductive
221.9,0.23,0.82,41.3,0.005,51.04,Table Fan,Inductive
221,0.23,0.83,41.6,0.005,50.83,Table Fan,Inductive
221,0.23,0.83,41.6,0.005,50.83,Table Fan,Inductive
220.7,0.23,0.81,40.6,0.005,50.76,Table Fan,Inductive
222.1,0.23,0.84,41.9,0.005,51.08,Table Fan,Inductive
222.1,0.23,0.82,41.1,0.005,51.08,Table Fan,Inductive
222.6,0.23,0.83,41.6,0.006,51.2,Table Fan,Inductive
220.9,0.23,0.83,41.4,0.006,50.81,Table Fan,Inductive
219.3,0.22,0.81,39.9,0.006,48.25,Table Fan,Inductive
222.1,0.22,0.82,41.1,0.006,48.86,Table Fan,Inductive
222.5,0.22,0.82,40.8,0.006,48.95,Table Fan,Inductive
220.1,0.22,0.82,40.4,0.006,48.42,Table Fan,Inductive
221.9,0.23,0.82,41.5,0.006,51.04,Table Fan,Inductive
222.3,0.23,0.82,41.2,0.006,51.13,Table Fan,Inductive
219.8,0.23,0.82,40.7,0.006,50.55,Table Fan,Inductive
221.6,0.22,0.82,40.7,0.006,48.75,Table Fan,Inductive
222.7,0.22,0.83,41.2,0.006,48.99,Table Fan,Inductive
221.7,0.22,0.82,40.6,0.006,48.77,Table Fan,Inductive
221.5,0.23,0.82,40.9,0.006,50.95,Table Fan,Inductive
221.3,0.23,0.81,40.6,0.006,50.9,Table Fan,Inductive
222.3,0.23,0.83,41.6,0.006,51.13,Table Fan,Inductive
222,0.23,0.82,41.1,0.006,51.06,Table Fan,Inductive
221.7,0.23,0.83,41.6,0.006,50.99,Table Fan,Inductive
222.7,0.23,0.81,40.9,0.006,51.22,Table Fan,Inductive
219.8,0.23,0.82,40.4,0.006,50.55,Table Fan,Inductive
221,0.23,0.81,40.5,0.006,50.83,Table Fan,Inductive
218.6,0.23,0.82,40.4,0.006,50.28,Table Fan,Inductive
220.1,0.22,0.81,39.8,0.006,48.42,Table Fan,Inductive
220.5,0.26,0.72,41.1,0.006,57.33,Table Fan,Inductive
210.1,2.67,1,575.76,0,561.4,Iron box,Resistive
232.3,2.91,1,695.32,0,675.5,Iron box,Resistive
232.3,2.91,1,697.9,0,675.42,Iron box,Resistive
232.1,2.9,1,695.04,0,672.93,Iron box,Resistive
232.2,2.9,1,696.35,0,673.82,Iron box,Resistive
231.3,2.89,1,690.22,0,668.41,Iron box,Resistive
232.4,2.91,1,697.9,0,675.48,Iron box,Resistive
232.5,2.91,1,698.05,0,675.57,Iron box,Resistive
232.1,2.9,1,696.24,0.001,674.02,Iron box,Resistive
232.2,2.9,1,696.51,0.001,674.39,Iron box,Resistive
231.4,2.9,1,692.65,0.001,670.33,Iron box,Resistive
232.6,2.91,1,699.03,0.001,676.51,Iron box,Resistive
232.3,2.91,1,697.42,0.001,675.17,Iron box,Resistive
231.3,2.89,1,691.53,0.001,669.49,Iron box,Resistive
231.5,2.89,1,692.6,0.001,670.19,Iron box,Resistive
232.5,2.91,1,698.57,0.001,676.18,Iron box,Resistive
231.6,2.9,1,693.3,0.001,670.96,Iron box,Resistive
232.5,2.91,1,698.07,0.001,675.79,Iron box,Resistive
232.3,2.91,1,697.01,0.001,674.83,Iron box,Resistive
231.3,2.89,1,691.8,0.001,669.36,Iron box,Resistive
231.5,2.89,1,691.76,0.001,669.67,Iron box,Resistive
232.4,2.9,1,697.31,0.001,675.1,Iron box,Resistive
232.3,2.91,1,697.26,0.001,675.03,Iron box,Resistive
232.2,2.9,1,696.6,0.001,674.08,Iron box,Resistive
232.2,2.9,1,696.52,0.002,674.09,Iron box,Resistive
231.1,2.89,1,689.78,0.002,667.69,Iron box,Resistive
232.2,2.9,1,696.31,0.002,673.99,Iron box,Resistive
232.2,2.9,1,696.69,0.002,674.37,Iron box,Resistive
232.4,2.9,1,697.1,0.002,674.89,Iron box,Resistive
231.3,2.89,1,690.92,0.002,668.81,Iron box,Resistive
231.4,2.89,1,691.47,0.002,669.16,Iron box,Resistive
232.4,2.9,1,696.81,0.002,674.37,Iron box,Resistive
232.5,2.9,1,697.24,0.002,674.83,Iron box,Resistive
232.5,2.9,1,696.63,0.002,674.47,Iron box,Resistive
232.7,2.9,1,697.95,0.002,675.76,Iron box,Resistive
232.4,2.9,1,697.58,0.002,674.73,Iron box,Resistive
232.4,2.9,1,697.59,0.002,675.15,Iron box,Resistive
231.5,2.89,1,691.08,0.002,668.76,Iron box,Resistive
232.4,2.9,1,696.16,0.002,673.98,Iron box,Resistive
232.4,2.9,1,696.82,0.002,674.41,Iron box,Resistive
232.5,2.9,1,697.25,0.003,674.87,Iron box,Resistive
232.6,2.9,1,697.82,0.003,675.42,Iron box,Resistive
232.1,2.89,1,692.72,0.003,670.57,Iron box,Resistive
232.4,2.9,1,696.16,0.003,673.88,Iron box,Resistive
232.8,2.91,1,698.88,0.003,676.47,Iron box,Resistive
231.7,2.89,1,691.97,0.003,670.14,Iron box,Resistive
231.7,2.89,1,690.69,0.003,668.53,Iron box,Resistive
231.6,2.89,1,692.27,0.003,669.47,Iron box,Resistive
232.5,2.9,1,697.83,0.003,675.34,Iron box,Resistive
232.6,2.9,1,697.81,0.003,675.54,Iron box,Resistive
232.7,2.9,1,697.68,0.003,675.24,Iron box,Resistive
231.7,2.89,1,691.87,0.003,669.81,Iron box,Resistive
232.8,2.91,1,698.86,0.003,676.16,Iron box,Resistive
232.8,2.91,1,698.86,0.003,676.7,Iron box,Resistive
231.8,2.89,1,693.34,0.003,671.04,Iron box,Resistive
232,2.89,1,693.53,0.003,671.19,Iron box,Resistive
232.9,2.9,1,698.57,0.003,676.13,Iron box,Resistive
231.7,2.89,1,691.51,0.004,669.3,Iron box,Resistive
232.6,2.9,1,697.8,0.004,675.31,Iron box,Resistive
231.7,2.89,1,692.27,0.004,670.09,Iron box,Resistive
232.7,2.9,1,698.53,0.004,675.96,Iron box,Resistive
232.7,2.9,1,698.25,0.004,675.77,Iron box,Resistive
232.3,2.9,1,696.09,0.004,673.64,Iron box,Resistive
231.5,2.89,1,690.84,0.004,668.65,Iron box,Resistive
231.6,2.89,1,690.95,0.004,668.83,Iron box,Resistive
232.6,2.9,1,697.11,0.004,674.47,Iron box,Resistive
232.6,2.9,1,697.63,0.004,675.2,Iron box,Resistive
231.6,2.89,1,690.98,0.004,668.88,Iron box,Resistive
232.7,2.9,1,697.14,0.004,674.76,Iron box,Resistive
232.7,2.9,1,698.01,0.004,675.4,Iron box,Resistive
232.9,2.9,1,698.35,0.004,675.99,Iron box,Resistive
233.1,2.9,1,699.94,0.004,677.1,Iron box,Resistive
233,2.91,1,699.48,0.004,677.03,Iron box,Resistive
233.3,2.91,1,700.82,0.005,678.28,Iron box,Resistive
233.1,2.9,1,699.32,0.005,676.82,Iron box,Resistive
233.1,2.9,1,699.37,0.005,676.96,Iron box,Resistive
233.2,2.9,1,699.55,0.005,677.25,Iron box,Resistive
233,2.9,1,698.92,0.005,676.21,Iron box,Resistive
232,2.89,1,692.44,0.005,670.36,Iron box,Resistive
233,2.9,1,699.04,0.005,676.45,Iron box,Resistive
233,2.9,1,698.83,0.005,676.58,Iron box,Resistive
233.1,2.9,1,699.02,0.005,676.56,Iron box,Resistive
232.2,2.89,1,693.32,0.005,671.15,Iron box,Resistive
232,2.89,1,692.46,0.005,670.15,Iron box,Resistive
233,2.9,1,698.33,0.005,675.79,Iron box,Resistive
233,2.9,1,697.97,0.005,675.74,Iron box,Resistive
232.9,2.9,1,697.61,0.005,675.04,Iron box,Resistive
232.9,2.9,1,697.84,0.005,675.25,Iron box,Resistive
233,2.9,1,698.25,0.005,675.92,Iron box,Resistive
232.7,2.9,1,697.26,0.006,674.63,Iron box,Resistive
232.5,2.9,1,695.64,0.006,673.26,Iron box,Resistive
231.4,2.88,1,689.38,0.006,667.19,Iron box,Resistive
232.9,2.9,1,697.14,0.006,674.73,Iron box,Resistive
233.1,2.9,1,697.87,0.006,675.51,Iron box,Resistive
233,2.9,1,697.56,0.006,675.07,Iron box,Resistive
233,2.9,1,698.32,0.006,675.82,Iron box,Resistive
232,2.89,1,692.36,0.006,670.14,Iron box,Resistive
232.1,2.88,1,691.7,0.006,669.46,Iron box,Resistive
233.1,2.9,1,697.36,0.006,674.99,Iron box,Resistive
232,2.89,1,691.63,0.006,669.48,Iron box,Resistive
233.3,2.9,1,697.79,0.006,675.36,Iron box,Resistive
233.5,2.9,1,698.64,0.006,676.02,Iron box,Resistive
233.3,2.9,1,698.22,0.006,675.8,Iron box,Resistive
233.4,2.89,1,697.61,0.006,675.32,Iron box,Resistive
232.4,2.88,1,692.19,0.006,669.76,Iron box,Resistive
232.4,2.88,1,692.12,0.007,669.94,Iron box,Resistive
233.3,2.89,1,697.66,0.007,675.38,Iron box,Resistive
233.1,2.89,1,696.51,0.007,674.06,Iron box,Resistive
233.1,2.89,1,696.42,0.007,674.11,Iron box,Resistive
233,2.89,1,695.09,0.007,672.84,Iron box,Resistive
233.1,2.89,1,695.86,0.007,673.17,Iron box,Resistive
233.1,2.89,1,695.75,0.007,673.44,Iron box,Resistive
232.1,2.88,1,690.32,0.007,668,Iron box,Resistive
233.1,2.89,1,694.72,0.007,672.62,Iron box,Resistive
232,2.87,1,688.84,0.007,666.89,Iron box,Resistive
232.9,2.89,1,694.8,0.007,672.21,Iron box,Resistive
232.9,2.89,1,694.11,0.007,671.96,Iron box,Resistive
233.1,2.89,1,696.21,0.007,673.72,Iron box,Resistive
232.1,2.87,1,689.25,0.007,667.03,Iron box,Resistive
233,2.88,1,694.24,0.007,671.99,Iron box,Resistive
231.8,2.87,1,687.45,0.007,665.35,Iron box,Resistive
233,2.89,1,694.93,0.008,672.6,Iron box,Resistive
232.9,2.89,1,696.53,0.008,674.15,Iron box,Resistive
231.9,2.88,1,690.04,0.008,667.82,Iron box,Resistive
233,2.89,1,695.51,0.008,673.4,Iron box,Resistive
232,2.88,1,690.07,0.008,667.81,Iron box,Resistive
231.9,2.88,1,690.25,0.008,668.17,Iron box,Resistive
233,2.89,1,696.15,0.008,673.54,Iron box,Resistive
231.9,2.88,1,689.95,0.008,667.69,Iron box,Resistive
232.9,2.9,1,697.57,0.008,674.98,Iron box,Resistive
231.9,2.88,1,690.9,0.008,668.58,Iron box,Resistive
233,2.89,1,695.94,0.008,673.81,Iron box,Resistive
233,2.89,1,696.31,0.008,673.95,Iron box,Resistive
233.1,2.89,1,696.47,0.008,673.98,Iron box,Resistive
232.9,2.89,1,696.16,0.008,673.69,Iron box,Resistive
232.1,2.88,1,690.87,0.008,668.42,Iron box,Resistive
233.1,2.9,1,697.45,0.008,675.15,Iron box,Resistive
232.8,2.89,1,694.72,0.008,672.53,Iron box,Resistive
232.5,2.89,1,693.77,0.009,671.42,Iron box,Resistive
232.5,2.89,1,693.11,0.009,670.8,Iron box,Resistive
231.9,2.88,1,689.55,0.009,667.5,Iron box,Resistive
232.9,2.89,1,696.05,0.009,673.47,Iron box,Resistive
231.9,2.88,1,689.68,0.009,667.56,Iron box,Resistive
233.1,2.89,1,696.94,0.009,674.51,Iron box,Resistive
232.9,2.89,1,695.55,0.009,673.14,Iron box,Resistive
232,2.88,1,689.31,0.009,667.36,Iron box,Resistive
231.9,2.88,1,689.39,0.009,667.16,Iron box,Resistive
232.9,2.89,1,694.09,0.009,671.79,Iron box,Resistive
231.8,2.88,1,688.93,0.009,666.77,Iron box,Resistive
232.8,2.89,1,694.75,0.009,672.2,Iron box,Resistive
232.7,2.89,1,694.54,0.009,672.21,Iron box,Resistive
232,2.88,1,689.29,0.009,667.11,Iron box,Resistive
232,2.87,1,689.1,0.009,666.82,Iron box,Resistive
232.9,2.89,1,695.5,0.009,673.24,Iron box,Resistive
232,2.87,1,688.94,0.01,666.85,Iron box,Resistive
232.9,2.89,1,695.08,0.01,672.78,Iron box,Resistive
232.9,2.89,1,695.09,0.01,672.51,Iron box,Resistive
232,2.88,1,689.39,0.01,667.12,Iron box,Resistive
231.9,2.87,1,688.66,0.01,666.51,Iron box,Resistive
231.9,2.87,1,687.69,0.01,665.63,Iron box,Resistive
232,2.87,1,689.12,0.01,666.81,Iron box,Resistive
232.1,2.87,1,688.3,0.01,666.38,Iron box,Resistive
231.9,2.87,1,688.64,0.01,666.1,Iron box,Resistive
232,2.87,1,688.83,0.01,666.92,Iron box,Resistive
233,2.89,1,695,0.01,672.55,Iron box,Resistive
234.3,2.19,0.98,502.68,0.01,512.94,Iron box,Resistive
231.4,2.89,1,692.29,0.01,669.64,Iron box,Resistive
231.3,2.89,1,691.83,0.01,669.51,Iron box,Resistive
231.3,2.9,1,691.83,0.01,669.59,Iron box,Resistive
231.1,2.89,1,690.4,0.01,668.29,Iron box,Resistive
231.2,2.89,1,690.33,0.011,667.95,Iron box,Resistive
230.9,2.89,1,689.22,0.011,667.02,Iron box,Resistive
230.1,2.88,1,683.93,0.011,661.9,Iron box,Resistive
230.1,2.87,1,683.61,0.011,661.55,Iron box,Resistive
230,2.87,1,682.91,0.011,660.86,Iron box,Resistive
230.8,2.88,1,687.62,0.011,665.4,Iron box,Resistive
230.3,2.88,1,685.24,0.011,663.85,Iron box,Resistive
231.1,2.89,1,689.49,0.011,666.96,Iron box,Resistive
231.3,2.88,1,688.92,0.011,666.88,Iron box,Resistive
231.3,2.87,1,684.98,0.011,663.78,Iron box,Resistive
229,2.87,1,677.64,0.011,657.4,Iron box,Resistive
231.1,2.88,1,688.5,0.011,666.38,Iron box,Resistive
230.1,2.87,1,682.45,0.011,660.32,Iron box,Resistive
231.4,2.88,1,689.34,0.011,667.28,Iron box,Resistive
231.5,2.88,1,689.3,0.011,666.89,Iron box,Resistive
231.2,2.88,1,687.86,0.011,665.61,Iron box,Resistive
230.2,2.86,1,681.48,0.011,659.42,Iron box,Resistive
231.3,2.88,1,688.25,0.012,666.11,Iron box,Resistive
230.1,2.86,1,680.89,0.012,659.08,Iron box,Resistive
231.2,2.88,1,688.87,0.012,666.07,Iron box,Resistive
230.4,2.87,1,682.55,0.012,660.61,Iron box,Resistive
231.3,2.88,1,688.03,0.012,665.96,Iron box,Resistive
231.4,2.88,1,688.12,0.012,665.77,Iron box,Resistive
230.5,2.87,1,682.63,0.012,660.79,Iron box,Resistive
231.3,2.88,1,687.91,0.012,665.6,Iron box,Resistive
230,2.86,1,679.33,0.012,657.48,Iron box,Resistive
231.3,2.87,1,686.71,0.012,664.68,Iron box,Resistive
230.1,2.86,1,679.49,0.012,657.75,Iron box,Resistive
231.1,2.87,1,686.09,0.012,663.79,Iron box,Resistive
231.2,2.87,1,685.57,0.012,663.73,Iron box,Resistive
229.9,2.86,1,678.79,0.012,656.71,Iron box,Resistive
229.8,2.86,1,677.89,0.012,656.09,Iron box,Resistive
230.9,2.87,1,684.63,0.012,662.75,Iron box,Resistive
230,2.86,1,679.77,0.013,657.9,Iron box,Resistive
230,2.86,1,678.71,0.013,657.04,Iron box,Resistive
230,2.86,1,678.66,0.013,656.77,Iron box,Resistive
231.1,2.87,1,685.2,0.013,663.03,Iron box,Resistive
231.1,2.87,1,685.21,0.013,663.16,Iron box,Resistive
230.2,2.86,1,679.9,0.013,657.89,Iron box,Resistive
230.1,2.86,1,679.29,0.013,657.5,Iron box,Resistive
231,2.87,1,685.12,0.013,662.78,Iron box,Resistive
231.1,2.87,1,684.55,0.013,662.82,Iron box,Resistive
231.2,2.87,1,686.33,0.013,664.05,Iron box,Resistive
231.3,2.87,1,686.3,0.013,664.2,Iron box,Resistive
230.5,2.86,1,680.85,0.013,659.09,Iron box,Resistive
230.4,2.86,1,681.37,0.013,659.03,Iron box,Resistive
230.4,2.86,1,680.38,0.013,658.34,Iron box,Resistive
230.3,2.86,1,680.56,0.013,658.49,Iron box,Resistive
230.2,2.86,1,679.23,0.013,657.59,Iron box,Resistive
230.2,2.86,1,679.84,0.013,657.67,Iron box,Resistive
231.5,2.87,1,686.99,0.014,664.71,Iron box,Resistive
231.6,2.87,1,687.14,0.014,665.15,Iron box,Resistive
230.7,2.86,1,682.33,0.014,660.13,Iron box,Resistive
231.4,2.87,1,686.67,0.014,664.54,Iron box,Resistive
230.9,2.86,1,683.31,0.014,661.03,Iron box,Resistive
230,2.85,1,677.87,0.014,656.09,Iron box,Resistive
230.9,2.86,1,683.55,0.014,661.44,Iron box,Resistive
231,2.86,1,683.79,0.014,661.72,Iron box,Resistive
231.1,2.86,1,683.91,0.014,661.82,Iron box,Resistive
230.1,2.85,1,678.52,0.014,656.77,Iron box,Resistive
231.3,2.87,1,685.16,0.014,663.14,Iron box,Resistive
231.4,2.87,1,686.16,0.014,663.94,Iron box,Resistive
231.5,2.87,1,685.7,0.014,663.79,Iron box,Resistive
230.4,2.86,1,680.91,0.014,658.3,Iron box,Resistive
230.3,2.85,1,679,0.014,657.21,Iron box,Resistive
231.4,2.87,1,685.57,0.014,663.54,Iron box,Resistive
230.4,2.86,1,680.75,0.015,658.13,Iron box,Resistive
231.6,2.87,1,686.77,0.015,664.53,Iron box,Resistive
231.5,2.87,1,685.57,0.015,663.68,Iron box,Resistive
231.4,2.87,1,685.89,0.015,663.67,Iron box,Resistive
231.3,2.87,1,685.32,0.015,662.99,Iron box,Resistive
231.4,2.87,1,684.88,0.015,663.06,Iron box,Resistive
231.3,2.86,1,684.63,0.015,662.49,Iron box,Resistive
231.3,2.87,1,684.61,0.015,662.61,Iron box,Resistive
231.1,2.86,1,683.98,0.015,661.85,Iron box,Resistive
231.3,2.87,1,685.1,0.015,663,Iron box,Resistive
230.4,2.85,1,679.3,0.015,657.5,Iron box,Resistive
231.4,2.87,1,686.08,0.015,663.86,Iron box,Resistive
230.4,2.85,1,678.79,0.015,657.29,Iron box,Resistive
230.3,2.85,1,679.28,0.015,656.79,Iron box,Resistive
231.1,2.86,1,682.9,0.015,661.12,Iron box,Resistive
231.1,2.86,1,683.24,0.015,661.05,Iron box,Resistive
232.9,2.4,0.98,548.06,0.015,559.25,Iron box,Resistive
232,2.89,1,692.62,0.016,670.82,Iron box,Resistive
231.4,2.89,1,690.21,0.016,668.17,Iron box,Resistive
231.2,2.89,1,690.8,0.016,667.98,Iron box,Resistive
229.5,2.89,1,683.22,0.016,663,Iron box,Resistive
230.3,2.87,1,683.27,0.016,661.58,Iron box,Resistive
230.2,2.88,1,685.25,0.016,662.43,Iron box,Resistive
231.4,2.89,1,689.81,0.016,667.56,Iron box,Resistive
231.2,2.89,1,689.22,0.016,667.06,Iron box,Resistive
230.1,2.87,1,682.55,0.016,660.55,Iron box,Resistive
231.2,2.88,1,688.58,0.016,666.45,Iron box,Resistive
230.4,2.87,1,683.09,0.016,660.81,Iron box,Resistive
230.3,2.87,1,684,0.016,661.43,Iron box,Resistive
231.3,2.89,1,689.59,0.016,667.38,Iron box,Resistive
231.4,2.88,1,688.9,0.016,666.96,Iron box,Resistive
230.3,2.87,1,682.44,0.016,660.17,Iron box,Resistive
230.2,2.87,1,682.09,0.016,659.67,Iron box,Resistive
231.3,2.88,1,688.19,0.017,666.15,Iron box,Resistive
231.4,2.88,1,689.24,0.017,666.42,Iron box,Resistive
230.3,2.87,1,682.23,0.017,660.21,Iron box,Resistive
230.4,2.86,1,681.17,0.017,659.35,Iron box,Resistive
231,2.88,1,687.16,0.017,664.56,Iron box,Resistive
231.3,2.88,1,687.79,0.017,665.61,Iron box,Resistive
231.3,2.88,1,687.92,0.017,665.42,Iron box,Resistive
231.4,2.88,1,687.67,0.017,665.44,Iron box,Resistive
231.3,2.87,1,687.07,0.017,664.95,Iron box,Resistive
230.3,2.86,1,680.18,0.017,658.2,Iron box,Resistive
230.2,2.86,1,680.89,0.017,658.9,Iron box,Resistive
230.4,2.86,1,681.68,0.017,659.6,Iron box,Resistive
230.4,2.86,1,681.88,0.017,659.87,Iron box,Resistive
231.3,2.87,1,686.36,0.017,664.07,Iron box,Resistive
231.3,2.87,1,686.64,0.017,664.4,Iron box,Resistive
230.3,2.86,1,680.57,0.017,658.49,Iron box,Resistive
231.3,2.87,1,685.04,0.018,663.31,Iron box,Resistive
231.6,2.87,1,687.7,0.018,665.73,Iron box,Resistive
230.5,2.86,1,681.43,0.018,658.83,Iron box,Resistive
231.5,2.87,1,685.75,0.018,663.82,Iron box,Resistive
230.3,2.86,1,680.17,0.018,657.91,Iron box,Resistive
230.2,2.85,1,678.6,0.018,656.61,Iron box,Resistive
230,2.85,1,677.63,0.018,655.69,Iron box,Resistive
230.2,2.85,1,678.6,0.018,656.7,Iron box,Resistive
231.3,2.86,1,684.44,0.018,662.56,Iron box,Resistive
230.2,2.83,1,672.69,0.018,650.67,Iron box,Resistive
230.3,2.85,1,678.84,0.018,657.13,Iron box,Resistive
230.5,2.86,1,680.18,0.018,658.42,Iron box,Resistive
230.1,2.85,1,679.48,0.018,656.85,Iron box,Resistive
230.1,2.85,1,677.96,0.018,656.07,Iron box,Resistive
231,2.86,1,683.55,0.018,661.42,Iron box,Resistive
230.2,2.8,1,666.41,0.018,645.14,Iron box,Resistive
230.2,2.85,1,679.08,0.018,657.2,Iron box,Resistive
229.9,2.87,1,683.2,0.019,660.7,Iron box,Resistive
230.1,2.88,1,684,0.019,661.69,Iron box,Resistive
230,2.88,1,683.84,0.019,661.47,Iron box,Resistive
230.1,2.87,1,683.14,0.019,660.71,Iron box,Resistive
229.1,2.86,1,676.86,0.019,654.83,Iron box,Resistive
229.1,2.86,1,676.8,0.019,654.48,Iron box,Resistive
230,2.87,1,681.9,0.019,659.76,Iron box,Resistive
230,2.87,1,682.08,0.019,659.83,Iron box,Resistive
229.9,2.87,1,681.05,0.019,658.65,Iron box,Resistive
230,2.86,1,680.84,0.019,658.8,Iron box,Resistive
230.2,2.87,1,682.47,0.019,660.05,Iron box,Resistive
230.4,2.87,1,684.18,0.019,661.59,Iron box,Resistive
229.2,2.85,1,675.34,0.019,653.6,Iron box,Resistive
229.8,2.86,1,679.29,0.019,656.98,Iron box,Resistive
230,2.86,1,680,0.019,657.8,Iron box,Resistive
229.9,2.86,1,679.21,0.019,657.33,Iron box,Resistive
229.9,2.86,1,680.14,0.02,657.76,Iron box,Resistive
230,2.86,1,679.47,0.02,657.18,Iron box,Resistive
230,2.86,1,679.72,0.02,657.55,Iron box,Resistive
229.2,2.85,1,674.83,0.02,652.83,Iron box,Resistive
230.2,2.86,1,681.06,0.02,658.8,Iron box,Resistive
229.2,2.84,1,674,0.02,651.93,Iron box,Resistive
230.1,2.86,1,679.97,0.02,657.87,Iron box,Resistive
230.1,2.86,1,679.58,0.02,657.3,Iron box,Resistive
230.1,2.86,1,680.02,0.02,657.64,Iron box,Resistive
229.1,2.84,1,673.24,0.02,651.52,Iron box,Resistive
230.1,2.86,1,679.47,0.02,657.22,Iron box,Resistive
229.1,2.84,1,673.87,0.02,651.81,Iron box,Resistive
230.2,2.86,1,679.32,0.02,657.26,Iron box,Resistive
230,2.86,1,679.29,0.02,657.03,Iron box,Resistive
230,2.86,1,679.11,0.02,656.86,Iron box,Resistive
228.8,2.84,1,671.41,0.02,649.75,Iron box,Resistive
228.6,2.84,1,670.51,0.02,648.48,Iron box,Resistive
229.9,2.85,1,677.57,0.021,655.5,Iron box,Resistive
228.8,2.84,1,670.51,0.021,648.72,Iron box,Resistive
228.7,2.84,1,671.03,0.021,648.99,Iron box,Resistive
228.9,2.84,1,671.22,0.021,649.42,Iron box,Resistive
228.8,2.84,1,670.72,0.021,648.93,Iron box,Resistive
229.7,2.85,1,676.04,0.021,653.93,Iron box,Resistive
228.7,2.83,1,670.18,0.021,648.29,Iron box,Resistive
229.6,2.85,1,675.68,0.021,653.76,Iron box,Resistive
228.6,2.84,1,670.13,0.021,648.01,Iron box,Resistive
228.9,2.83,1,670.78,0.021,648.99,Iron box,Resistive
229.6,2.85,1,675.63,0.021,654.16,Iron box,Resistive
230.1,2.85,1,677.83,0.021,655.78,Iron box,Resistive
229.1,2.84,1,671.67,0.021,649.79,Iron box,Resistive
228.7,2.8,1,662.21,0.021,640.94,Iron box,Resistive
228.7,2.84,1,670.18,0.021,648.28,Iron box,Resistive
229.5,2.87,1,679.43,0.021,657.91,Iron box,Resistive
228.4,2.86,1,674.42,0.021,652.34,Iron box,Resistive
229.5,2.87,1,679.81,0.022,657.76,Iron box,Resistive
228.7,2.85,1,674.52,0.022,652.45,Iron box,Resistive
229.7,2.86,1,680.46,0.022,658.07,Iron box,Resistive
229.4,2.86,1,678.6,0.022,656.57,Iron box,Resistive
228.6,2.85,1,673.82,0.022,651.76,Iron box,Resistive
228.7,2.85,1,674.37,0.022,652.25,Iron box,Resistive
229.5,2.86,1,679.46,0.022,657.43,Iron box,Resistive
228.5,2.85,1,673,0.022,650.89,Iron box,Resistive
228.5,2.85,1,672.87,0.022,651.02,Iron box,Resistive
228.7,2.85,1,673,0.022,651.2,Iron box,Resistive
229.5,2.86,1,678.71,0.022,656.18,Iron box,Resistive
228.6,2.85,1,672.22,0.022,650.64,Iron box,Resistive
229.5,2.86,1,677.97,0.022,655.63,Iron box,Resistive
228.4,2.84,1,671.31,0.022,649.46,Iron box,Resistive
229.4,2.86,1,677.19,0.022,655.23,Iron box,Resistive
229.7,2.86,1,678.01,0.022,656.24,Iron box,Resistive
228.5,2.84,1,672.05,0.023,649.85,Iron box,Resistive
228.7,2.84,1,671.49,0.023,649.77,Iron box,Resistive
229.6,2.85,1,677.49,0.023,655.23,Iron box,Resistive
229.5,2.85,1,676.55,0.023,654.71,Iron box,Resistive
228.8,2.84,1,672.42,0.023,650.36,Iron box,Resistive
228.7,2.84,1,670.97,0.023,649.09,Iron box,Resistive
228.4,2.84,1,670.56,0.023,648.6,Iron box,Resistive
228.5,2.84,1,670.39,0.023,648.32,Iron box,Resistive
229.6,2.85,1,677.05,0.023,655.17,Iron box,Resistive
229.5,2.85,1,676.2,0.023,654.14,Iron box,Resistive
228.4,2.84,1,670.37,0.023,648.17,Iron box,Resistive
229.6,2.85,1,677.04,0.023,655.05,Iron box,Resistive
228.5,2.84,1,670.86,0.023,648.8,Iron box,Resistive
228.5,2.84,1,669.89,0.023,648.22,Iron box,Resistive
228.7,2.84,1,670.61,0.023,648.84,Iron box,Resistive
229.5,2.85,1,676.35,0.023,653.86,Iron box,Resistive
229.4,2.85,1,674.92,0.023,653.09,Iron box,Resistive
229.6,2.85,1,675.57,0.024,653.4,Iron box,Resistive
228.4,2.83,1,668.78,0.024,646.76,Iron box,Resistive
229.4,2.84,1,674.25,0.024,652.28,Iron box,Resistive
228.6,2.83,1,669.33,0.024,647.66,Iron box,Resistive
228.7,2.83,1,669.58,0.024,647.9,Iron box,Resistive
229.6,2.85,1,675.84,0.024,653.49,Iron box,Resistive
228.5,2.84,1,669.8,0.024,648.03,Iron box,Resistive
229.5,2.85,1,675.72,0.024,653.52,Iron box,Resistive
228.3,2.83,1,668.35,0.024,646.66,Iron box,Resistive
228.5,2.83,1,669.09,0.024,647.43,Iron box,Resistive
229.6,2.85,1,675.99,0.024,653.75,Iron box,Resistive
228.5,2.83,1,668.95,0.024,647.09,Iron box,Resistive
228.6,2.83,1,669.45,0.024,647.45,Iron box,Resistive
231.8,2.39,0.98,542.66,0.024,553.73,Iron box,Resistive
228.1,2.85,1,672.41,0.024,650.59,Iron box,Resistive
229.1,2.87,1,678.67,0.024,656.67,Iron box,Resistive
228.2,2.85,1,672.56,0.024,650.68,Iron box,Resistive
229.1,2.86,1,677.95,0.025,655.88,Iron box,Resistive
228.2,2.85,1,673.11,0.025,651.13,Iron box,Resistive
228,2.85,1,671.65,0.025,649.58,Iron box,Resistive
228.1,2.85,1,671.2,0.025,649.57,Iron box,Resistive
229.2,2.86,1,677.97,0.025,655.73,Iron box,Resistive
228.1,2.85,1,671.8,0.025,649.85,Iron box,Resistive
228.2,2.85,1,671.22,0.025,649.45,Iron box,Resistive
229.2,2.86,1,676.76,0.025,654.7,Iron box,Resistive
228.2,2.84,1,670.86,0.025,649.02,Iron box,Resistive
228.2,2.85,1,671.44,0.025,649.17,Iron box,Resistive
228.3,2.85,1,671.44,0.025,649.64,Iron box,Resistive
228.2,2.84,1,671.1,0.025,649.17,Iron box,Resistive
228.4,2.85,1,672.02,0.025,650.1,Iron box,Resistive
228.5,2.85,1,672.52,0.025,650.49,Iron box,Resistive
228.4,2.84,1,671.16,0.025,649.25,Iron box,Resistive
228.4,2.84,1,671.16,0.025,649.25,Iron box,Resistive
228.2,2.84,1,670.09,0.026,648.2,Iron box,Resistive
228.2,2.84,1,669.91,0.026,648.1,Iron box,Resistive
228.1,2.84,1,669.03,0.026,647.1,Iron box,Resistive
228.2,2.84,1,669.85,0.026,647.77,Iron box,Resistive
228.3,2.84,1,669.88,0.026,648.1,Iron box,Resistive
229.3,2.85,1,675.72,0.026,653.8,Iron box,Resistive
229.2,2.85,1,675.36,0.026,653.17,Iron box,Resistive
229.4,2.85,1,676.09,0.026,654.21,Iron box,Resistive
229.3,2.85,1,675.21,0.026,653.15,Iron box,Resistive
228.4,2.84,1,670.26,0.026,648.25,Iron box,Resistive
229.5,2.85,1,676.55,0.026,654.41,Iron box,Resistive
228.1,2.83,1,668.29,0.026,646.52,Iron box,Resistive
228.3,2.84,1,669.45,0.026,647.51,Iron box,Resistive
228.3,2.84,1,669.62,0.026,647.62,Iron box,Resistive
229.2,2.85,1,674.54,0.026,652.57,Iron box,Resistive
228.3,2.83,1,668.74,0.026,646.83,Iron box,Resistive
228.3,2.83,1,668.79,0.026,646.9,Iron box,Resistive
229.3,2.85,1,674.67,0.027,652.67,Iron box,Resistive
229.3,2.85,1,674.91,0.027,653.12,Iron box,Resistive
228.3,2.83,1,669.01,0.027,646.98,Iron box,Resistive
228.2,2.84,1,669.46,0.027,647.35,Iron box,Resistive
229.3,2.85,1,674.5,0.027,652.5,Iron box,Resistive
229.2,2.85,1,674.8,0.027,652.71,Iron box,Resistive
228.2,2.83,1,667.99,0.027,646.25,Iron box,Resistive
228.2,2.83,1,667.69,0.027,646.04,Iron box,Resistive
228.3,2.83,1,668.48,0.027,646.37,Iron box,Resistive
229.4,2.85,1,674.88,0.027,652.98,Iron box,Resistive
228.1,2.83,1,668.11,0.027,645.99,Iron box,Resistive
228.2,2.83,1,667.76,0.027,646.18,Iron box,Resistive
228.4,2.83,1,667.88,0.027,646.3,Iron box,Resistive
229.2,2.85,1,674.47,0.027,652.07,Iron box,Resistive
229.4,2.85,1,675.2,0.027,653.12,Iron box,Resistive
229.4,2.85,1,675.33,0.027,653.33,Iron box,Resistive
229.3,2.85,1,674.48,0.027,652.43,Iron box,Resistive
228.3,2.83,1,668.72,0.028,646.84,Iron box,Resistive
228.7,2.83,1,670.1,0.028,648.28,Iron box,Resistive
228.6,2.83,1,669.37,0.028,647.63,Iron box,Resistive
229.6,2.85,1,675.85,0.028,653.79,Iron box,Resistive
229.5,2.85,1,675.1,0.028,653.02,Iron box,Resistive
229.4,2.84,1,674.53,0.028,652.45,Iron box,Resistive
228.5,2.83,1,669,0.028,647.12,Iron box,Resistive
229.5,2.85,1,674.82,0.028,652.88,Iron box,Resistive
229.6,2.84,1,674.47,0.028,652.65,Iron box,Resistive
229.8,2.84,1,675.69,0.028,653.51,Iron box,Resistive
229.6,2.84,1,674.63,0.028,652.59,Iron box,Resistive
229.4,2.84,1,674.34,0.028,652.27,Iron box,Resistive
228.5,2.83,1,668.02,0.028,646.15,Iron box,Resistive
229.7,2.84,1,675.01,0.028,652.94,Iron box,Resistive
230.2,2.71,1,611.2,0.028,623.09,Iron box,Resistive
228.6,2.84,1,669.65,0.028,649.25,Iron box,Resistive
228.3,2.86,1,674.2,0.028,651.74,Iron box,Resistive
228.3,2.85,1,673.32,0.029,651.45,Iron box,Resistive
229.2,2.86,1,678.85,0.029,656.45,Iron box,Resistive
227.9,2.85,1,670.96,0.029,649.25,Iron box,Resistive
228.9,2.86,1,677.63,0.029,655.44,Iron box,Resistive
228.1,2.85,1,671.64,0.029,649.82,Iron box,Resistive
228,2.84,1,670.3,0.029,648.4,Iron box,Resistive
228,2.84,1,670.45,0.029,648.64,Iron box,Resistive
228.2,2.85,1,671.23,0.029,649.46,Iron box,Resistive
228.3,2.85,1,671.67,0.029,649.62,Iron box,Resistive
228.1,2.85,1,671.38,0.029,649.13,Iron box,Resistive
228,2.84,1,670.38,0.029,648.01,Iron box,Resistive
227.9,2.84,1,669.56,0.029,647.53,Iron box,Resistive
229.1,2.85,1,675.82,0.029,654.05,Iron box,Resistive
228.2,2.84,1,670.08,0.029,648.32,Iron box,Resistive
229.1,2.85,1,675.23,0.029,653.03,Iron box,Resistive
228.9,2.85,1,673.69,0.029,651.42,Iron box,Resistive
228,2.84,1,669.24,0.029,647.58,Iron box,Resistive
228.1,2.84,1,669.32,0.03,647.22,Iron box,Resistive
228,2.83,1,667.75,0.03,646.09,Iron box,Resistive
229,2.85,1,674.67,0.03,652.45,Iron box,Resistive
229.3,2.85,1,675.1,0.03,653.35,Iron box,Resistive
229.2,2.85,1,675.39,0.03,653.14,Iron box,Resistive
228.1,2.83,1,668.15,0.03,646.35,Iron box,Resistive
228.2,2.83,1,668.89,0.03,646.86,Iron box,Resistive
228.1,2.83,1,668.32,0.03,646.5,Iron box,Resistive
228.1,2.84,1,668.61,0.03,646.92,Iron box,Resistive
229.2,2.85,1,674.23,0.03,652.35,Iron box,Resistive
229.3,2.85,1,675.63,0.03,653.54,Iron box,Resistive
229.3,2.84,1,673.9,0.03,651.91,Iron box,Resistive
229.3,2.84,1,674.22,0.03,652.13,Iron box,Resistive
229.2,2.84,1,673.87,0.03,651.56,Iron box,Resistive
228.1,2.83,1,667.45,0.03,645.55,Iron box,Resistive
229.3,2.84,1,673.95,0.03,651.96,Iron box,Resistive
229.4,2.85,1,674.55,0.031,652.79,Iron box,Resistive
228.2,2.83,1,668.54,0.031,646.27,Iron box,Resistive
229.1,2.84,1,673.52,0.031,651.65,Iron box,Resistive
229.2,2.84,1,673.18,0.031,651.19,Iron box,Resistive
229,2.84,1,672.07,0.031,650.4,Iron box,Resistive
228,2.83,1,667.23,0.031,644.95,Iron box,Resistive
223.2,2.77,1,638.42,0.031,617.63,Iron box,Resistive
227,2.81,1,660.48,0.031,638.82,Iron box,Resistive
228.5,2.83,1,669.23,0.031,647.34,Iron box,Resistive
227.6,2.82,1,663.61,0.031,642.28,Iron box,Resistive
228.7,2.83,1,669.97,0.031,648.06,Iron box,Resistive
227.9,2.82,1,664.43,0.031,642.46,Iron box,Resistive
228.7,2.84,1,670.65,0.031,648.63,Iron box,Resistive
227.4,2.79,1,656.27,0.031,634.46,Iron box,Resistive
228.3,2.83,1,668.18,0.031,646.37,Iron box,Resistive
226,2.83,1,660.87,0.031,639.12,Iron box,Resistive
225.9,2.83,1,660.48,0.031,638.97,Iron box,Resistive
226,2.83,1,660.5,0.032,638.77,Iron box,Resistive
226.1,2.83,1,660.08,0.032,638.66,Iron box,Resistive
227.2,2.84,1,666.63,0.032,644.83,Iron box,Resistive
226.3,2.83,1,660.87,0.032,639.43,Iron box,Resistive
226,2.82,1,659.15,0.032,637.13,Iron box,Resistive
225.9,2.82,1,658.42,0.032,637.04,Iron box,Resistive
227.4,2.84,1,666.84,0.032,645.06,Iron box,Resistive
226.3,2.82,1,659.25,0.032,637.85,Iron box,Resistive
226.3,2.82,1,660.22,0.032,638.48,Iron box,Resistive
226.1,2.82,1,658.19,0.032,636.82,Iron box,Resistive
227.2,2.83,1,665.71,0.032,643.7,Iron box,Resistive
226.2,2.82,1,659.39,0.032,637.81,Iron box,Resistive
226,2.81,1,657.63,0.032,636.06,Iron box,Resistive
226.1,2.82,1,658.23,0.032,636.87,Iron box,Resistive
227.2,2.83,1,664.08,0.032,642.63,Iron box,Resistive
226.1,2.81,1,658.27,0.032,636.11,Iron box,Resistive
225.9,2.81,1,657.04,0.032,635.69,Iron box,Resistive
226.1,2.81,1,657.14,0.033,635.77,Iron box,Resistive
226,2.81,1,656.77,0.033,635.22,Iron box,Resistive
227,2.82,1,662.88,0.033,641.03,Iron box,Resistive
227,2.82,1,662.07,0.033,640.79,Iron box,Resistive
227,2.82,1,662.4,0.033,640.74,Iron box,Resistive
226.9,2.82,1,662.05,0.033,640.36,Iron box,Resistive
226.1,2.81,1,657.02,0.033,635.42,Iron box,Resistive
227.1,2.82,1,663.29,0.033,641.43,Iron box,Resistive
226,2.81,1,656.35,0.033,635,Iron box,Resistive
226.2,2.81,1,657.13,0.033,635.59,Iron box,Resistive
226.3,2.81,1,657.83,0.033,636.18,Iron box,Resistive
227.3,2.82,1,663.48,0.033,642.02,Iron box,Resistive
227.3,2.82,1,663.6,0.033,642.19,Iron box,Resistive
227.2,2.82,1,663.36,0.033,641.49,Iron box,Resistive
227.2,2.82,1,662.5,0.033,640.71,Iron box,Resistive
227.4,2.82,1,663.42,0.033,641.98,Iron box,Resistive
227.2,2.82,1,663.41,0.033,641.37,Iron box,Resistive
226.2,2.81,1,656.64,0.034,635.16,Iron box,Resistive
227.1,2.82,1,662.23,0.034,640.68,Iron box,Resistive
227.2,2.82,1,662.72,0.034,641.2,Iron box,Resistive
227.3,2.82,1,662.96,0.034,641.14,Iron box,Resistive
227.2,2.82,1,662.61,0.034,641.07,Iron box,Resistive
226.3,2.81,1,657.55,0.034,636.17,Iron box,Resistive
227.3,2.82,1,663.78,0.034,641.87,Iron box,Resistive
227.2,2.82,1,662.41,0.034,641.07,Iron box,Resistive
227.3,2.82,1,663.69,0.034,641.91,Iron box,Resistive
226.1,2.81,1,656.5,0.034,635.14,Iron box,Resistive
226.3,2.81,1,657.12,0.034,635.67,Iron box,Resistive
227.3,2.82,1,663.13,0.034,641.4,Iron box,Resistive
226.4,2.81,1,657.74,0.034,636.08,Iron box,Resistive
227.3,2.82,1,662.18,0.034,640.73,Iron box,Resistive
227.3,2.82,1,662.39,0.034,640.8,Iron box,Resistive
226.4,2.81,1,657.41,0.034,635.94,Iron box,Resistive
226.3,2.81,1,656.81,0.034,635.35,Iron box,Resistive
226.3,2.81,1,657.22,0.035,635.74,Iron box,Resistive
227.2,2.82,1,661.77,0.035,640.07,Iron box,Resistive
227.2,2.82,1,662.3,0.035,640.68,Iron box,Resistive
227.6,2.82,1,663.28,0.035,641.84,Iron box,Resistive
227.3,2.82,1,662.56,0.035,640.47,Iron box,Resistive
227.3,2.81,1,660.18,0.035,638.4,Iron box,Resistive
226.5,2.78,1,649.23,0.035,628.8,Iron box,Resistive
226.3,2.8,1,656.68,0.035,634.67,Iron box,Resistive
227.3,2.84,1,667.02,0.035,645.64,Iron box,Resistive
228.3,2.85,1,672.82,0.035,650.84,Iron box,Resistive
227.1,2.84,1,666.26,0.035,644.09,Iron box,Resistive
227.1,2.84,1,665.22,0.035,643.79,Iron box,Resistive
227.3,2.83,1,665.73,0.035,644.16,Iron box,Resistive
228.2,2.85,1,672.03,0.035,649.83,Iron box,Resistive
228,2.85,1,670.74,0.035,649.1,Iron box,Resistive
228,2.84,1,670.22,0.035,648.54,Iron box,Resistive
228,2.84,1,670.09,0.035,648.08,Iron box,Resistive
227.9,2.84,1,669.4,0.036,647.69,Iron box,Resistive
227.9,2.84,1,668.62,0.036,647.14,Iron box,Resistive
228,2.84,1,669.37,0.036,647.42,Iron box,Resistive
228.1,2.84,1,669.62,0.036,647.99,Iron box,Resistive
228.1,2.84,1,670.36,0.036,648.58,Iron box,Resistive
227.2,2.83,1,663.94,0.036,642.41,Iron box,Resistive
228.1,2.84,1,669.91,0.036,648.16,Iron box,Resistive
227.2,2.83,1,663.48,0.036,642.3,Iron box,Resistive
228.1,2.84,1,669.89,0.036,647.74,Iron box,Resistive
228.2,2.84,1,669.91,0.036,648.05,Iron box,Resistive
227.4,2.82,1,663.51,0.036,642.28,Iron box,Resistive
228.2,2.84,1,670.63,0.036,648.45,Iron box,Resistive
228.2,2.84,1,668.98,0.036,647.31,Iron box,Resistive
228.1,2.84,1,668.81,0.036,647.12,Iron box,Resistive
227.1,2.82,1,662.96,0.036,641.26,Iron box,Resistive
228.1,2.83,1,667.62,0.036,646.07,Iron box,Resistive
228.1,2.84,1,669.36,0.036,647.38,Iron box,Resistive
227.1,2.82,1,661.55,0.037,640.38,Iron box,Resistive
228,2.83,1,667.9,0.037,646.02,Iron box,Resistive
227,2.82,1,662.07,0.037,640.66,Iron box,Resistive
228.1,2.84,1,668.5,0.037,646.93,Iron box,Resistive
228.3,2.84,1,669.41,0.037,647.5,Iron box,Resistive
228.3,2.84,1,669.13,0.037,647.46,Iron box,Resistive
228.3,2.84,1,669.64,0.037,648.04,Iron box,Resistive
228.3,2.84,1,669.85,0.037,647.84,Iron box,Resistive
228.2,2.83,1,668.14,0.037,646.7,Iron box,Resistive
228.1,2.83,1,668.06,0.037,646.36,Iron box,Resistive
227.1,2.82,1,661.64,0.037,640.41,Iron box,Resistive
227.1,2.82,1,662.13,0.037,640.55,Iron box,Resistive
228,2.82,1,664.06,0.037,643.66,Iron box,Resistive
228.3,2.84,1,669.59,0.037,647.35,Iron box,Resistive
227.4,2.82,1,663.2,0.037,641.73,Iron box,Resistive
228.3,2.83,1,668.65,0.037,646.87,Iron box,Resistive
227.3,2.82,1,663.49,0.037,642,Iron box,Resistive
227.5,2.82,1,663.6,0.038,642.19,Iron box,Resistive
228.5,2.84,1,669.48,0.038,647.81,Iron box,Resistive
227.5,2.82,1,663.94,0.038,642.5,Iron box,Resistive
227.4,2.82,1,663.75,0.038,642.12,Iron box,Resistive
228.3,2.83,1,667.75,0.038,646.47,Iron box,Resistive
227.3,2.82,1,662.82,0.038,640.93,Iron box,Resistive
228.1,2.83,1,667.7,0.038,645.46,Iron box,Resistive
228.2,2.83,1,666.81,0.038,645.49,Iron box,Resistive
228.2,2.83,1,667.69,0.038,645.76,Iron box,Resistive
228.3,2.83,1,668.99,0.038,646.92,Iron box,Resistive
227.2,2.82,1,662.36,0.038,640.77,Iron box,Resistive
227.3,2.82,1,661.99,0.038,640.7,Iron box,Resistive
227.1,2.82,1,661.67,0.038,640.07,Iron box,Resistive
227.1,2.82,1,661.02,0.038,639.78,Iron box,Resistive
228.3,2.83,1,668,0.038,646.22,Iron box,Resistive
227.4,2.82,1,662.72,0.038,641.27,Iron box,Resistive
227.2,2.82,1,661.98,0.038,640.24,Iron box,Resistive
227.1,2.81,1,660.52,0.039,639.1,Iron box,Resistive
227.4,2.82,1,663,0.039,641.42,Iron box,Resistive
228.3,2.83,1,667.01,0.039,645.56,Iron box,Resistive
228.1,2.83,1,667.1,0.039,645.46,Iron box,Resistive
227.2,2.82,1,661.85,0.039,640.23,Iron box,Resistive
227.2,2.82,1,661.94,0.039,640.21,Iron box,Resistive
227.1,2.82,1,660.67,0.039,639.21,Iron box,Resistive
227.1,2.81,1,660.39,0.039,639.1,Iron box,Resistive
227.2,2.81,1,660.51,0.039,639.27,Iron box,Resistive
227.1,2.81,1,660.42,0.039,638.82,Iron box,Resistive
228.4,2.83,1,667.45,0.039,645.9,Iron box,Resistive
228.3,2.83,1,666.65,0.039,645.25,Iron box,Resistive
228.2,2.82,1,665.85,0.039,644.06,Iron box,Resistive
228.1,2.82,1,665.58,0.039,644.08,Iron box,Resistive
227,2.81,1,660.32,0.039,638.46,Iron box,Resistive
228.4,2.81,1,661.59,0.039,641.37,Iron box,Resistive
227.3,2.81,1,660.38,0.039,639.09,Iron box,Resistive
228.1,2.83,1,666.19,0.04,644.51,Iron box,Resistive
228,2.81,1,663.46,0.04,641.88,Iron box,Resistive
227.3,2.81,1,659.99,0.04,638.93,Iron box,Resistive
227.4,2.81,1,661.13,0.04,639.53,Iron box,Resistive
228.2,2.82,1,665.85,0.04,644.07,Iron box,Resistive
227.1,2.81,1,659.33,0.04,638.16,Iron box,Resistive
228.3,2.82,1,666.27,0.04,644.52,Iron box,Resistive
228.4,2.82,1,665.81,0.04,644.37,Iron box,Resistive
227.2,2.81,1,660.27,0.04,638.9,Iron box,Resistive
227.3,2.83,1,665.06,0.04,643.25,Iron box,Resistive
228.4,2.84,1,670.68,0.04,649.05,Iron box,Resistive
227.6,2.83,1,665.47,0.04,643.69,Iron box,Resistive
228.6,2.84,1,671.75,0.04,649.77,Iron box,Resistive
227.4,2.83,1,665.03,0.04,643.05,Iron box,Resistive
227.6,2.83,1,665.36,0.04,644.09,Iron box,Resistive
228.5,2.84,1,670.65,0.04,648.81,Iron box,Resistive
228.5,2.84,1,670.25,0.04,648.2,Iron box,Resistive
228.6,2.84,1,671.44,0.041,649.43,Iron box,Resistive
227.6,2.83,1,665,0.041,643.15,Iron box,Resistive
228.5,2.83,1,668.9,0.041,647.48,Iron box,Resistive
228.5,2.84,1,670.06,0.041,648.14,Iron box,Resistive
227.5,2.82,1,663.92,0.041,641.97,Iron box,Resistive
228.7,2.83,1,669.31,0.041,647.77,Iron box,Resistive
227.6,2.82,1,664.02,0.041,642.2,Iron box,Resistive
228.6,2.83,1,669.42,0.041,647.83,Iron box,Resistive
228.6,2.83,1,669.26,0.041,647.49,Iron box,Resistive
228.6,2.83,1,669.5,0.041,647.4,Iron box,Resistive
228.6,2.83,1,668.79,0.041,646.82,Iron box,Resistive
227.5,2.82,1,662.8,0.041,641.05,Iron box,Resistive
228.5,2.83,1,669.44,0.041,647.38,Iron box,Resistive
227.5,2.82,1,661.75,0.041,640.58,Iron box,Resistive
228.5,2.83,1,668.49,0.041,646.65,Iron box,Resistive
228.5,2.83,1,668.1,0.041,646.21,Iron box,Resistive
228.4,2.83,1,667.67,0.041,645.53,Iron box,Resistive
227.5,2.82,1,663.17,0.042,641.45,Iron box,Resistive
228.6,2.83,1,668.13,0.042,646.13,Iron box,Resistive
228.6,2.83,1,668.08,0.042,646.22,Iron box,Resistive
228.5,2.83,1,667.49,0.042,645.64,Iron box,Resistive
227.4,2.81,1,661.65,0.042,639.71,Iron box,Resistive
228.2,2.82,1,666.46,0.042,644.63,Iron box,Resistive
228.3,2.83,1,666.52,0.042,645.24,Iron box,Resistive
226.3,2.8,1,654.72,0.042,633.23,Iron box,Resistive
227.8,2.82,1,663.78,0.042,642.13,Iron box,Resistive
226.9,2.81,1,658.71,0.042,636.88,Iron box,Resistive
227.9,2.82,1,664.1,0.042,642.36,Iron box,Resistive
227.1,2.81,1,659.27,0.042,637.84,Iron box,Resistive
227.7,2.82,1,663.44,0.042,641.77,Iron box,Resistive
227,2.81,1,658.72,0.042,637.32,Iron box,Resistive
228.4,2.82,1,667.22,0.042,645.17,Iron box,Resistive
227.3,2.81,1,660.41,0.042,638.75,Iron box,Resistive
228.2,2.82,1,665.5,0.042,643.43,Iron box,Resistive
228.3,2.82,1,665.4,0.043,644.24,Iron box,Resistive
228.3,2.82,1,667,0.043,644.8,Iron box,Resistive
228.5,2.82,1,666.68,0.043,644.76,Iron box,Resistive
228.4,2.82,1,667.12,0.043,645.35,Iron box,Resistive
228.5,2.82,1,667.15,0.043,645.26,Iron box,Resistive
227.4,2.81,1,660.54,0.043,639.04,Iron box,Resistive
228.4,2.82,1,666.72,0.043,644.71,Iron box,Resistive
227.2,2.81,1,660.16,0.043,638.7,Iron box,Resistive
228.2,2.82,1,665.46,0.043,643.67,Iron box,Resistive
228.4,2.82,1,666.97,0.043,644.94,Iron box,Resistive
228.4,2.82,1,666.45,0.043,644.88,Iron box,Resistive
227.3,2.81,1,659.72,0.043,638.24,Iron box,Resistive
227.1,2.8,1,658.67,0.043,637.01,Iron box,Resistive
228.2,2.82,1,664.96,0.043,643.41,Iron box,Resistive
226.5,2.8,1,655.33,0.043,633.62,Iron box,Resistive
227.6,2.81,1,660.5,0.043,638.99,Iron box,Resistive
226.7,2.8,1,656.04,0.043,634.35,Iron box,Resistive
226.7,2.8,1,655.24,0.044,634.32,Iron box,Resistive
227.6,2.81,1,661.21,0.044,639.51,Iron box,Resistive
227.6,2.81,1,661.02,0.044,639.22,Iron box,Resistive
226.6,2.79,1,654.69,0.044,633.06,Iron box,Resistive
227.5,2.81,1,660.16,0.044,638.35,Iron box,Resistive
226.6,2.8,1,655.69,0.044,634.44,Iron box,Resistive
227.7,2.81,1,661.27,0.044,639.85,Iron box,Resistive
227.7,2.74,1,645.53,0.044,624.61,Iron box,Resistive
227.6,2.81,1,661.49,0.044,639.81,Iron box,Resistive
230.4,2.52,0.98,569.96,0.044,581.59,Iron box,Resistive
229.6,2.86,1,678.98,0.044,656.94,Iron box,Resistive
229.8,2.85,1,677.49,0.044,655.55,Iron box,Resistive
228.9,2.85,1,672.84,0.044,651.47,Iron box,Resistive
229.7,2.86,1,679.21,0.044,656.74,Iron box,Resistive
229.7,2.86,1,677.78,0.044,655.75,Iron box,Resistive
229.6,2.85,1,677.31,0.044,655.22,Iron box,Resistive
229.6,2.85,1,677.03,0.044,655.28,Iron box,Resistive
228.6,2.84,1,671.65,0.045,649.77,Iron box,Resistive
228.8,2.84,1,672.3,0.045,650.69,Iron box,Resistive
229,2.84,1,673.21,0.045,651.54,Iron box,Resistive
230,2.86,1,679.47,0.045,657.14,Iron box,Resistive
228.8,2.84,1,672.24,0.045,650.54,Iron box,Resistive
228.6,2.84,1,671.01,0.045,649.28,Iron box,Resistive
229.8,2.85,1,676.89,0.045,654.98,Iron box,Resistive
228.8,2.84,1,671.16,0.045,649.36,Iron box,Resistive
228.9,2.84,1,672.16,0.045,650.16,Iron box,Resistive
229.6,2.85,1,675.65,0.045,653.96,Iron box,Resistive
229.7,2.85,1,676.21,0.045,654.22,Iron box,Resistive
228.8,2.83,1,669.93,0.045,648.54,Iron box,Resistive
229.6,2.85,1,675.91,0.045,653.9,Iron box,Resistive
228.7,2.83,1,669.75,0.045,647.82,Iron box,Resistive
228.6,2.83,1,669.1,0.045,647.58,Iron box,Resistive
228.6,2.83,1,668.81,0.045,647.43,Iron box,Resistive
229.7,2.84,1,674.86,0.045,652.85,Iron box,Resistive
228.7,2.83,1,669.66,0.046,647.93,Iron box,Resistive
229.7,2.85,1,675.45,0.046,653.63,Iron box,Resistive
229.7,2.85,1,675.73,0.046,653.82,Iron box,Resistive
229.7,2.84,1,675.47,0.046,653.37,Iron box,Resistive
228.7,2.83,1,668.78,0.046,647.27,Iron box,Resistive
228.8,2.83,1,669.31,0.046,647.54,Iron box,Resistive
228.9,2.83,1,670.09,0.046,648.33,Iron box,Resistive
229,2.83,1,670.86,0.046,649.15,Iron box,Resistive
230.1,2.85,1,677.24,0.046,655.44,Iron box,Resistive
228.9,2.83,1,670.78,0.046,648.92,Iron box,Resistive
230,2.84,1,675.98,0.046,654.01,Iron box,Resistive
228.8,2.83,1,670,0.046,647.99,Iron box,Resistive
229.9,2.84,1,675.6,0.046,654.11,Iron box,Resistive
229.9,2.84,1,675.95,0.046,653.75,Iron box,Resistive
228.7,2.83,1,668.91,0.046,647.43,Iron box,Resistive
230.1,2.85,1,676.76,0.046,654.94,Iron box,Resistive
230.1,2.85,1,676.82,0.047,654.95,Iron box,Resistive
229.9,2.85,1,676.37,0.047,654.43,Iron box,Resistive
228.6,2.83,1,668.53,0.047,646.87,Iron box,Resistive
228.8,2.83,1,669.9,0.047,648.12,Iron box,Resistive
228.9,2.83,1,669.7,0.047,648.02,Iron box,Resistive
230,2.84,1,676,0.047,654.18,Iron box,Resistive
230.1,2.85,1,676.84,0.047,654.76,Iron box,Resistive
231.1,2.85,1,678.96,0.047,657.68,Iron box,Resistive
230.1,2.85,1,676.86,0.047,654.78,Iron box,Resistive
230.1,2.84,1,676.03,0.047,654.13,Iron box,Resistive
230,2.84,1,676.06,0.047,654.31,Iron box,Resistive
230.4,2.85,1,677.9,0.047,655.93,Iron box,Resistive
230.3,2.84,1,677.07,0.047,654.88,Iron box,Resistive
230.2,2.84,1,676.75,0.047,654.94,Iron box,Resistive
229.1,2.83,1,670.5,0.047,648.92,Iron box,Resistive
230.2,2.84,1,676.26,0.047,654.27,Iron box,Resistive
230.1,2.84,1,675.47,0.047,653.66,Iron box,Resistive
229,2.83,1,669.72,0.048,647.84,Iron box,Resistive
230.1,2.84,1,674.89,0.048,653.27,Iron box,Resistive
229.1,2.83,1,669.9,0.048,648.2,Iron box,Resistive
230,2.84,1,675.25,0.048,653.35,Iron box,Resistive
230.1,2.84,1,675.57,0.048,653.93,Iron box,Resistive
229.2,2.81,1,665.28,0.048,643.84,Iron box,Resistive
230.1,2.84,1,675.73,0.048,653.81,Iron box,Resistive
229.1,2.83,1,670.21,0.048,648.58,Iron box,Resistive
228.9,2.83,1,668.84,0.048,647.2,Iron box,Resistive
230,2.84,1,674.61,0.048,652.8,Iron box,Resistive
229.9,2.77,1,657.49,0.048,636.5,Iron box,Resistive
230.2,2.84,1,676.08,0.048,654.42,Iron box,Resistive
230,2.84,1,675.33,0.048,653.21,Iron box,Resistive
230.1,2.84,1,674.61,0.048,653.48,Iron box,Resistive
230.1,2.84,1,675.75,0.048,653.65,Iron box,Resistive
230,2.84,1,674.95,0.048,652.88,Iron box,Resistive
230,2.79,1,662.58,0.048,641.39,Iron box,Resistive
230,2.84,1,674.92,0.049,653.06,Iron box,Resistive
230,2.69,1,603.58,0.049,618.59,Iron box,Resistive
230.1,2.87,1,682.14,0.049,659.66,Iron box,Resistive
229,2.85,1,674.37,0.049,652.56,Iron box,Resistive
229.9,2.86,1,679.95,0.049,657.97,Iron box,Resistive
229.1,2.85,1,674.04,0.049,652.39,Iron box,Resistive
229,2.85,1,674.64,0.049,652.56,Iron box,Resistive
228.8,2.84,1,672.2,0.049,650.7,Iron box,Resistive
229,2.84,1,673.23,0.049,651.46,Iron box,Resistive
229,2.85,1,674.21,0.049,652.12,Iron box,Resistive
230.1,2.86,1,679.92,0.049,658.01,Iron box,Resistive
229.1,2.85,1,673.76,0.049,651.91,Iron box,Resistive
229.1,2.85,1,673.7,0.049,651.96,Iron box,Resistive
229.1,2.85,1,674.12,0.049,652.1,Iron box,Resistive
230.2,2.86,1,679.43,0.049,657.63,Iron box,Resistive
230.1,2.86,1,679.71,0.049,657.76,Iron box,Resistive
230.1,2.85,1,678.87,0.049,656.69,Iron box,Resistive
229.1,2.84,1,673.23,0.05,651.41,Iron box,Resistive
230,2.85,1,678.33,0.05,656.59,Iron box,Resistive
230,2.85,1,677.92,0.05,655.84,Iron box,Resistive
230.2,2.85,1,678.45,0.05,656.59,Iron box,Resistive
230,2.85,1,678.58,0.05,656.65,Iron box,Resistive
230.1,2.85,1,677.9,0.05,655.93,Iron box,Resistive
230.1,2.85,1,676.9,0.05,655.24,Iron box,Resistive
228.8,2.83,1,670.49,0.05,648.54,Iron box,Resistive
229.9,2.85,1,676.17,0.05,654.13,Iron box,Resistive
230,2.85,1,676.99,0.05,655.09,Iron box,Resistive
230.1,2.85,1,677.78,0.05,655.78,Iron box,Resistive
228.8,2.83,1,669.96,0.05,648.07,Iron box,Resistive
229,2.83,1,670.78,0.05,649.26,Iron box,Resistive
228.9,2.83,1,670.11,0.05,648.32,Iron box,Resistive
229,2.83,1,670.29,0.05,648.77,Iron box,Resistive
228.9,2.83,1,670.37,0.05,648.54,Iron box,Resistive
230,2.84,1,676.38,0.051,654.35,Iron box,Resistive
230,2.85,1,676.49,0.051,654.64,Iron box,Resistive
230,2.84,1,675.96,0.051,654.22,Iron box,Resistive
228.9,2.83,1,669.86,0.051,648.19,Iron box,Resistive
229.9,2.84,1,675.92,0.051,654.1,Iron box,Resistive
229.9,2.84,1,675.71,0.051,653.6,Iron box,Resistive
230.1,2.84,1,675.76,0.051,654.02,Iron box,Resistive
228.9,2.83,1,669.67,0.051,648.05,Iron box,Resistive
228.8,2.83,1,668.63,0.051,647.2,Iron box,Resistive
228.9,2.83,1,670.01,0.051,648.1,Iron box,Resistive
229,2.83,1,670.21,0.051,648.33,Iron box,Resistive
228.9,2.83,1,668.9,0.051,647.51,Iron box,Resistive
228.3,2.82,1,666.09,0.051,644.54,Iron box,Resistive
228.5,2.82,1,666.25,0.051,644.77,Iron box,Resistive
229.4,2.84,1,672.2,0.051,650.49,Iron box,Resistive
229.6,2.84,1,673.32,0.051,651.54,Iron box,Resistive
228.7,2.83,1,667.81,0.051,646.31,Iron box,Resistive
228.6,2.82,1,667.25,0.052,645.47,Iron box,Resistive
229.8,2.84,1,674.58,0.052,652.75,Iron box,Resistive
229.8,2.84,1,675.06,0.052,653.23,Iron box,Resistive
228.3,2.84,1,670.86,0.056,649.39,Iron box,Resistive
228.2,2.85,1,671.44,0.056,649.54,Iron box,Resistive
228.2,2.84,1,669.55,0.056,647.79,Iron box,Resistive
227.3,2.83,1,664.33,0.056,642.88,Iron box,Resistive
227.3,2.83,1,664.26,0.056,642.95,Iron box,Resistive
228.3,2.84,1,669.77,0.056,648.01,Iron box,Resistive
228.4,2.84,1,670.57,0.056,649.21,Iron box,Resistive
228.3,2.84,1,669.75,0.056,648.23,Iron box,Resistive
228.3,2.84,1,669.54,0.056,647.9,Iron box,Resistive
228.4,2.83,1,669.11,0.056,647.28,Iron box,Resistive
226.9,2.83,1,661.95,0.056,641.48,Iron box,Resistive
228.3,2.84,1,668.81,0.057,647.37,Iron box,Resistive
228.3,2.84,1,669.03,0.057,647.43,Iron box,Resistive
228.5,2.84,1,669.49,0.057,647.99,Iron box,Resistive
227.3,2.82,1,663.27,0.057,641.77,Iron box,Resistive
228.2,2.83,1,668.11,0.057,646.61,Iron box,Resistive
227.4,2.82,1,662.99,0.057,641.43,Iron box,Resistive
227.4,2.82,1,662.61,0.057,641.41,Iron box,Resistive
227.4,2.82,1,662.18,0.057,640.79,Iron box,Resistive
227.3,2.82,1,661.52,0.057,640.1,Iron box,Resistive
228.4,2.83,1,667.84,0.057,646.29,Iron box,Resistive
227.1,2.81,1,660.28,0.057,639.04,Iron box,Resistive
228.1,2.83,1,666.66,0.057,644.99,Iron box,Resistive
226.9,2.81,1,659.58,0.057,638.28,Iron box,Resistive
226.8,2.81,1,658.75,0.057,637.61,Iron box,Resistive
226.9,2.81,1,659.14,0.057,637.78,Iron box,Resistive
227,2.81,1,659.67,0.057,638.47,Iron box,Resistive
227,2.81,1,659.56,0.057,638.31,Iron box,Resistive
228,2.82,1,665.25,0.058,643.76,Iron box,Resistive
227.9,2.82,1,665.32,0.058,643.87,Iron box,Resistive
226.9,2.81,1,658.28,0.058,637.1,Iron box,Resistive
228.1,2.82,1,665.35,0.058,643.96,Iron box,Resistive
227,2.81,1,659.41,0.058,638.14,Iron box,Resistive
228,2.82,1,665.18,0.058,643.68,Iron box,Resistive
228.1,2.82,1,665.87,0.058,644.35,Iron box,Resistive
228,2.83,1,665.67,0.058,644.18,Iron box,Resistive
227.9,2.82,1,664.32,0.058,642.74,Iron box,Resistive
227.9,2.82,1,664.75,0.058,643.17,Iron box,Resistive
226.9,2.81,1,658.72,0.058,637.55,Iron box,Resistive
227,2.81,1,658.57,0.058,637.34,Iron box,Resistive
227.1,2.81,1,659.39,0.058,637.93,Iron box,Resistive
228.2,2.82,1,666.1,0.058,644.57,Iron box,Resistive
227.1,2.81,1,659.49,0.058,638.28,Iron box,Resistive
226.9,2.81,1,658.8,0.058,637.43,Iron box,Resistive
226.9,2.81,1,658.85,0.058,637.61,Iron box,Resistive
227.2,2.81,1,659.68,0.059,638.37,Iron box,Resistive
227.2,2.81,1,659.39,0.059,637.87,Iron box,Resistive
228.2,2.82,1,665.53,0.059,643.99,Iron box,Resistive
228.1,2.82,1,664.73,0.059,643.2,Iron box,Resistive
228.1,2.82,1,664.59,0.059,643.21,Iron box,Resistive
228.1,2.82,1,664.62,0.059,643.02,Iron box,Resistive
228,2.82,1,664.04,0.059,642.56,Iron box,Resistive
228,2.82,1,663.78,0.059,642.26,Iron box,Resistive
228,2.82,1,664.08,0.059,642.79,Iron box,Resistive
227.9,2.82,1,663.73,0.059,642.08,Iron box,Resistive
228.1,2.82,1,664.52,0.059,643.04,Iron box,Resistive
228,2.81,1,662.99,0.059,641.73,Iron box,Resistive
227,2.8,1,656.83,0.059,635.64,Iron box,Resistive
226.9,2.8,1,655.8,0.059,634.66,Iron box,Resistive
227.2,2.81,1,659.07,0.059,637.91,Iron box,Resistive
227.3,2.84,1,666.2,0.059,644.67,Iron box,Resistive
228,2.84,1,669.32,0.059,647.9,Iron box,Resistive
227.9,2.84,1,668.8,0.06,647.54,Iron box,Resistive
227.9,2.84,1,668.91,0.06,647.37,Iron box,Resistive
228.1,2.84,1,669.96,0.06,647.91,Iron box,Resistive
227,2.83,1,663.1,0.06,641.75,Iron box,Resistive
227.6,2.83,1,666.44,0.06,644.86,Iron box,Resistive
226.6,2.82,1,660.79,0.06,639.51,Iron box,Resistive
227.6,2.83,1,666.29,0.06,644.78,Iron box,Resistive
228,2.84,1,668.18,0.06,646.73,Iron box,Resistive
227.7,2.83,1,667.39,0.06,645.48,Iron box,Resistive
226.6,2.81,1,658.74,0.06,637.76,Iron box,Resistive
227.8,2.83,1,665.82,0.06,644.22,Iron box,Resistive
227.4,2.82,1,661.83,0.06,640.83,Iron box,Resistive
228.1,2.83,1,667.95,0.06,646.39,Iron box,Resistive
227.1,2.82,1,661.45,0.06,640.27,Iron box,Resistive
226.6,2.81,1,658.01,0.06,636.82,Iron box,Resistive
227.6,2.83,1,665.19,0.06,643.64,Iron box,Resistive
227.8,2.83,1,665.93,0.06,644.46,Iron box,Resistive
228.1,2.83,1,666.99,0.061,645.39,Iron box,Resistive
228,2.83,1,666.71,0.061,645.14,Iron box,Resistive
227.5,2.82,1,663.55,0.061,642.08,Iron box,Resistive
226.7,2.81,1,658.89,0.061,637.45,Iron box,Resistive
226.7,2.81,1,658.13,0.061,637.19,Iron box,Resistive
228.2,2.83,1,667.86,0.061,646.07,Iron box,Resistive
227.1,2.81,1,660.58,0.061,639.23,Iron box,Resistive
226.4,2.81,1,656.49,0.061,635.23,Iron box,Resistive
226.6,2.81,1,657.59,0.061,636.39,Iron box,Resistive
227.6,2.82,1,663.13,0.061,641.62,Iron box,Resistive
227.9,2.82,1,664.77,0.061,643.69,Iron box,Resistive
228,2.82,1,665.6,0.061,643.94,Iron box,Resistive
226.6,2.81,1,657.18,0.061,636.01,Iron box,Resistive
227.6,2.82,1,662.08,0.061,640.79,Iron box,Resistive
227.5,2.82,1,663.17,0.061,641.45,Iron box,Resistive
228,2.82,1,664.44,0.061,643.34,Iron box,Resistive
227.2,2.81,1,660.1,0.061,638.63,Iron box,Resistive
227.7,2.82,1,663.59,0.062,642.16,Iron box,Resistive
227.6,2.82,1,662.81,0.062,641.46,Iron box,Resistive
226.5,2.8,1,656.14,0.062,634.98,Iron box,Resistive
228,2.82,1,664.37,0.062,643.08,Iron box,Resistive
226,2.8,1,653.18,0.062,632.25,Iron box,Resistive
226.2,2.8,1,654.86,0.062,633.49,Iron box,Resistive
226.6,2.8,1,656.58,0.062,635.27,Iron box,Resistive
226.6,2.8,1,656.38,0.062,635.24,Iron box,Resistive
227.6,2.82,1,663.21,0.062,641.81,Iron box,Resistive
227.8,2.82,1,663.45,0.062,641.93,Iron box,Resistive
227.4,2.81,1,661.05,0.062,639.57,Iron box,Resistive
226.5,2.81,1,656.29,0.062,635.47,Iron box,Resistive
227.6,2.82,1,662.39,0.062,640.76,Iron box,Resistive
227.9,2.82,1,664.49,0.062,643.04,Iron box,Resistive
226.8,2.81,1,657.86,0.062,636.58,Iron box,Resistive
227.3,2.81,1,660.32,0.062,639.02,Iron box,Resistive
227.3,2.82,1,661.49,0.062,640.07,Iron box,Resistive
227.6,2.81,1,661.49,0.063,640.31,Iron box,Resistive
227.8,2.82,1,663.57,0.063,641.96,Iron box,Resistive
227.9,2.82,1,664.07,0.063,642.61,Iron box,Resistive
227.6,2.81,1,661.51,0.063,640.4,Iron box,Resistive
226.3,2.8,1,655.54,0.063,634.12,Iron box,Resistive
226.5,2.8,1,655.48,0.063,634.43,Iron box,Resistive
226.9,2.8,1,657.08,0.063,636.07,Iron box,Resistive
227.9,2.82,1,663.26,0.063,641.81,Iron box,Resistive
227.3,2.81,1,660.85,0.063,639.28,Iron box,Resistive
227.6,2.81,1,661.21,0.063,640.02,Iron box,Resistive
227.7,2.81,1,662.24,0.063,640.81,Iron box,Resistive
224.5,2.77,1,643.26,0.063,622.63,Iron box,Resistive
223.8,2.77,1,640.57,0.063,619.65,Iron box,Resistive
225.6,2.79,1,650.28,0.063,629.33,Iron box,Resistive
227.3,2.81,1,660.24,0.063,638.81,Iron box,Resistive
227.4,2.81,1,660,0.063,638.95,Iron box,Resistive
226.7,2.8,1,656.62,0.063,635.04,Iron box,Resistive
226.6,2.8,1,655.47,0.064,634.52,Iron box,Resistive
226.2,2.8,1,653.7,0.064,632.42,Iron box,Resistive
226.4,2.79,1,653.78,0.064,632.64,Iron box,Resistive
227.1,2.8,1,658.08,0.064,636.69,Iron box,Resistive
227.7,2.81,1,662.22,0.064,640.79,Iron box,Resistive
227.6,2.81,1,660.92,0.064,639.85,Iron box,Resistive
227.6,2.84,1,666.98,0.064,645.71,Iron box,Resistive
227.9,2.84,1,668.75,0.064,647.04,Iron box,Resistive
226.8,2.82,1,662.02,0.064,640.79,Iron box,Resistive
226.7,2.82,1,662.04,0.064,640.54,Iron box,Resistive
227.8,2.83,1,667.03,0.064,645.71,Iron box,Resistive
227.8,2.84,1,667.77,0.064,646,Iron box,Resistive
228.2,2.84,1,668.26,0.064,647.03,Iron box,Resistive
226.8,2.82,1,660.38,0.064,639.14,Iron box,Resistive
226.8,2.82,1,660.82,0.064,639.39,Iron box,Resistive
226.9,2.82,1,661.59,0.064,640.3,Iron box,Resistive
226.8,2.82,1,661.13,0.065,639.82,Iron box,Resistive
226.7,2.82,1,660.05,0.065,638.82,Iron box,Resistive
226.7,2.82,1,659.66,0.065,638.38,Iron box,Resistive
226.7,2.82,1,659.83,0.065,638.62,Iron box,Resistive
227.9,2.83,1,665.84,0.065,644.29,Iron box,Resistive
227,2.81,1,660.11,0.065,638.76,Iron box,Resistive
226.7,2.82,1,659.43,0.065,638.17,Iron box,Resistive
227.5,2.82,1,663.81,0.065,642.58,Iron box,Resistive
226.6,2.81,1,658.19,0.065,636.91,Iron box,Resistive
227.7,2.82,1,664.07,0.065,642.83,Iron box,Resistive
228.6,2.83,1,669.31,0.065,647.71,Iron box,Resistive
228.7,2.83,1,669.7,0.065,648.13,Iron box,Resistive
227.6,2.82,1,663.95,0.065,642.44,Iron box,Resistive
228.6,2.83,1,669.03,0.065,647.72,Iron box,Resistive
228.6,2.83,1,669.6,0.065,647.75,Iron box,Resistive
227.5,2.82,1,663.13,0.065,641.66,Iron box,Resistive
226.9,2.81,1,658.83,0.065,637.73,Iron box,Resistive
226.9,2.81,1,659.32,0.066,638.02,Iron box,Resistive
226.9,2.81,1,658.94,0.066,637.9,Iron box,Resistive
227.7,2.82,1,663.79,0.066,642.26,Iron box,Resistive
226.8,2.81,1,658.46,0.066,637.2,Iron box,Resistive
227.8,2.82,1,664.17,0.066,642.76,Iron box,Resistive
226.8,2.81,1,658.28,0.066,636.92,Iron box,Resistive
226.7,2.81,1,657.91,0.066,636.72,Iron box,Resistive
226.9,2.81,1,658.87,0.066,637.7,Iron box,Resistive
226.8,2.81,1,658.04,0.066,636.85,Iron box,Resistive
226.7,2.8,1,657.12,0.066,636,Iron box,Resistive
226.8,2.81,1,658.09,0.066,636.89,Iron box,Resistive
226.8,2.81,1,657.59,0.066,636.32,Iron box,Resistive
227.9,2.82,1,663.88,0.066,642.62,Iron box,Resistive
226.8,2.81,1,658.51,0.066,637.09,Iron box,Resistive
227.6,2.82,1,662.9,0.066,641.49,Iron box,Resistive
227.6,2.81,1,661.64,0.066,640.35,Iron box,Resistive
227.7,2.82,1,663.25,0.066,641.83,Iron box,Resistive
226.7,2.8,1,656.63,0.066,635.41,Iron box,Resistive
228.4,2.83,1,667.04,0.067,645.6,Iron box,Resistive
227.6,2.82,1,662.77,0.067,641.16,Iron box,Resistive
228.6,2.83,1,667.16,0.067,645.96,Iron box,Resistive
227.4,2.81,1,661.28,0.067,639.92,Iron box,Resistive
228.5,2.83,1,667.74,0.067,646.1,Iron box,Resistive
227.5,2.81,1,661.5,0.067,640.32,Iron box,Resistive
226.8,2.8,1,657.23,0.067,635.98,Iron box,Resistive
228,2.82,1,664.17,0.067,642.75,Iron box,Resistive
227.3,2.81,1,659.43,0.067,638.14,Iron box,Resistive
227.9,2.82,1,663.67,0.067,642.2,Iron box,Resistive
227.9,2.82,1,663.34,0.067,641.91,Iron box,Resistive
226.9,2.8,1,657.3,0.067,636.07,Iron box,Resistive
227.9,2.82,1,663.34,0.067,641.86,Iron box,Resistive
227.8,2.82,1,662.58,0.067,641.5,Iron box,Resistive
227.9,2.82,1,663.59,0.067,641.98,Iron box,Resistive
227.1,2.8,1,657.8,0.067,636.61,Iron box,Resistive
227,2.81,1,658.06,0.067,637.03,Iron box,Resistive
228.1,2.82,1,664.42,0.068,642.79,Iron box,Resistive
228.2,2.81,1,662.24,0.068,641.08,Iron box,Resistive
228.1,2.82,1,664.46,0.068,643.12,Iron box,Resistive
227.1,2.81,1,659.17,0.068,637.99,Iron box,Resistive
229.8,2.86,1,679.66,0.068,657.95,Iron box,Resistive
229.6,2.86,1,678.34,0.068,656.77,Iron box,Resistive
229.5,2.86,1,678.28,0.068,656.05,Iron box,Resistive
229.8,2.86,1,678.99,0.068,657.68,Iron box,Resistive
230.7,2.87,1,684.1,0.068,662.06,Iron box,Resistive
229.7,2.86,1,677.98,0.068,656.16,Iron box,Resistive
230.7,2.87,1,683.41,0.068,661.43,Iron box,Resistive
230.5,2.87,1,682.41,0.068,660.53,Iron box,Resistive
229.7,2.85,1,677.68,0.068,655.73,Iron box,Resistive
230.6,2.87,1,683.13,0.068,661.03,Iron box,Resistive
229.6,2.85,1,677.14,0.068,655.28,Iron box,Resistive
229.6,2.85,1,676.16,0.068,654.49,Iron box,Resistive
229.7,2.85,1,677.49,0.069,655.57,Iron box,Resistive
230.9,2.87,1,683.75,0.069,661.71,Iron box,Resistive
229.7,2.85,1,676.17,0.069,654.52,Iron box,Resistive
229.8,2.85,1,677.11,0.069,655.2,Iron box,Resistive
230.8,2.86,1,682.45,0.069,660.23,Iron box,Resistive
230.8,2.86,1,681.98,0.069,660.44,Iron box,Resistive
231,2.86,1,683.24,0.069,661.43,Iron box,Resistive
230,2.85,1,677.08,0.069,655.22,Iron box,Resistive
230.8,2.86,1,681.2,0.069,659.53,Iron box,Resistive
231,2.86,1,682.63,0.069,660.45,Iron box,Resistive
230.9,2.86,1,683.01,0.069,660.73,Iron box,Resistive
229.9,2.85,1,676.08,0.069,654.57,Iron box,Resistive
231,2.86,1,682.57,0.069,660.8,Iron box,Resistive
230.9,2.86,1,682.25,0.069,660.04,Iron box,Resistive
229.9,2.85,1,675.37,0.069,654.11,Iron box,Resistive
227.9,2.82,1,665.21,0.069,643.68,Iron box,Resistive
229.3,2.84,1,672.54,0.07,651.04,Iron box,Resistive
230.7,2.85,1,680.43,0.07,658.53,Iron box,Resistive
230.4,2.85,1,679.39,0.07,657.49,Iron box,Resistive
230.3,2.85,1,678.16,0.07,656.24,Iron box,Resistive
230.2,2.85,1,677.39,0.07,655.74,Iron box,Resistive
230.1,2.85,1,676.67,0.07,654.84,Iron box,Resistive
230.2,2.85,1,677.92,0.07,655.95,Iron box,Resistive
229.1,2.84,1,671.53,0.07,649.78,Iron box,Resistive
230.3,2.85,1,678.27,0.07,656.61,Iron box,Resistive
230.3,2.85,1,677.69,0.07,655.69,Iron box,Resistive
229.2,2.83,1,671.26,0.07,649.67,Iron box,Resistive
230.2,2.85,1,676.87,0.07,655.23,Iron box,Resistive
230,2.84,1,676.08,0.07,654.3,Iron box,Resistive
230.1,2.84,1,676.39,0.07,654.57,Iron box,Resistive
230.3,2.85,1,677.36,0.07,655.42,Iron box,Resistive
229,2.83,1,670.67,0.07,649.08,Iron box,Resistive
230.2,2.84,1,676.08,0.07,654.78,Iron box,Resistive
229.6,2.84,1,673.37,0.071,651.6,Iron box,Resistive
230.6,2.85,1,679.57,0.071,657.78,Iron box,Resistive
229.1,2.83,1,670.99,0.071,649.2,Iron box,Resistive
230.1,2.85,1,676.58,0.071,654.86,Iron box,Resistive
230.3,2.85,1,677.4,0.071,655.63,Iron box,Resistive
230.3,2.84,1,677.22,0.071,655.2,Iron box,Resistive
229.2,2.83,1,670.76,0.071,649.21,Iron box,Resistive
229.3,2.83,1,670.93,0.071,649.4,Iron box,Resistive
230.2,2.85,1,676.87,0.071,655.09,Iron box,Resistive
230.2,2.84,1,676.24,0.071,654.35,Iron box,Resistive
230.3,2.85,1,677.23,0.071,655.35,Iron box,Resistive
229.5,2.83,1,672.09,0.071,650.32,Iron box,Resistive
229.3,2.83,1,671.48,0.071,649.76,Iron box,Resistive
229.3,2.83,1,671.27,0.071,649.88,Iron box,Resistive
230.5,2.85,1,678.1,0.071,656.27,Iron box,Resistive
229.1,2.83,1,670.37,0.071,648.66,Iron box,Resistive
229.5,2.83,1,671.75,0.071,650.27,Iron box,Resistive
229.7,2.83,1,672.34,0.072,650.77,Iron box,Resistive
229.6,2.84,1,673.17,0.072,651.33,Iron box,Resistive
230.4,2.85,1,677.96,0.072,656.15,Iron box,Resistive
229.7,2.83,1,672.39,0.072,651.21,Iron box,Resistive
230.7,2.85,1,678.98,0.072,656.85,Iron box,Resistive
229.6,2.83,1,670.5,0.072,649.03,Iron box,Resistive
229.7,2.84,1,673.01,0.072,651.33,Iron box,Resistive
230.8,2.85,1,678.84,0.072,657.02,Iron box,Resistive
229.4,2.83,1,671.39,0.072,649.62,Iron box,Resistive
229.1,2.83,1,668.57,0.072,647.34,Iron box,Resistive
230.2,2.84,1,676.22,0.072,654.42,Iron box,Resistive
230.3,2.84,1,676.88,0.072,655.07,Iron box,Resistive
229.4,2.83,1,670.95,0.072,649.5,Iron box,Resistive
230.5,2.84,1,677.31,0.072,655.21,Iron box,Resistive
229.5,2.86,1,677.92,0.072,656.38,Iron box,Resistive
228.1,2.84,1,670.16,0.072,648.47,Iron box,Resistive
228.2,2.84,1,670.31,0.072,648.69,Iron box,Resistive
229.4,2.86,1,677.03,0.073,655.25,Iron box,Resistive
228.6,2.84,1,671.31,0.073,649.76,Iron box,Resistive
229.6,2.85,1,677.21,0.073,655.27,Iron box,Resistive
229.2,2.85,1,675.75,0.073,653.8,Iron box,Resistive
229,2.85,1,673.49,0.073,651.86,Iron box,Resistive
229,2.84,1,672.73,0.073,651.03,Iron box,Resistive
228.7,2.84,1,672.37,0.073,650.61,Iron box,Resistive
228.1,2.83,1,667.62,0.073,646.39,Iron box,Resistive
229.1,2.84,1,673.47,0.073,651.7,Iron box,Resistive
229.1,2.84,1,673.21,0.073,651.28,Iron box,Resistive
228,2.83,1,665.55,0.073,644.19,Iron box,Resistive
229,2.84,1,671.53,0.073,649.82,Iron box,Resistive
228.7,2.84,1,670.41,0.073,648.81,Iron box,Resistive
229.1,2.84,1,673.02,0.073,651.3,Iron box,Resistive
228.2,2.83,1,667.2,0.073,645.59,Iron box,Resistive
227.9,2.83,1,665.27,0.073,643.8,Iron box,Resistive
228.7,2.84,1,670.18,0.074,648.57,Iron box,Resistive
227.9,2.82,1,664.4,0.074,643.05,Iron box,Resistive
227.8,2.82,1,663.26,0.074,641.93,Iron box,Resistive
228.1,2.82,1,665.65,0.074,644.03,Iron box,Resistive
228.6,2.83,1,667.82,0.074,646.37,Iron box,Resistive
229.2,2.84,1,672.4,0.074,650.51,Iron box,Resistive
229,2.83,1,670.37,0.074,648.88,Iron box,Resistive
229,2.83,1,670.55,0.074,649.13,Iron box,Resistive
229,2.83,1,670.24,0.074,648.49,Iron box,Resistive
228.3,2.83,1,666.32,0.074,644.9,Iron box,Resistive
229.4,2.84,1,672.2,0.074,650.69,Iron box,Resistive
228.1,2.82,1,665.86,0.074,644.25,Iron box,Resistive
225.4,2.77,1,640.21,0.074,624.11,Iron box,Resistive
224.5,2.78,1,644.05,0.074,623.23,Iron box,Resistive
226.5,2.8,1,656.37,0.074,635.14,Iron box,Resistive
229,2.83,1,670.05,0.074,648.35,Iron box,Resistive
228,2.82,1,663.88,0.074,642.78,Iron box,Resistive
227.9,2.82,1,663.96,0.075,642.42,Iron box,Resistive
228.9,2.83,1,669.64,0.075,648.19,Iron box,Resistive
229.4,2.84,1,672.5,0.075,650.87,Iron box,Resistive
228.5,2.82,1,666.62,0.075,644.93,Iron box,Resistive
229,2.83,1,669.68,0.075,648.17,Iron box,Resistive
228.8,2.83,1,669.38,0.075,647.8,Iron box,Resistive
228.4,2.82,1,666.68,0.075,645.05,Iron box,Resistive
229.7,2.84,1,673.15,0.075,651.97,Iron box,Resistive
229.5,2.84,1,672.96,0.075,651.01,Iron box,Resistive
229,2.83,1,669.43,0.075,648.07,Iron box,Resistive
228.2,2.82,1,664.87,0.075,643.4,Iron box,Resistive
230.1,2.84,1,675.87,0.075,654.01,Iron box,Resistive
228.5,2.82,1,666.69,0.075,644.97,Iron box,Resistive
228.2,2.82,1,664.89,0.075,643.49,Iron box,Resistive
228.4,2.82,1,665.46,0.075,644.16,Iron box,Resistive
228.1,2.82,1,664.27,0.075,642.92,Iron box,Resistive
228.5,2.82,1,666.67,0.075,645.21,Iron box,Resistive
229.4,2.83,1,671.74,0.076,649.98,Iron box,Resistive
228,2.82,1,663.2,0.076,641.95,Iron box,Resistive
228.9,2.83,1,668.66,0.076,646.97,Iron box,Resistive
228.2,2.82,1,663.86,0.076,642.76,Iron box,Resistive
228,2.82,1,663.72,0.076,642.13,Iron box,Resistive
229.5,2.83,1,672.39,0.076,650.68,Iron box,Resistive
229.3,2.83,1,670.72,0.076,649.18,Iron box,Resistive
228.1,2.82,1,663.57,0.076,642.46,Iron box,Resistive
229.1,2.81,1,666.16,0.076,644.74,Iron box,Resistive
229.1,2.83,1,669.7,0.076,648.21,Iron box,Resistive
228.6,2.75,1,633.3,0.076,628.41,Iron box,Resistive
229.7,2.43,0.98,545.95,0.076,557.09,Iron box,Resistive
226.9,2.83,1,662.53,0.076,641.08,Iron box,Resistive
225.6,2.81,1,654.75,0.076,633.7,Iron box,Resistive
227.1,2.83,1,664.36,0.076,642.89,Iron box,Resistive
226.5,2.82,1,660.47,0.076,639.19,Iron box,Resistive
226.1,2.81,1,657.11,0.076,635.82,Iron box,Resistive
225,2.8,1,650.74,0.076,629.87,Iron box,Resistive
225.8,2.81,1,655.69,0.077,634.72,Iron box,Resistive
224.4,2.79,1,647.8,0.077,626.95,Iron box,Resistive
225.7,2.81,1,654.28,0.077,633.19,Iron box,Resistive
224.8,2.79,1,648.63,0.077,627.97,Iron box,Resistive
225,2.8,1,650.15,0.077,629.11,Iron box,Resistive
226,2.81,1,655.43,0.077,634.31,Iron box,Resistive
224.8,2.8,1,649.12,0.077,628.3,Iron box,Resistive
224.5,2.79,1,646.67,0.077,625.88,Iron box,Resistive
225.5,2.8,1,652.75,0.077,631.69,Iron box,Resistive
224.4,2.79,1,645.93,0.077,625.29,Iron box,Resistive
224.8,2.79,1,647.26,0.077,626.46,Iron box,Resistive
225.9,2.8,1,654.71,0.077,633.54,Iron box,Resistive
225.2,2.8,1,650.84,0.077,630.28,Iron box,Resistive
225.4,2.79,1,650.87,0.077,629.96,Iron box,Resistive
225.3,2.79,1,650.56,0.077,629.44,Iron box,Resistive
225.1,2.79,1,648.94,0.077,628.09,Iron box,Resistive
225.5,2.8,1,651.25,0.077,630.51,Iron box,Resistive
226.7,2.81,1,658.57,0.078,637.29,Iron box,Resistive
225.4,2.79,1,650.37,0.078,629.43,Iron box,Resistive
225.9,2.8,1,654.27,0.078,633.42,Iron box,Resistive
225.2,2.79,1,649.29,0.078,628.34,Iron box,Resistive
224.8,2.78,1,646.09,0.078,625.43,Iron box,Resistive
225,2.79,1,647.66,0.078,626.96,Iron box,Resistive
226,2.8,1,653.68,0.078,632.55,Iron box,Resistive
224.4,2.78,1,643.8,0.078,623.72,Iron box,Resistive
225.5,2.79,1,650.95,0.078,629.9,Iron box,Resistive
224.1,2.78,1,642,0.078,623.17,Iron box,Resistive
225.4,2.79,1,650.97,0.078,629.64,Iron box,Resistive
225.6,2.79,1,651.37,0.078,630.58,Iron box,Resistive
224.7,2.78,1,645.57,0.078,624.8,Iron box,Resistive
225.5,2.79,1,651.03,0.078,630.02,Iron box,Resistive
224.5,2.78,1,644.47,0.078,623.94,Iron box,Resistive
225.6,2.79,1,650.38,0.078,629.42,Iron box,Resistive
225.5,2.79,1,650.45,0.078,629.42,Iron box,Resistive
224.8,2.78,1,646.78,0.079,625.86,Iron box,Resistive
225.7,2.79,1,651.73,0.079,630.87,Iron box,Resistive
224.4,2.77,1,643.37,0.079,622.62,Iron box,Resistive
225.3,2.79,1,648.49,0.079,627.46,Iron box,Resistive
224.3,2.78,1,642.86,0.079,622.36,Iron box,Resistive
225.2,2.79,1,648.56,0.079,627.59,Iron box,Resistive
225.3,2.79,1,648.51,0.079,627.87,Iron box,Resistive
226.2,2.8,1,654.52,0.079,633.45,Iron box,Resistive
224.9,2.78,1,647.49,0.079,626.44,Iron box,Resistive
224.8,2.78,1,645.77,0.079,625.26,Iron box,Resistive
225.7,2.79,1,651.61,0.079,630.47,Iron box,Resistive
225.9,2.8,1,652.94,0.079,631.97,Iron box,Resistive
225.9,2.79,1,652.5,0.079,631.37,Iron box,Resistive
225.5,2.79,1,649.79,0.079,628.91,Iron box,Resistive
225.1,2.78,1,646.86,0.079,626.24,Iron box,Resistive
225.1,2.79,1,647.83,0.079,627.04,Iron box,Resistive
225,2.78,1,646.81,0.079,625.99,Iron box,Resistive
224,2.77,1,641.19,0.079,620.5,Iron box,Resistive
224.4,2.78,1,643.64,0.08,622.95,Iron box,Resistive
224.5,2.78,1,643.55,0.08,622.92,Iron box,Resistive
225,2.78,1,647.12,0.08,626.18,Iron box,Resistive
225,2.78,1,647.45,0.08,626.5,Iron box,Resistive
223.7,2.77,1,639.74,0.08,619.3,Iron box,Resistive
225,2.78,1,647,0.08,626.16,Iron box,Resistive
225.3,2.79,1,648.76,0.08,627.74,Iron box,Resistive
224.2,2.77,1,642.15,0.08,621.42,Iron box,Resistive
224.7,2.78,1,645.15,0.08,624.45,Iron box,Resistive
223.9,2.77,1,640.19,0.08,619.61,Iron box,Resistive
224.1,2.77,1,641.2,0.08,620.68,Iron box,Resistive
225.1,2.78,1,647.02,0.08,626.06,Iron box,Resistive
224.4,2.77,1,642.56,0.08,621.83,Iron box,Resistive
225.1,2.78,1,646.63,0.08,625.76,Iron box,Resistive
224.7,2.77,1,643.71,0.08,623.11,Iron box,Resistive
224.5,2.78,1,643.94,0.08,623.18,Iron box,Resistive
224.6,2.77,1,644,0.08,623.34,Iron box,Resistive
225.8,2.79,1,650.75,0.081,629.84,Iron box,Resistive
226.2,2.79,1,652.54,0.081,631.59,Iron box,Resistive
225.7,2.79,1,650.54,0.081,629.61,Iron box,Resistive
224.1,2.77,1,640.56,0.081,619.87,Iron box,Resistive
224.2,2.77,1,641.33,0.081,620.72,Iron box,Resistive
224.1,2.77,1,640.24,0.081,619.56,Iron box,Resistive
224.3,2.77,1,641.85,0.081,621.22,Iron box,Resistive
225.4,2.78,1,645.87,0.081,625.38,Iron box,Resistive
225.5,2.78,1,648.8,0.081,627.88,Iron box,Resistive
229.3,0.08,0.65,12.44,0,19.12,Mobile charger,Capacitive
229.2,0.09,0.64,12.61,0,19.76,Mobile charger,Capacitive
229.1,0.09,0.63,12.46,0,19.71,Mobile charger,Capacitive
228.6,0.08,0.65,12.52,0,19.23,Mobile charger,Capacitive
228.4,0.08,0.65,12.46,0,19.16,Mobile charger,Capacitive
229.5,0.08,0.65,12.56,0,19.45,Mobile charger,Capacitive
229.1,0.08,0.65,12.37,0,19.08,Mobile charger,Capacitive
229.6,0.08,0.67,12.99,0,19.32,Mobile charger,Capacitive
229.4,0.09,0.64,12.64,0,19.68,Mobile charger,Capacitive
228.2,0.08,0.66,12.49,0,18.99,Mobile charger,Capacitive
228.1,0.08,0.63,12.16,0,19.16,Mobile charger,Capacitive
228,0.08,0.67,12.94,0,19.35,Mobile charger,Capacitive
230.2,0.08,0.64,12.19,0,19.16,Mobile charger,Capacitive
229.7,0.08,0.64,12.31,0,19.22,Mobile charger,Capacitive
229,0.08,0.66,12.76,0,19.2,Mobile charger,Capacitive
228.7,0.08,0.64,12.38,0,19.25,Mobile charger,Capacitive
228.8,0.08,0.65,12.31,0,19.08,Mobile charger,Capacitive
229.7,0.09,0.64,12.8,0,19.91,Mobile charger,Capacitive
228.7,0.09,0.67,13.27,0,19.94,Mobile charger,Capacitive
229.7,0.08,0.66,12.77,0,19.37,Mobile charger,Capacitive
228.5,0.08,0.65,12.06,0,18.61,Mobile charger,Capacitive
229.4,0.08,0.66,12.78,0,19.34,Mobile charger,Capacitive
229.4,0.09,0.65,12.66,0,19.5,Mobile charger,Capacitive
229,0.08,0.66,12.49,0,18.87,Mobile charger,Capacitive
228.7,0.08,0.64,12.2,0,19.1,Mobile charger,Capacitive
229.7,0.08,0.66,12.85,0,19.48,Mobile charger,Capacitive
228.8,0.08,0.67,12.85,0,19.26,Mobile charger,Capacitive
228.5,0.08,0.62,11.86,0,18.98,Mobile charger,Capacitive
228.2,0.09,0.64,12.45,0,19.5,Mobile charger,Capacitive
229.6,0.08,0.67,12.74,0,18.97,Mobile charger,Capacitive
228.6,0.08,0.66,12.62,0,19.1,Mobile charger,Capacitive
228.3,0.09,0.67,12.96,0,19.43,Mobile charger,Capacitive
230,0.08,0.65,12.34,0,19.08,Mobile charger,Capacitive
229.6,0.08,0.65,12.28,0,18.79,Mobile charger,Capacitive
228.6,0.08,0.66,12.88,0,19.4,Mobile charger,Capacitive
229.5,0.08,0.66,12.61,0,19.16,Mobile charger,Capacitive
228.6,0.09,0.64,12.57,0,19.54,Mobile charger,Capacitive
228.4,0.09,0.65,12.91,0,19.75,Mobile charger,Capacitive
228.6,0.08,0.64,12.24,0,18.99,Mobile charger,Capacitive
229.5,0.09,0.64,12.56,0,19.59,Mobile charger,Capacitive
229.4,0.09,0.63,12.25,0,19.54,Mobile charger,Capacitive
229.4,0.08,0.65,12.57,0,19.35,Mobile charger,Capacitive
228.5,0.08,0.63,12.11,0,19.09,Mobile charger,Capacitive
228.6,0.09,0.62,12.1,0,19.44,Mobile charger,Capacitive
228.4,0.09,0.63,12.38,0,19.54,Mobile charger,Capacitive
229.2,0.08,0.64,12.42,0,19.44,Mobile charger,Capacitive
228.4,0.08,0.66,12.28,0,18.73,Mobile charger,Capacitive
228.6,0.08,0.65,12.5,0,19.36,Mobile charger,Capacitive
228.6,0.08,0.64,12.31,0,19.26,Mobile charger,Capacitive
230.1,0.08,0.67,12.84,0,19.3,Mobile charger,Capacitive
228.9,0.09,0.64,12.62,0,19.58,Mobile charger,Capacitive
228.9,0.09,0.66,13.13,0,19.92,Mobile charger,Capacitive
228.6,0.09,0.67,13.12,0,19.59,Mobile charger,Capacitive
229.8,0.09,0.64,12.65,0,19.84,Mobile charger,Capacitive
222.3,0.09,0.66,13.31,0,20.06,Mobile charger,Capacitive
227.5,0.08,0.68,12.9,0,19.03,Mobile charger,Capacitive
228.1,0.09,0.65,12.58,0,19.45,Mobile charger,Capacitive
229.1,0.09,0.65,12.85,0,19.69,Mobile charger,Capacitive
228.2,0.09,0.64,12.8,0,20.1,Mobile charger,Capacitive
227.7,0.09,0.65,12.85,0,19.76,Mobile charger,Capacitive
228.6,0.09,0.65,12.8,0,19.68,Mobile charger,Capacitive
228.8,0.09,0.65,12.74,0,19.63,Mobile charger,Capacitive
229.6,0.09,0.65,12.7,0,19.54,Mobile charger,Capacitive
229.2,0.09,0.65,12.74,0,19.65,Mobile charger,Capacitive
229.4,0.08,0.64,12.52,0,19.42,Mobile charger,Capacitive
229.2,0.08,0.65,12.57,0,19.38,Mobile charger,Capacitive
228.2,0.08,0.65,12.39,0,19.15,Mobile charger,Capacitive
229.2,0.09,0.66,13.02,0,19.72,Mobile charger,Capacitive
228.4,0.08,0.64,12.27,0,19.27,Mobile charger,Capacitive
228,0.08,0.67,12.87,0,19.25,Mobile charger,Capacitive
228.7,0.09,0.66,13.05,0,19.77,Mobile charger,Capacitive
228.7,0.08,0.64,12.33,0,19.32,Mobile charger,Capacitive
225.7,0.08,0.64,11.98,0,18.76,Mobile charger,Capacitive
227,0.09,0.65,12.79,0,19.74,Mobile charger,Capacitive
226.9,0.08,0.65,12.48,0,19.19,Mobile charger,Capacitive
227.9,0.09,0.65,12.79,0,19.57,Mobile charger,Capacitive
226.8,0.09,0.65,12.58,0,19.39,Mobile charger,Capacitive
226.9,0.09,0.67,13.04,0,19.47,Mobile charger,Capacitive
226.7,0.08,0.65,12.31,0,19.01,Mobile charger,Capacitive
228.5,0.09,0.67,13.02,0,19.55,Mobile charger,Capacitive
228.6,0.09,0.63,12.32,0,19.44,Mobile charger,Capacitive
228.8,0.09,0.67,12.98,0,19.5,Mobile charger,Capacitive
228.4,0.09,0.64,12.52,0,19.64,Mobile charger,Capacitive
227.9,0.09,0.65,12.64,0,19.59,Mobile charger,Capacitive
229,0.09,0.65,13.5,0,20.88,Mobile charger,Capacitive
229.2,0.09,0.67,13.5,0,20.12,Mobile charger,Capacitive
228,0.09,0.66,12.99,0,19.78,Mobile charger,Capacitive
228.2,0.09,0.64,13.01,0,20.25,Mobile charger,Capacitive
228.8,0.09,0.65,12.76,0,19.54,Mobile charger,Capacitive
228.8,0.09,0.64,12.8,0,20,Mobile charger,Capacitive
228.3,0.09,0.66,13.27,0,20.19,Mobile charger,Capacitive
229.1,0.09,0.65,12.98,0,19.92,Mobile charger,Capacitive
228.6,0.09,0.65,12.76,0,19.52,Mobile charger,Capacitive
228.4,0.09,0.66,12.8,0,19.54,Mobile charger,Capacitive
228.9,0.08,0.64,12.47,0,19.45,Mobile charger,Capacitive
229,0.09,0.65,12.64,0,19.57,Mobile charger,Capacitive
228,0.08,0.65,12.21,0,18.86,Mobile charger,Capacitive
227.8,0.08,0.66,12.73,0,19.33,Mobile charger,Capacitive
228.3,0.09,0.66,12.85,0,19.51,Mobile charger,Capacitive
228.9,0.09,0.64,12.75,0,19.78,Mobile charger,Capacitive
227.9,0.09,0.64,12.45,0,19.52,Mobile charger,Capacitive
229.1,0.09,0.62,12.49,0,20,Mobile charger,Capacitive
228.7,0.09,0.66,13.03,0,19.88,Mobile charger,Capacitive
228.2,0.08,0.67,12.57,0,18.86,Mobile charger,Capacitive
227.9,0.09,0.61,11.87,0,19.44,Mobile charger,Capacitive
228.6,0.09,0.64,12.54,0,19.65,Mobile charger,Capacitive
227.9,0.08,0.64,12.11,0,18.81,Mobile charger,Capacitive
229.6,0.09,0.66,12.85,0,19.58,Mobile charger,Capacitive
229.2,0.09,0.66,12.93,0,19.63,Mobile charger,Capacitive
228.9,0.08,0.65,12.35,0,19.12,Mobile charger,Capacitive
228.1,0.09,0.65,12.52,0,19.41,Mobile charger,Capacitive
229.2,0.09,0.65,12.81,0,19.69,Mobile charger,Capacitive
228.2,0.09,0.65,12.62,0,19.57,Mobile charger,Capacitive
229.6,0.09,0.64,12.83,0,20.11,Mobile charger,Capacitive
229.9,0.09,0.65,12.78,0,19.68,Mobile charger,Capacitive
229.2,0.08,0.66,12.73,0,19.3,Mobile charger,Capacitive
228.2,0.09,0.65,12.86,0,19.89,Mobile charger,Capacitive
228.3,0.09,0.65,12.76,0,19.48,Mobile charger,Capacitive
228.8,0.09,0.62,12.17,0,19.49,Mobile charger,Capacitive
229.9,0.09,0.68,13.38,0,19.58,Mobile charger,Capacitive
229.8,0.09,0.67,13.52,0,20.3,Mobile charger,Capacitive
229.5,0.09,0.65,12.9,0,19.93,Mobile charger,Capacitive
228.5,0.09,0.64,12.6,0,19.55,Mobile charger,Capacitive
227.9,0.09,0.65,12.83,0,19.81,Mobile charger,Capacitive
229.6,0.09,0.64,12.69,0,19.93,Mobile charger,Capacitive
229.7,0.09,0.65,13.13,0,20.11,Mobile charger,Capacitive
228.1,0.08,0.65,12.44,0,19.23,Mobile charger,Capacitive
228.9,0.08,0.64,12.43,0,19.27,Mobile charger,Capacitive
227.9,0.08,0.64,12.26,0,19.21,Mobile charger,Capacitive
229,0.08,0.65,12.33,0,19.04,Mobile charger,Capacitive
229.5,0.08,0.65,12.6,0,19.43,Mobile charger,Capacitive
227.7,0.09,0.64,12.4,0,19.35,Mobile charger,Capacitive
228.1,0.09,0.65,12.66,0,19.59,Mobile charger,Capacitive
228.9,0.08,0.64,12.01,0,18.73,Mobile charger,Capacitive
229.2,0.08,0.65,12.61,0,19.39,Mobile charger,Capacitive
228.8,0.08,0.64,12.21,0,19.15,Mobile charger,Capacitive
228,0.08,0.64,12.35,0,19.38,Mobile charger,Capacitive
227.9,0.08,0.66,12.78,0,19.31,Mobile charger,Capacitive
229.1,0.08,0.65,12.62,0,19.3,Mobile charger,Capacitive
227.9,0.09,0.66,12.75,0,19.43,Mobile charger,Capacitive
227.9,0.09,0.65,12.88,0,19.82,Mobile charger,Capacitive
227.4,0.09,0.64,12.45,0,19.46,Mobile charger,Capacitive
227.8,0.08,0.65,12.42,0,19.04,Mobile charger,Capacitive
229.2,0.09,0.64,12.43,0,19.51,Mobile charger,Capacitive
228,0.08,0.64,12.28,0,19.32,Mobile charger,Capacitive
228.5,0.08,0.66,12.44,0,18.98,Mobile charger,Capacitive
228.8,0.09,0.63,12.5,0,19.79,Mobile charger,Capacitive
228.6,0.09,0.66,12.81,0,19.53,Mobile charger,Capacitive
228.9,0.09,0.63,12.5,0,19.85,Mobile charger,Capacitive
227.1,0.08,0.65,12.43,0,19.09,Mobile charger,Capacitive
228.2,0.09,0.63,12.26,0,19.45,Mobile charger,Capacitive
227.9,0.09,0.63,12.43,0,19.61,Mobile charger,Capacitive
227.3,0.08,0.64,12.4,0,19.27,Mobile charger,Capacitive
228.2,0.09,0.64,12.57,0,19.59,Mobile charger,Capacitive
228.2,0.09,0.65,13.14,0,20.15,Mobile charger,Capacitive
227.3,0.09,0.64,12.56,0,19.61,Mobile charger,Capacitive
228.7,0.09,0.63,12.7,0,20.07,Mobile charger,Capacitive
228.5,0.09,0.66,12.87,0,19.51,Mobile charger,Capacitive
227.1,0.09,0.63,12.33,0,19.65,Mobile charger,Capacitive
228.1,0.08,0.66,12.53,0,19.03,Mobile charger,Capacitive
226.9,0.09,0.62,12.18,0,19.63,Mobile charger,Capacitive
227.2,0.09,0.66,12.74,0,19.4,Mobile charger,Capacitive
227.5,0.08,0.66,12.58,0,19.13,Mobile charger,Capacitive
227.4,0.08,0.65,12.56,0,19.29,Mobile charger,Capacitive
227.1,0.09,0.65,12.57,0,19.36,Mobile charger,Capacitive
228.1,0.09,0.66,12.93,0,19.6,Mobile charger,Capacitive
228.1,0.08,0.65,12.59,0,19.38,Mobile charger,Capacitive
228.2,0.09,0.67,13.02,0,19.51,Mobile charger,Capacitive
227.8,0.09,0.65,12.72,0,19.47,Mobile charger,Capacitive
228.3,0.09,0.65,12.94,0,20.06,Mobile charger,Capacitive
228.1,0.09,0.65,12.73,0,19.7,Mobile charger,Capacitive
228.6,0.09,0.66,13.2,0,19.91,Mobile charger,Capacitive
227.1,0.09,0.61,11.96,0,19.51,Mobile charger,Capacitive
227.4,0.08,0.65,12.43,0,19.24,Mobile charger,Capacitive
228.6,0.09,0.65,12.7,0,19.56,Mobile charger,Capacitive
228.5,0.08,0.63,12.27,0,19.41,Mobile charger,Capacitive
228.5,0.09,0.65,12.7,0,19.66,Mobile charger,Capacitive
227.1,0.08,0.63,12.08,0,19.08,Mobile charger,Capacitive
228.1,0.09,0.64,12.6,0,19.58,Mobile charger,Capacitive
228.3,0.08,0.67,12.94,0,19.28,Mobile charger,Capacitive
227.4,0.08,0.62,11.92,0,19.11,Mobile charger,Capacitive
228.5,0.09,0.66,12.91,0,19.67,Mobile charger,Capacitive
227.8,0.08,0.66,12.7,0,19.35,Mobile charger,Capacitive
227.3,0.09,0.63,12.32,0,19.56,Mobile charger,Capacitive
228.1,0.09,0.67,13.13,0,19.69,Mobile charger,Capacitive
228.2,0.09,0.65,12.63,0,19.5,Mobile charger,Capacitive
227.4,0.08,0.66,12.68,0,19.26,Mobile charger,Capacitive
228.5,0.09,0.65,12.87,0,19.89,Mobile charger,Capacitive
227.9,0.09,0.66,12.86,0,19.49,Mobile charger,Capacitive
228.4,0.09,0.66,13.29,0,20.09,Mobile charger,Capacitive
227.1,0.09,0.68,13.39,0,19.77,Mobile charger,Capacitive
227,0.08,0.62,12.01,0,19.23,Mobile charger,Capacitive
228.3,0.09,0.65,12.86,0,19.63,Mobile charger,Capacitive
227.2,0.09,0.65,12.92,0,19.77,Mobile charger,Capacitive
227.5,0.09,0.62,12.08,0,19.55,Mobile charger,Capacitive
227.6,0.08,0.65,12.29,0,18.82,Mobile charger,Capacitive
227.9,0.08,0.65,12.42,0,19.24,Mobile charger,Capacitive
228.2,0.08,0.64,12.28,0,19.18,Mobile charger,Capacitive
228,0.09,0.65,12.64,0,19.42,Mobile charger,Capacitive
227.3,0.09,0.63,12.38,0,19.67,Mobile charger,Capacitive
228.5,0.08,0.63,12.06,0,19.16,Mobile charger,Capacitive
228.6,0.09,0.65,12.93,0,19.93,Mobile charger,Capacitive
228.1,0.09,0.65,12.98,0,19.93,Mobile charger,Capacitive
227.1,0.09,0.64,12.35,0,19.42,Mobile charger,Capacitive
228.4,0.08,0.66,12.68,0,19.11,Mobile charger,Capacitive
227.1,0.08,0.63,12.14,0,19.13,Mobile charger,Capacitive
228.3,0.08,0.66,12.82,0,19.37,Mobile charger,Capacitive
227.1,0.09,0.65,12.86,0,19.77,Mobile charger,Capacitive
228.1,0.09,0.64,12.6,0,19.61,Mobile charger,Capacitive
228.3,0.09,0.64,12.4,0,19.49,Mobile charger,Capacitive
228.1,0.08,0.64,12.27,0,19.2,Mobile charger,Capacitive
227.9,0.09,0.66,12.88,0,19.6,Mobile charger,Capacitive
227.1,0.09,0.65,12.72,0,19.64,Mobile charger,Capacitive
227,0.08,0.66,12.65,0,19.29,Mobile charger,Capacitive
228.3,0.09,0.63,12.44,0,19.75,Mobile charger,Capacitive
228.3,0.09,0.63,12.67,0,19.97,Mobile charger,Capacitive
227,0.08,0.66,12.5,0,19.05,Mobile charger,Capacitive
228.2,0.09,0.67,13.21,0,19.58,Mobile charger,Capacitive
228,0.09,0.66,12.99,0,19.69,Mobile charger,Capacitive
227.3,0.09,0.64,12.81,0,20.02,Mobile charger,Capacitive
227.5,0.09,0.65,12.68,0,19.45,Mobile charger,Capacitive
226.6,0.08,0.63,12.1,0,19.18,Mobile charger,Capacitive
227.9,0.09,0.66,12.7,0,19.39,Mobile charger,Capacitive
228.2,0.09,0.64,13.06,0,20.31,Mobile charger,Capacitive
228.3,0.09,0.65,13.15,0,20.12,Mobile charger,Capacitive
228.3,0.09,0.66,13.44,0,20.33,Mobile charger,Capacitive
228.1,0.08,0.65,12.42,0,19.23,Mobile charger,Capacitive
228.1,0.09,0.66,13.05,0,19.64,Mobile charger,Capacitive
227.3,0.09,0.65,12.52,0,19.39,Mobile charger,Capacitive
228.1,0.09,0.66,13.41,0,20.24,Mobile charger,Capacitive
228.5,0.08,0.63,12.06,0,19.22,Mobile charger,Capacitive
228.5,0.09,0.64,12.78,0,20.03,Mobile charger,Capacitive
227.1,0.09,0.68,13.09,0,19.37,Mobile charger,Capacitive
227.7,0.09,0.64,12.8,0,20.12,Mobile charger,Capacitive
227.8,0.08,0.65,12.28,0,18.97,Mobile charger,Capacitive
228.4,0.09,0.63,12.63,0,20.06,Mobile charger,Capacitive
228.1,0.09,0.64,12.59,0,19.82,Mobile charger,Capacitive
227,0.08,0.67,12.83,0,19.29,Mobile charger,Capacitive
227,0.08,0.67,12.88,0,19.19,Mobile charger,Capacitive
227.1,0.09,0.66,12.91,0,19.53,Mobile charger,Capacitive
228.6,0.08,0.64,12.31,0,19.29,Mobile charger,Capacitive
227.6,0.09,0.63,12.42,0,19.66,Mobile charger,Capacitive
228.4,0.08,0.67,12.97,0,19.37,Mobile charger,Capacitive
227.2,0.09,0.65,12.68,0,19.4,Mobile charger,Capacitive
228.7,0.09,0.63,12.44,0,19.62,Mobile charger,Capacitive
228.6,0.09,0.65,12.64,0,19.58,Mobile charger,Capacitive
228.7,0.09,0.63,12.43,0,19.59,Mobile charger,Capacitive
227.2,0.09,0.64,12.71,0,19.78,Mobile charger,Capacitive
228.3,0.09,0.65,13.37,0,20.59,Mobile charger,Capacitive
228.4,0.09,0.65,13.11,0,20.18,Mobile charger,Capacitive
227.5,0.09,0.64,12.94,0,20.28,Mobile charger,Capacitive
228.4,0.09,0.65,13.01,0,19.91,Mobile charger,Capacitive
228.7,0.09,0.63,12.44,0,19.62,Mobile charger,Capacitive
227.4,0.08,0.65,12.62,0,19.3,Mobile charger,Capacitive
228.3,0.09,0.64,12.72,0,19.85,Mobile charger,Capacitive
227.2,0.09,0.66,13.4,0,20.27,Mobile charger,Capacitive
227.2,0.09,0.64,12.49,0,19.66,Mobile charger,Capacitive
228.6,0.09,0.65,12.73,0,19.71,Mobile charger,Capacitive
227,0.09,0.65,12.52,0,19.39,Mobile charger,Capacitive
228.4,0.09,0.63,12.38,0,19.78,Mobile charger,Capacitive
228.5,0.09,0.66,13.15,0,19.93,Mobile charger,Capacitive
228.4,0.09,0.64,12.77,0,19.94,Mobile charger,Capacitive
228.7,0.09,0.67,13.32,0,19.92,Mobile charger,Capacitive
228,0.09,0.65,12.94,0,19.97,Mobile charger,Capacitive
228.1,0.08,0.67,12.87,0,19.32,Mobile charger,Capacitive
227,0.08,0.65,12.55,0,19.17,Mobile charger,Capacitive
227,0.08,0.64,12.2,0,18.99,Mobile charger,Capacitive
228.7,0.08,0.64,12.46,0,19.4,Mobile charger,Capacitive
228.3,0.09,0.65,12.57,0,19.42,Mobile charger,Capacitive
228.2,0.09,0.66,12.76,0,19.43,Mobile charger,Capacitive
227.4,0.08,0.62,11.83,0,19.12,Mobile charger,Capacitive
228.7,0.09,0.66,13.13,0,19.98,Mobile charger,Capacitive
228.9,0.09,0.64,12.62,0,19.79,Mobile charger,Capacitive
228.9,0.09,0.66,13.26,0,20.05,Mobile charger,Capacitive
228.7,0.09,0.64,12.63,0,19.78,Mobile charger,Capacitive
228.8,0.09,0.65,12.7,0,19.46,Mobile charger,Capacitive
229,0.08,0.66,12.79,0,19.46,Mobile charger,Capacitive
228.6,0.09,0.62,12.26,0,19.79,Mobile charger,Capacitive
227.5,0.08,0.62,11.83,0,18.95,Mobile charger,Capacitive
227.3,0.08,0.64,12.09,0,19.04,Mobile charger,Capacitive
228.6,0.09,0.65,12.54,0,19.43,Mobile charger,Capacitive
227.9,0.09,0.65,12.86,0,19.81,Mobile charger,Capacitive
227.9,0.06,0.47,6.53,0,13.75,Mobile charger,Capacitive
229.1,0.05,0.5,6.03,0,12.08,Mobile charger,Capacitive
228.1,0.05,0.49,5.74,0,11.62,Mobile charger,Capacitive
228.6,0.06,0.48,6.05,0,12.64,Mobile charger,Capacitive
227.7,0.05,0.53,6.24,0,11.79,Mobile charger,Capacitive
227.8,0.05,0.46,5.59,0,12.05,Mobile charger,Capacitive
229.1,0.05,0.51,6.27,0,12.21,Mobile charger,Capacitive
227.7,0.05,0.52,6.31,0,12.19,Mobile charger,Capacitive
227.9,0.05,0.51,5.98,0,11.75,Mobile charger,Capacitive
229.1,0.05,0.5,6.14,0,12.3,Mobile charger,Capacitive
229.2,0.05,0.51,6.05,0,11.94,Mobile charger,Capacitive
228.3,0.05,0.5,5.97,0,11.84,Mobile charger,Capacitive
227.9,0.05,0.45,5.52,0,12.23,Mobile charger,Capacitive
228,0.05,0.53,6.21,0,11.74,Mobile charger,Capacitive
227.9,0.05,0.49,6.1,0,12.4,Mobile charger,Capacitive
227.8,0.06,0.52,6.57,0,12.7,Mobile charger,Capacitive
228.9,0.05,0.5,6.01,0,11.95,Mobile charger,Capacitive
228.6,0.05,0.52,6.14,0,11.78,Mobile charger,Capacitive
227.6,0.07,0.6,9.13,0,15.27,Mobile charger,Capacitive
228.5,0.08,0.64,12.26,0,19.24,Mobile charger,Capacitive
227.3,0.09,0.65,12.49,0,19.36,Mobile charger,Capacitive
229.3,0.09,0.66,13.08,0,19.74,Mobile charger,Capacitive
228.6,0.09,0.64,12.55,0,19.67,Mobile charger,Capacitive
228.8,0.09,0.65,12.61,0,19.51,Mobile charger,Capacitive
228,0.08,0.63,12.18,0,19.29,Mobile charger,Capacitive
228.2,0.08,0.66,12.74,0,19.2,Mobile charger,Capacitive
228.9,0.09,0.66,12.87,0,19.63,Mobile charger,Capacitive
228.2,0.09,0.66,13.1,0,19.93,Mobile charger,Capacitive
227.6,0.09,0.65,12.6,0,19.35,Mobile charger,Capacitive
229,0.08,0.63,11.43,0,18.18,Mobile charger,Capacitive
227.8,0.08,0.65,12.26,0,18.97,Mobile charger,Capacitive
228.5,0.08,0.65,12.53,0,19.41,Mobile charger,Capacitive
227.8,0.08,0.66,12.5,0,19.08,Mobile charger,Capacitive
229.7,0.05,0.52,6.4,0,12.25,Mobile charger,Capacitive
228.2,0.05,0.49,5.86,0,11.91,Mobile charger,Capacitive
229.3,0.05,0.5,6.24,0,12.6,Mobile charger,Capacitive
228.4,0.05,0.51,6.17,0,12.05,Mobile charger,Capacitive
228.3,0.05,0.47,5.68,0,12.03,Mobile charger,Capacitive
228.8,0.05,0.51,6.2,0,12.25,Mobile charger,Capacitive
227.9,0.05,0.49,5.83,0,11.98,Mobile charger,Capacitive
229.5,0.05,0.52,6.24,0,12.09,Mobile charger,Capacitive
229,0.05,0.54,6.39,0,11.88,Mobile charger,Capacitive
227.9,0.05,0.47,5.73,0,12.26,Mobile charger,Capacitive
228.1,0.05,0.46,5.82,0,12.54,Mobile charger,Capacitive
229.1,0.05,0.51,6.28,0,12.36,Mobile charger,Capacitive
229.1,0.05,0.53,6.6,0,12.51,Mobile charger,Capacitive
228.3,0.05,0.49,5.94,0,12.04,Mobile charger,Capacitive
228.7,0.05,0.46,5.39,0,11.82,Mobile charger,Capacitive
227.8,0.05,0.51,5.95,0,11.75,Mobile charger,Capacitive
228.1,0.05,0.52,6.43,0,12.36,Mobile charger,Capacitive
228.1,0.05,0.5,6,0,11.91,Mobile charger,Capacitive
228.9,0.05,0.53,6.55,0,12.43,Mobile charger,Capacitive
228.6,0.05,0.52,6.17,0,11.95,Mobile charger,Capacitive
227.9,0.06,0.51,6.49,0,12.7,Mobile charger,Capacitive
227.9,0.05,0.51,6.12,0,11.96,Mobile charger,Capacitive
229.2,0.05,0.49,5.85,0,12.04,Mobile charger,Capacitive
229.6,0.05,0.5,6.2,0,12.29,Mobile charger,Capacitive
227.9,0.05,0.51,5.99,0,11.73,Mobile charger,Capacitive
229.3,0.05,0.52,6.3,0,12.1,Mobile charger,Capacitive
229.3,0.05,0.48,6,0,12.39,Mobile charger,Capacitive
228.6,0.05,0.46,5.5,0,12.02,Mobile charger,Capacitive
228.1,0.05,0.5,6.07,0,12.06,Mobile charger,Capacitive
227,0.05,0.52,5.92,0,11.47,Mobile charger,Capacitive
228.7,0.05,0.49,6.18,0,12.54,Mobile charger,Capacitive
228,0.05,0.49,5.99,0,12.32,Mobile charger,Capacitive
229.6,0.05,0.51,6.07,0,11.82,Mobile charger,Capacitive
227.8,0.05,0.49,5.83,0,11.98,Mobile charger,Capacitive
228.3,0.05,0.53,6.35,0,11.93,Mobile charger,Capacitive
228.3,0.05,0.46,5.39,0,11.65,Mobile charger,Capacitive
228.5,0.05,0.49,6.04,0,12.41,Mobile charger,Capacitive
228.6,0.05,0.5,5.94,0,11.83,Mobile charger,Capacitive
228.3,0.05,0.52,6.2,0,11.87,Mobile charger,Capacitive
228.6,0.05,0.5,5.97,0,12.02,Mobile charger,Capacitive
229.5,0.05,0.48,5.68,0,11.86,Mobile charger,Capacitive
229.4,0.05,0.5,5.83,0,11.68,Mobile charger,Capacitive
229.4,0.05,0.51,6.13,0,12.08,Mobile charger,Capacitive
228.5,0.05,0.52,6.44,0,12.36,Mobile charger,Capacitive
229.3,0.05,0.56,6.85,0,12.25,Mobile charger,Capacitive
228.9,0.05,0.5,6.16,0,12.4,Mobile charger,Capacitive
229.1,0.05,0.52,6.14,0,11.85,Mobile charger,Capacitive
228.3,0.05,0.46,5.59,0,12.19,Mobile charger,Capacitive
228.2,0.05,0.5,6.05,0,12.05,Mobile charger,Capacitive
228.9,0.05,0.5,5.97,0,11.94,Mobile charger,Capacitive
229.2,0.05,0.48,5.89,0,12.33,Mobile charger,Capacitive
228.7,0.05,0.52,6.26,0,12.09,Mobile charger,Capacitive
228.8,0.05,0.46,5.38,0,11.64,Mobile charger,Capacitive
228.5,0.05,0.5,5.87,0,11.64,Mobile charger,Capacitive
229.6,0.05,0.5,5.88,0,11.77,Mobile charger,Capacitive
228,0.05,0.47,5.6,0,11.95,Mobile charger,Capacitive
228.3,0.05,0.5,5.9,0,11.72,Mobile charger,Capacitive
228.4,0.05,0.55,6.6,0,11.89,Mobile charger,Capacitive
228.8,0.05,0.52,6.3,0,12.01,Mobile charger,Capacitive
229.5,0.05,0.51,6.16,0,12.1,Mobile charger,Capacitive
229.1,0.05,0.49,5.77,0,11.8,Mobile charger,Capacitive
229,0.05,0.47,5.71,0,12.07,Mobile charger,Capacitive
228,0.05,0.45,5.33,0,11.75,Mobile charger,Capacitive
228.5,0.05,0.53,6.5,0,12.28,Mobile charger,Capacitive
228.3,0.05,0.49,5.87,0,12.02,Mobile charger,Capacitive
229.5,0.05,0.47,5.66,0,12.08,Mobile charger,Capacitive
228.3,0.05,0.47,5.52,0,11.71,Mobile charger,Capacitive
228.3,0.05,0.51,6.18,0,12.18,Mobile charger,Capacitive
228.6,0.05,0.53,6.38,0,11.98,Mobile charger,Capacitive
229.3,0.05,0.5,6.04,0,12.06,Mobile charger,Capacitive
228.4,0.05,0.49,5.99,0,12.24,Mobile charger,Capacitive
229.3,0.05,0.53,6.44,0,12.15,Mobile charger,Capacitive
230,0.05,0.48,5.69,0,11.96,Mobile charger,Capacitive
228.4,0.05,0.5,5.93,0,11.79,Mobile charger,Capacitive
228.1,0.05,0.49,5.88,0,11.89,Mobile charger,Capacitive
228.8,0.05,0.53,6.18,0,11.66,Mobile charger,Capacitive
228.5,0.05,0.51,6.3,0,12.35,Mobile charger,Capacitive
228.7,0.05,0.47,5.77,0,12.17,Mobile charger,Capacitive
228.4,0.05,0.48,5.78,0,12.04,Mobile charger,Capacitive
228.9,0.05,0.46,5.62,0,12.21,Mobile charger,Capacitive
228.2,0.05,0.48,5.44,0,11.46,Mobile charger,Capacitive
229.1,0.05,0.54,6.48,0,12.11,Mobile charger,Capacitive
228.7,0.05,0.5,5.88,0,11.83,Mobile charger,Capacitive
228.4,0.05,0.48,5.77,0,11.93,Mobile charger,Capacitive
229.3,0.05,0.5,6.05,0,12.07,Mobile charger,Capacitive
229.6,0.05,0.48,5.77,0,11.96,Mobile charger,Capacitive
228.4,0.05,0.52,6.16,0,11.94,Mobile charger,Capacitive
229.3,0.05,0.5,6.07,0,12.22,Mobile charger,Capacitive
227.9,0.05,0.51,6.26,0,12.38,Mobile charger,Capacitive
228.4,0.05,0.53,6.47,0,12.12,Mobile charger,Capacitive
228.9,0.05,0.48,5.66,0,11.86,Mobile charger,Capacitive
228.2,0.05,0.5,5.92,0,11.95,Mobile charger,Capacitive
229.5,0.05,0.49,5.88,0,12,Mobile charger,Capacitive
229.5,0.05,0.49,5.98,0,12.3,Mobile charger,Capacitive
227.9,0.05,0.5,5.98,0,11.98,Mobile charger,Capacitive
228.9,0.05,0.52,6.28,0,12.19,Mobile charger,Capacitive
229.1,0.05,0.52,6.39,0,12.28,Mobile charger,Capacitive
228.5,0.05,0.47,5.41,0,11.51,Mobile charger,Capacitive
229.3,0.05,0.43,5.27,0,12.26,Mobile charger,Capacitive
229.4,0.05,0.5,5.84,0,11.75,Mobile charger,Capacitive
228.5,0.05,0.53,6.17,0,11.69,Mobile charger,Capacitive
229.5,0.05,0.55,6.32,0,11.56,Mobile charger,Capacitive
229.2,0.05,0.52,6.42,0,12.31,Mobile charger,Capacitive
228.9,0.05,0.48,5.75,0,11.9,Mobile charger,Capacitive
229.5,0.05,0.52,6.24,0,12.09,Mobile charger,Capacitive
229.9,0.05,0.52,6.37,0,12.33,Mobile charger,Capacitive
228.7,0.05,0.54,6.52,0,11.99,Mobile charger,Capacitive
228.7,0.05,0.49,6.04,0,12.3,Mobile charger,Capacitive
230.2,0.05,0.47,5.58,0,11.9,Mobile charger,Capacitive
228.9,0.05,0.51,6.03,0,11.89,Mobile charger,Capacitive
229.7,0.05,0.51,6.04,0,11.87,Mobile charger,Capacitive
229.8,0.05,0.49,6.07,0,12.35,Mobile charger,Capacitive
228.9,0.05,0.47,5.68,0,11.99,Mobile charger,Capacitive
230,0.05,0.51,6.23,0,12.25,Mobile charger,Capacitive
230,0.05,0.47,5.79,0,12.2,Mobile charger,Capacitive
229.6,0.05,0.55,6.61,0,12.12,Mobile charger,Capacitive
229.9,0.06,0.54,6.93,0,12.78,Mobile charger,Capacitive
230.1,0.05,0.48,5.6,0,11.76,Mobile charger,Capacitive
229.9,0.05,0.51,6.15,0,12.13,Mobile charger,Capacitive
229.4,0.06,0.51,6.73,0,13.08,Mobile charger,Capacitive
228.6,0.05,0.49,5.86,0,11.9,Mobile charger,Capacitive
229.5,0.05,0.5,5.88,0,11.76,Mobile charger,Capacitive
228.4,0.05,0.54,6.6,0,12.16,Mobile charger,Capacitive
229.9,0.05,0.48,5.95,0,12.38,Mobile charger,Capacitive
228.4,0.05,0.51,6.08,0,11.82,Mobile charger,Capacitive
229.6,0.05,0.5,5.97,0,11.92,Mobile charger,Capacitive
228.2,0.05,0.51,6.15,0,12.09,Mobile charger,Capacitive
229.3,0.05,0.5,5.98,0,11.85,Mobile charger,Capacitive
228.3,0.05,0.48,5.64,0,11.87,Mobile charger,Capacitive
228.6,0.05,0.51,6.14,0,11.96,Mobile charger,Capacitive
228.1,0.05,0.52,5.97,0,11.5,Mobile charger,Capacitive
228.6,0.05,0.53,6.63,0,12.51,Mobile charger,Capacitive
229.7,0.05,0.52,6.24,0,11.94,Mobile charger,Capacitive
228.3,0.05,0.49,5.86,0,12.07,Mobile charger,Capacitive
228,0.05,0.49,5.78,0,11.9,Mobile charger,Capacitive
229.6,0.05,0.51,6.38,0,12.4,Mobile charger,Capacitive
228.6,0.05,0.47,5.65,0,12.13,Mobile charger,Capacitive
228.3,0.05,0.48,5.86,0,12.16,Mobile charger,Capacitive
229.7,0.05,0.5,6.26,0,12.5,Mobile charger,Capacitive
228.3,0.05,0.51,6.28,0,12.41,Mobile charger,Capacitive
228.1,0.05,0.48,5.89,0,12.27,Mobile charger,Capacitive
229.2,0.05,0.48,5.67,0,11.85,Mobile charger,Capacitive
229.3,0.05,0.48,5.66,0,11.88,Mobile charger,Capacitive
227.8,0.05,0.51,5.86,0,11.43,Mobile charger,Capacitive
227.8,0.05,0.49,5.68,0,11.65,Mobile charger,Capacitive
228.5,0.05,0.53,6.24,0,11.87,Mobile charger,Capacitive
228.9,0.05,0.48,5.62,0,11.71,Mobile charger,Capacitive
229.2,0.05,0.47,5.5,0,11.67,Mobile charger,Capacitive
229.7,0.05,0.5,6.01,0,12.1,Mobile charger,Capacitive
229.5,0.05,0.52,6.31,0,12.11,Mobile charger,Capacitive
229.4,0.05,0.54,6.55,0,12.08,Mobile charger,Capacitive
228.7,0.05,0.52,6.47,0,12.45,Mobile charger,Capacitive
229.8,0.05,0.53,6.32,0,11.94,Mobile charger,Capacitive
227.9,0.06,0.54,6.85,0,12.8,Mobile charger,Capacitive
228.5,0.05,0.54,6.32,0,11.77,Mobile charger,Capacitive
229.9,0.05,0.54,6.38,0,11.86,Mobile charger,Capacitive
230.2,0.06,0.56,7.3,0,13.07,Mobile charger,Capacitive
228.6,0.07,0.65,11.06,0,17.02,Mobile charger,Capacitive
228.4,0.09,0.66,13.74,0,20.84,Mobile charger,Capacitive
229.1,0.09,0.63,12.63,0,20.2,Mobile charger,Capacitive
228.2,0.09,0.63,12.98,0,20.56,Mobile charger,Capacitive
229.3,0.09,0.66,13.54,0,20.54,Mobile charger,Capacitive
227.9,0.09,0.65,13.18,0,20.39,Mobile charger,Capacitive
229.3,0.09,0.65,13.33,0,20.54,Mobile charger,Capacitive
228.5,0.09,0.65,13.23,0,20.41,Mobile charger,Capacitive
228.4,0.09,0.65,13.57,0,20.83,Mobile charger,Capacitive
229,0.09,0.67,13.56,0,20.38,Mobile charger,Capacitive
227.4,0.08,0.64,12.35,0,19.23,Mobile charger,Capacitive
227.8,0.09,0.66,12.86,0,19.52,Mobile charger,Capacitive
227.8,0.08,0.66,12.74,0,19.2,Mobile charger,Capacitive
228,0.08,0.65,12.62,0,19.32,Mobile charger,Capacitive
228.1,0.09,0.66,12.83,0,19.57,Mobile charger,Capacitive
228.5,0.08,0.65,12.21,0,18.74,Mobile charger,Capacitive
229.1,0.09,0.64,12.48,0,19.54,Mobile charger,Capacitive
227.3,0.08,0.66,12.35,0,18.79,Mobile charger,Capacitive
228.9,0.09,0.65,12.81,0,19.81,Mobile charger,Capacitive
227.8,0.08,0.64,12.35,0,19.2,Mobile charger,Capacitive
227.5,0.09,0.65,12.52,0,19.39,Mobile charger,Capacitive
228.8,0.08,0.65,12.47,0,19.32,Mobile charger,Capacitive
229.3,0.09,0.64,12.99,0,20.15,Mobile charger,Capacitive
227.9,0.09,0.65,12.94,0,20.06,Mobile charger,Capacitive
229.2,0.08,0.65,12.25,0,18.98,Mobile charger,Capacitive
228.1,0.08,0.65,12.51,0,19.15,Mobile charger,Capacitive
229.6,0.09,0.66,13.25,0,20.22,Mobile charger,Capacitive
228.6,0.09,0.64,12.97,0,20.26,Mobile charger,Capacitive
228.7,0.08,0.64,12.1,0,18.91,Mobile charger,Capacitive
228.5,0.08,0.66,12.47,0,18.97,Mobile charger,Capacitive
228.8,0.09,0.66,12.85,0,19.51,Mobile charger,Capacitive
227.7,0.09,0.65,12.61,0,19.51,Mobile charger,Capacitive
228,0.09,0.64,12.49,0,19.38,Mobile charger,Capacitive
228.6,0.09,0.61,12.3,0,20.16,Mobile charger,Capacitive
228.9,0.09,0.63,12.51,0,19.76,Mobile charger,Capacitive
227.8,0.09,0.65,12.61,0,19.5,Mobile charger,Capacitive
227.7,0.09,0.63,12.21,0,19.44,Mobile charger,Capacitive
228,0.09,0.65,12.92,0,19.89,Mobile charger,Capacitive
228.1,0.08,0.66,12.59,0,19.16,Mobile charger,Capacitive
228.6,0.08,0.64,12.34,0,19.35,Mobile charger,Capacitive
227.8,0.09,0.66,12.87,0,19.62,Mobile charger,Capacitive
227.6,0.09,0.64,12.56,0,19.51,Mobile charger,Capacitive
227.4,0.08,0.64,12.39,0,19.32,Mobile charger,Capacitive
227.5,0.09,0.66,12.93,0,19.55,Mobile charger,Capacitive
228.3,0.09,0.66,13.18,0,19.95,Mobile charger,Capacitive
226.1,0.08,0.66,12.3,0,18.66,Mobile charger,Capacitive
226.6,0.09,0.64,12.53,0,19.67,Mobile charger,Capacitive
226.8,0.09,0.64,12.61,0,19.59,Mobile charger,Capacitive
227.7,0.09,0.64,12.41,0,19.39,Mobile charger,Capacitive
228.4,0.09,0.63,12.52,0,19.92,Mobile charger,Capacitive
227.3,0.08,0.65,12.55,0,19.18,Mobile charger,Capacitive
227.2,0.08,0.66,12.78,0,19.23,Mobile charger,Capacitive
227.1,0.08,0.65,12.5,0,19.14,Mobile charger,Capacitive
227.5,0.09,0.65,12.97,0,19.81,Mobile charger,Capacitive
227,0.08,0.64,12.35,0,19.21,Mobile charger,Capacitive
227.1,0.08,0.66,12.59,0,19.07,Mobile charger,Capacitive
227.6,0.08,0.62,12.01,0,19.27,Mobile charger,Capacitive
228.6,0.08,0.66,12.81,0,19.34,Mobile charger,Capacitive
228.3,0.08,0.65,12.5,0,19.2,Mobile charger,Capacitive
228.1,0.08,0.63,12.15,0.001,19.27,Mobile charger,Capacitive
227.4,0.08,0.65,12.63,0.001,19.31,Mobile charger,Capacitive
228.8,0.08,0.65,12.5,0.001,19.3,Mobile charger,Capacitive
228.5,0.08,0.65,12.41,0.001,19.16,Mobile charger,Capacitive
227.3,0.08,0.65,12.12,0.001,18.52,Mobile charger,Capacitive
228.5,0.09,0.66,13.06,0.001,19.72,Mobile charger,Capacitive
228.4,0.09,0.66,12.96,0.001,19.63,Mobile charger,Capacitive
228.4,0.09,0.65,12.66,0.001,19.47,Mobile charger,Capacitive
228.4,0.09,0.66,12.91,0.001,19.59,Mobile charger,Capacitive
228.4,0.09,0.65,13.28,0.001,20.36,Mobile charger,Capacitive
227.6,0.09,0.65,13.19,0.001,20.2,Mobile charger,Capacitive
226.4,0.08,0.65,12.5,0.001,19.16,Mobile charger,Capacitive
227.7,0.09,0.66,12.9,0.001,19.47,Mobile charger,Capacitive
230.4,0.09,0.65,12.99,0.001,19.84,Mobile charger,Capacitive
228.5,0.09,0.66,12.86,0.001,19.55,Mobile charger,Capacitive
229.2,0.09,0.65,12.64,0.001,19.48,Mobile charger,Capacitive
228.6,0.08,0.64,12.42,0.001,19.35,Mobile charger,Capacitive
227.3,0.08,0.65,12.35,0.001,18.9,Mobile charger,Capacitive
228.7,0.09,0.64,13.12,0.001,20.37,Mobile charger,Capacitive
227.9,0.09,0.66,12.95,0.001,19.72,Mobile charger,Capacitive
228.8,0.09,0.66,12.87,0.001,19.51,Mobile charger,Capacitive
228.7,0.08,0.66,12.8,0.001,19.27,Mobile charger,Capacitive
227.8,0.09,0.67,13.72,0.001,20.52,Mobile charger,Capacitive
228.9,0.09,0.65,13.35,0.001,20.42,Mobile charger,Capacitive
230,0.09,0.65,13.58,0.001,20.77,Mobile charger,Capacitive
229.6,0.09,0.65,13.42,0.001,20.74,Mobile charger,Capacitive
230.2,0.09,0.66,13.43,0.001,20.49,Mobile charger,Capacitive
229.3,0.09,0.65,13.27,0.001,20.49,Mobile charger,Capacitive
229,0.09,0.65,13.45,0.001,20.61,Mobile charger,Capacitive
229.2,0.09,0.66,13.53,0.001,20.44,Mobile charger,Capacitive
230.5,0.09,0.66,13.55,0.001,20.4,Mobile charger,Capacitive
230.2,0.09,0.66,13.47,0.001,20.42,Mobile charger,Capacitive
229.2,0.09,0.66,13.27,0.001,20.07,Mobile charger,Capacitive
230.6,0.09,0.66,13.43,0.001,20.25,Mobile charger,Capacitive
229.3,0.09,0.67,13.63,0.001,20.49,Mobile charger,Capacitive
229.3,0.09,0.67,13.76,0.001,20.4,Mobile charger,Capacitive
230.6,0.09,0.65,13.76,0.001,21.1,Mobile charger,Capacitive
228.9,0.09,0.66,13.46,0.001,20.38,Mobile charger,Capacitive
229,0.09,0.65,12.97,0.001,19.84,Mobile charger,Capacitive
229.2,0.09,0.65,13.16,0.001,20.15,Mobile charger,Capacitive
230.3,0.09,0.64,13.37,0.001,20.99,Mobile charger,Capacitive
229.3,0.09,0.66,13.36,0.001,20.22,Mobile charger,Capacitive
229.4,0.09,0.64,12.78,0.001,19.97,Mobile charger,Capacitive
230.2,0.09,0.66,13.31,0.001,20.25,Mobile charger,Capacitive
229.2,0.09,0.66,13.07,0.001,19.9,Mobile charger,Capacitive
229.5,0.09,0.65,13.44,0.001,20.64,Mobile charger,Capacitive
229,0.09,0.66,13.72,0.001,20.74,Mobile charger,Capacitive
229.5,0.09,0.66,13.53,0.001,20.47,Mobile charger,Capacitive
229.8,0.09,0.66,13.12,0.001,19.93,Mobile charger,Capacitive
229.4,0.09,0.63,12.76,0.001,20.14,Mobile charger,Capacitive
229.8,0.09,0.66,13.33,0.001,20.15,Mobile charger,Capacitive
228.9,0.09,0.64,12.98,0.001,20.26,Mobile charger,Capacitive
230.5,0.09,0.65,13.24,0.001,20.33,Mobile charger,Capacitive
229.2,0.09,0.65,13.52,0.001,20.94,Mobile charger,Capacitive
229.3,0.09,0.66,13.48,0.001,20.46,Mobile charger,Capacitive
229.5,0.09,0.65,13.08,0.001,19.98,Mobile charger,Capacitive
229.3,0.09,0.66,13.01,0.001,19.84,Mobile charger,Capacitive
229.3,0.09,0.63,12.24,0.001,19.5,Mobile charger,Capacitive
230.3,0.09,0.66,13.46,0.001,20.43,Mobile charger,Capacitive
229.3,0.09,0.69,13.82,0.001,20,Mobile charger,Capacitive
230.3,0.09,0.66,13.68,0.001,20.72,Mobile charger,Capacitive
229.2,0.09,0.67,13.72,0.001,20.44,Mobile charger,Capacitive
229,0.09,0.66,13.22,0.001,20.12,Mobile charger,Capacitive
230.5,0.09,0.65,13.23,0.001,20.3,Mobile charger,Capacitive
228.9,0.09,0.64,12.98,0.001,20.15,Mobile charger,Capacitive
230.2,0.09,0.66,13.65,0.001,20.61,Mobile charger,Capacitive
229.2,0.09,0.65,13,0.001,20.02,Mobile charger,Capacitive
230.1,0.09,0.65,13.27,0.001,20.43,Mobile charger,Capacitive
228.9,0.09,0.66,13.3,0.001,20,Mobile charger,Capacitive
230.1,0.09,0.66,13.53,0.001,20.44,Mobile charger,Capacitive
230.3,0.09,0.65,13.12,0.001,20.09,Mobile charger,Capacitive
229,0.09,0.66,13.53,0.001,20.35,Mobile charger,Capacitive
229.8,0.09,0.67,13.59,0.001,20.23,Mobile charger,Capacitive
229.6,0.09,0.65,13.69,0.001,20.92,Mobile charger,Capacitive
229.1,0.09,0.66,13.71,0.001,20.65,Mobile charger,Capacitive
229.2,0.09,0.66,13.31,0.001,20.03,Mobile charger,Capacitive
230,0.09,0.64,12.83,0.001,19.91,Mobile charger,Capacitive
229.8,0.09,0.63,12.63,0.001,19.91,Mobile charger,Capacitive
228.3,0.09,0.66,13.33,0.001,20.31,Mobile charger,Capacitive
229.6,0.09,0.68,13.79,0.001,20.34,Mobile charger,Capacitive
228.8,0.09,0.67,14.05,0.001,20.9,Mobile charger,Capacitive
229.3,0.08,0.64,12.39,0.001,19.3,Mobile charger,Capacitive
229.1,0.09,0.66,13.35,0.001,20.1,Mobile charger,Capacitive
228.3,0.09,0.66,13.17,0.001,19.99,Mobile charger,Capacitive
228.5,0.09,0.64,12.83,0.001,20.13,Mobile charger,Capacitive
229.8,0.09,0.66,13.59,0.001,20.63,Mobile charger,Capacitive
229.4,0.09,0.64,12.88,0.001,20,Mobile charger,Capacitive
230.1,0.09,0.66,12.99,0.001,19.8,Mobile charger,Capacitive
229.6,0.09,0.65,13.23,0.001,20.21,Mobile charger,Capacitive
229.6,0.09,0.68,13.69,0.001,20.18,Mobile charger,Capacitive
229.1,0.09,0.66,13.6,0.001,20.54,Mobile charger,Capacitive
229.7,0.09,0.67,13.62,0.001,20.21,Mobile charger,Capacitive
229.7,0.09,0.66,13.84,0.001,20.85,Mobile charger,Capacitive
229.8,0.09,0.65,13.48,0.001,20.84,Mobile charger,Capacitive
229.9,0.09,0.66,13.79,0.001,20.8,Mobile charger,Capacitive
229.6,0.09,0.67,13.59,0.001,20.4,Mobile charger,Capacitive
228.2,0.09,0.66,13.22,0.001,20,Mobile charger,Capacitive
229.3,0.09,0.66,13.58,0.001,20.65,Mobile charger,Capacitive
229.5,0.09,0.65,13.18,0.001,20.34,Mobile charger,Capacitive
229.3,0.09,0.66,13.42,0.001,20.43,Mobile charger,Capacitive
228.3,0.09,0.65,12.78,0.001,19.79,Mobile charger,Capacitive
229.5,0.09,0.66,13.89,0.001,21.18,Mobile charger,Capacitive
229.1,0.09,0.63,12.68,0.001,20.2,Mobile charger,Capacitive
228.3,0.09,0.65,13.14,0.001,20.2,Mobile charger,Capacitive
229,0.09,0.64,12.82,0.001,20.01,Mobile charger,Capacitive
229.5,0.09,0.64,13.02,0.001,20.21,Mobile charger,Capacitive
229.1,0.09,0.67,13.45,0.001,20.11,Mobile charger,Capacitive
229.2,0.09,0.66,13.15,0.001,19.91,Mobile charger,Capacitive
229.6,0.09,0.65,13.49,0.001,20.7,Mobile charger,Capacitive
227.8,0.09,0.65,13.31,0.001,20.35,Mobile charger,Capacitive
227.7,0.09,0.65,12.84,0.001,19.73,Mobile charger,Capacitive
228,0.09,0.66,13.46,0.001,20.53,Mobile charger,Capacitive
227.9,0.09,0.67,13.47,0.001,20.01,Mobile charger,Capacitive
228.2,0.09,0.68,13.67,0.001,20.24,Mobile charger,Capacitive
227.8,0.09,0.65,13.16,0.001,20.15,Mobile charger,Capacitive
228.2,0.09,0.67,13.59,0.001,20.4,Mobile charger,Capacitive
229,0.09,0.65,13.21,0.001,20.25,Mobile charger,Capacitive
229.1,0.09,0.67,13.79,0.001,20.73,Mobile charger,Capacitive
228.6,0.09,0.65,13.57,0.001,20.75,Mobile charger,Capacitive
228,0.09,0.68,13.67,0.001,20.17,Mobile charger,Capacitive
227.7,0.09,0.66,13.21,0.001,20.15,Mobile charger,Capacitive
227.9,0.09,0.65,12.84,0.001,19.84,Mobile charger,Capacitive
227.7,0.09,0.64,13.01,0.001,20.34,Mobile charger,Capacitive
227.5,0.09,0.65,13.09,0.001,20.14,Mobile charger,Capacitive
227.8,0.09,0.67,13.23,0.001,19.85,Mobile charger,Capacitive
227.5,0.09,0.64,13.18,0.001,20.51,Mobile charger,Capacitive
228.6,0.09,0.67,13.87,0.001,20.69,Mobile charger,Capacitive
228.7,0.09,0.65,13.28,0.001,20.34,Mobile charger,Capacitive
227.5,0.09,0.67,13.46,0.001,20.22,Mobile charger,Capacitive
228.7,0.09,0.65,13.67,0.001,20.91,Mobile charger,Capacitive
228.2,0.09,0.65,13,0.001,20.04,Mobile charger,Capacitive
227.6,0.09,0.64,12.74,0.001,20.05,Mobile charger,Capacitive
227.5,0.09,0.65,13.14,0.001,20.33,Mobile charger,Capacitive
228.2,0.09,0.66,13.18,0.001,19.96,Mobile charger,Capacitive
227.7,0.09,0.65,13.18,0.001,20.24,Mobile charger,Capacitive
227.9,0.09,0.64,13.13,0.001,20.39,Mobile charger,Capacitive
228.9,0.09,0.65,13.02,0.001,20.1,Mobile charger,Capacitive
228.8,0.09,0.67,13.76,0.001,20.56,Mobile charger,Capacitive
227.7,0.09,0.66,13.54,0.001,20.38,Mobile charger,Capacitive
227.6,0.09,0.67,13.51,0.001,20.23,Mobile charger,Capacitive
228.8,0.09,0.68,13.95,0.001,20.53,Mobile charger,Capacitive
227.4,0.09,0.64,12.85,0.001,20.23,Mobile charger,Capacitive
227.7,0.09,0.65,13.18,0.001,20.36,Mobile charger,Capacitive
227.7,0.09,0.65,12.97,0.001,20.03,Mobile charger,Capacitive
227.1,0.09,0.67,13.52,0.001,20.06,Mobile charger,Capacitive
226.9,0.09,0.65,12.91,0.001,19.88,Mobile charger,Capacitive
228.4,0.09,0.66,12.86,0.001,19.45,Mobile charger,Capacitive
226.9,0.09,0.64,12.6,0.001,19.81,Mobile charger,Capacitive
227,0.09,0.67,13.57,0.001,20.13,Mobile charger,Capacitive
226.9,0.09,0.66,13.34,0.001,20.1,Mobile charger,Capacitive
228.2,0.09,0.64,13.01,0.001,20.19,Mobile charger,Capacitive
227.1,0.09,0.63,12.62,0.001,19.91,Mobile charger,Capacitive
227.4,0.09,0.64,13.07,0.001,20.36,Mobile charger,Capacitive
227.4,0.09,0.65,13.33,0.001,20.51,Mobile charger,Capacitive
228.4,0.09,0.66,13.05,0.001,19.84,Mobile charger,Capacitive
227.8,0.08,0.64,12.36,0.001,19.19,Mobile charger,Capacitive
227.1,0.08,0.66,12.33,0.001,18.8,Mobile charger,Capacitive
228,0.08,0.65,11.97,0.001,18.54,Mobile charger,Capacitive
227.3,0.08,0.66,12.53,0.001,19.04,Mobile charger,Capacitive
226.8,0.09,0.67,12.98,0.001,19.39,Mobile charger,Capacitive
228.1,0.09,0.69,13.5,0.001,19.71,Mobile charger,Capacitive
228.2,0.09,0.66,13.24,0.001,20.13,Mobile charger,Capacitive
227.6,0.09,0.66,13.44,0.001,20.25,Mobile charger,Capacitive
227.2,0.09,0.66,13.31,0.001,20.14,Mobile charger,Capacitive
234.9,0.11,0.98,26.2,0,26.73,Soldering iron,Resistive
233.3,0.11,0.98,26.09,0,26.62,Soldering iron,Resistive
235,0.11,0.98,25.42,0,25.94,Soldering iron,Resistive
234,0.11,0.98,25.7,0,26.22,Soldering iron,Resistive
234.7,0.12,0.98,26.62,0,27.16,Soldering iron,Resistive
234.8,0.11,0.98,26.35,0,26.89,Soldering iron,Resistive
235.2,0.11,0.98,26.03,0,26.56,Soldering iron,Resistive
234.7,0.11,0.98,26.22,0,26.76,Soldering iron,Resistive
235.2,0.11,0.98,25.92,0,26.45,Soldering iron,Resistive
235.1,0.11,0.98,26.11,0,26.64,Soldering iron,Resistive
233,0.11,0.98,25.95,0,26.48,Soldering iron,Resistive
234.3,0.11,0.98,25.78,0,26.31,Soldering iron,Resistive
234.4,0.11,0.98,25.56,0,26.08,Soldering iron,Resistive
234.3,0.11,0.98,26.08,0,26.61,Soldering iron,Resistive
234.5,0.11,0.98,26.08,0,26.61,Soldering iron,Resistive
234.8,0.11,0.98,26.22,0,26.75,Soldering iron,Resistive
235.3,0.11,0.98,26.11,0,26.64,Soldering iron,Resistive
234.1,0.11,0.98,26.34,0,26.88,Soldering iron,Resistive
234.7,0.11,0.98,25.66,0,26.18,Soldering iron,Resistive
233.8,0.12,0.98,26.44,0,26.98,Soldering iron,Resistive
233.2,0.11,0.98,25.54,0,26.06,Soldering iron,Resistive
233,0.11,0.98,25.51,0,26.03,Soldering iron,Resistive
232.6,0.11,0.98,25.98,0,26.51,Soldering iron,Resistive
233.6,0.11,0.98,25.98,0,26.51,Soldering iron,Resistive
233.2,0.11,0.98,25.88,0,26.41,Soldering iron,Resistive
233,0.11,0.98,25.86,0,26.39,Soldering iron,Resistive
232.4,0.11,0.98,25.31,0,25.83,Soldering iron,Resistive
230.9,0.11,0.98,25.7,0,26.22,Soldering iron,Resistive
232.4,0.11,0.98,26.02,0,26.55,Soldering iron,Resistive
231.9,0.11,0.98,25.51,0,26.03,Soldering iron,Resistive
233.4,0.11,0.98,25.6,0,26.12,Soldering iron,Resistive
232.2,0.11,0.98,25.72,0,26.25,Soldering iron,Resistive
231.3,0.11,0.98,25.77,0,26.3,Soldering iron,Resistive
232.8,0.11,0.98,25.7,0,26.22,Soldering iron,Resistive
232.1,0.11,0.98,25.79,0,26.32,Soldering iron,Resistive
233.8,0.11,0.98,25.97,0,26.5,Soldering iron,Resistive
232.5,0.11,0.98,25.69,0,26.21,Soldering iron,Resistive
230.5,0.11,0.98,25.81,0,26.34,Soldering iron,Resistive
233.2,0.11,0.98,26,0,26.53,Soldering iron,Resistive
232.8,0.11,0.98,26.07,0,26.6,Soldering iron,Resistive
232.8,0.11,0.98,25.95,0,26.48,Soldering iron,Resistive
233.5,0.11,0.98,26.08,0,26.61,Soldering iron,Resistive
233.4,0.11,0.98,26.18,0,26.71,Soldering iron,Resistive
233.9,0.11,0.98,25.72,0,26.25,Soldering iron,Resistive
233.4,0.11,0.98,26.25,0,26.79,Soldering iron,Resistive
233.1,0.11,0.98,25.8,0,26.33,Soldering iron,Resistive
233.3,0.11,0.98,26.07,0,26.6,Soldering iron,Resistive
231.3,0.11,0.98,25.91,0,26.44,Soldering iron,Resistive
232.2,0.11,0.98,25.81,0,26.34,Soldering iron,Resistive
231.3,0.12,0.98,26.35,0,26.89,Soldering iron,Resistive
232.7,0.11,0.98,25.72,0,26.24,Soldering iron,Resistive
231.4,0.11,0.98,25.35,0,25.87,Soldering iron,Resistive
233.8,0.11,0.98,26.24,0,26.78,Soldering iron,Resistive
232.6,0.11,0.98,26.15,0,26.68,Soldering iron,Resistive
232.5,0.11,0.98,25.22,0,25.73,Soldering iron,Resistive
231.6,0.11,0.98,26.07,0,26.6,Soldering iron,Resistive
232.2,0.11,0.98,25.97,0,26.5,Soldering iron,Resistive
231.8,0.11,0.98,25.67,0,26.19,Soldering iron,Resistive
233,0.11,0.98,25.89,0,26.42,Soldering iron,Resistive
233.9,0.11,0.98,26.03,0,26.56,Soldering iron,Resistive
233.2,0.11,0.98,26.01,0,26.54,Soldering iron,Resistive
232.2,0.11,0.98,25.71,0,26.23,Soldering iron,Resistive
233.9,0.12,0.98,26.52,0,27.06,Soldering iron,Resistive
233.5,0.11,0.98,26.18,0,26.71,Soldering iron,Resistive
233.4,0.12,0.98,26.39,0,26.93,Soldering iron,Resistive
231.6,0.11,0.98,25.6,0,26.12,Soldering iron,Resistive
234.3,0.11,0.98,26.25,0,26.79,Soldering iron,Resistive
232.5,0.11,0.98,25.88,0,26.41,Soldering iron,Resistive
232.3,0.11,0.98,25.94,0,26.47,Soldering iron,Resistive
232.8,0.11,0.98,25.77,0,26.3,Soldering iron,Resistive
233.5,0.11,0.98,25.91,0,26.44,Soldering iron,Resistive
232.6,0.11,0.98,25.64,0,26.16,Soldering iron,Resistive
233.3,0.11,0.98,26.27,0,26.81,Soldering iron,Resistive
231.8,0.11,0.98,25.99,0,26.52,Soldering iron,Resistive
233.6,0.12,0.98,26.52,0,27.06,Soldering iron,Resistive
233.6,0.11,0.98,26.09,0,26.62,Soldering iron,Resistive
232.8,0.11,0.98,26.03,0,26.56,Soldering iron,Resistive
232.6,0.11,0.98,25.12,0,25.63,Soldering iron,Resistive
233.8,0.11,0.98,25.82,0,26.35,Soldering iron,Resistive
233.4,0.11,0.98,26.04,0,26.57,Soldering iron,Resistive
233.8,0.11,0.98,26.27,0,26.81,Soldering iron,Resistive
233.4,0.11,0.98,25.86,0,26.39,Soldering iron,Resistive
232.6,0.11,0.98,25.46,0,25.98,Soldering iron,Resistive
233.8,0.11,0.98,25.82,0,26.35,Soldering iron,Resistive
232.4,0.11,0.98,25.79,0,26.32,Soldering iron,Resistive
233.3,0.11,0.98,26.22,0,26.75,Soldering iron,Resistive
231.7,0.11,0.98,25.52,0,26.04,Soldering iron,Resistive
231.5,0.11,0.98,25.65,0,26.17,Soldering iron,Resistive
231.5,0.11,0.98,25.24,0,25.75,Soldering iron,Resistive
233.3,0.11,0.98,26.19,0,26.72,Soldering iron,Resistive
233.4,0.11,0.98,25.75,0,26.28,Soldering iron,Resistive
233.1,0.11,0.98,25.86,0,26.39,Soldering iron,Resistive
233.6,0.12,0.98,26.42,0,26.96,Soldering iron,Resistive
232.3,0.11,0.98,25.91,0,26.44,Soldering iron,Resistive
233.4,0.11,0.98,26.25,0,26.79,Soldering iron,Resistive
233.6,0.11,0.98,25.71,0,26.23,Soldering iron,Resistive
231.9,0.11,0.98,25.54,0,26.06,Soldering iron,Resistive
233.1,0.11,0.98,25.65,0,26.17,Soldering iron,Resistive
232.3,0.11,0.98,25.67,0,26.19,Soldering iron,Resistive
233,0.11,0.98,25.67,0,26.19,Soldering iron,Resistive
233.7,0.12,0.98,26.49,0,27.03,Soldering iron,Resistive
234.5,0.11,0.98,26.34,0,26.88,Soldering iron,Resistive
233.8,0.12,0.98,26.42,0,26.96,Soldering iron,Resistive
231.9,0.11,0.98,26.12,0,26.65,Soldering iron,Resistive
232.4,0.12,0.98,26.23,0,26.77,Soldering iron,Resistive
232.2,0.11,0.98,25.5,0,26.02,Soldering iron,Resistive
230.8,0.12,0.98,26.19,0,26.72,Soldering iron,Resistive
232.2,0.11,0.98,26,0,26.53,Soldering iron,Resistive
232.5,0.12,0.98,26.21,0,26.74,Soldering iron,Resistive
234.1,0.11,0.98,25.86,0,26.39,Soldering iron,Resistive
233.1,0.11,0.98,26.15,0,26.68,Soldering iron,Resistive
232.8,0.11,0.98,25.58,0,26.1,Soldering iron,Resistive
232.8,0.12,0.98,26.38,0,26.92,Soldering iron,Resistive
233.1,0.11,0.98,26.09,0,26.62,Soldering iron,Resistive
232.9,0.11,0.98,25.6,0,26.12,Soldering iron,Resistive
233.4,0.12,0.98,26.41,0,26.95,Soldering iron,Resistive
234.5,0.12,0.98,26.52,0,27.06,Soldering iron,Resistive
233.2,0.11,0.98,25.53,0,26.05,Soldering iron,Resistive
233.5,0.11,0.98,26.04,0,26.57,Soldering iron,Resistive
231.5,0.11,0.98,25.77,0,26.3,Soldering iron,Resistive
232.6,0.11,0.98,25.74,0,26.27,Soldering iron,Resistive
233.9,0.11,0.98,25.76,0,26.29,Soldering iron,Resistive
233.2,0.11,0.98,26.27,0,26.81,Soldering iron,Resistive
232,0.11,0.98,25.41,0,25.93,Soldering iron,Resistive
230.5,0.12,0.98,26.06,0,26.59,Soldering iron,Resistive
233.2,0.11,0.98,25.41,0,25.93,Soldering iron,Resistive
233.5,0.11,0.98,26.13,0,26.66,Soldering iron,Resistive
231.9,0.11,0.98,26.04,0,26.57,Soldering iron,Resistive
233.2,0.12,0.98,26.35,0,26.89,Soldering iron,Resistive
232.2,0.11,0.98,25.29,0,25.81,Soldering iron,Resistive
232.9,0.11,0.98,25.75,0,26.28,Soldering iron,Resistive
233.2,0.12,0.98,26.34,0,26.88,Soldering iron,Resistive
233.5,0.12,0.98,26.32,0,26.86,Soldering iron,Resistive
231.5,0.11,0.98,26.01,0,26.54,Soldering iron,Resistive
233.2,0.11,0.98,25.53,0,26.05,Soldering iron,Resistive
233,0.11,0.98,25.72,0,26.25,Soldering iron,Resistive
231.5,0.11,0.98,25.22,0,25.73,Soldering iron,Resistive
231.1,0.11,0.98,25.88,0,26.41,Soldering iron,Resistive
232.5,0.12,0.98,26.22,0,26.75,Soldering iron,Resistive
232.2,0.11,0.98,25.63,0,26.15,Soldering iron,Resistive
234.3,0.11,0.98,26.08,0,26.61,Soldering iron,Resistive
232.6,0.11,0.98,25.94,0,26.47,Soldering iron,Resistive
232.6,0.12,0.98,26.4,0,26.94,Soldering iron,Resistive
233.9,0.11,0.98,25.97,0,26.5,Soldering iron,Resistive
233.5,0.11,0.98,26.26,0,26.8,Soldering iron,Resistive
234.3,0.11,0.98,26.04,0,26.57,Soldering iron,Resistive
233.3,0.11,0.98,25.9,0,26.43,Soldering iron,Resistive
232.1,0.11,0.98,26,0,26.53,Soldering iron,Resistive
231.4,0.11,0.98,25.83,0,26.36,Soldering iron,Resistive
234.3,0.11,0.98,25.39,0,25.91,Soldering iron,Resistive
234,0.11,0.98,25.83,0,26.36,Soldering iron,Resistive
232.6,0.11,0.98,25.8,0,26.33,Soldering iron,Resistive
234.4,0.12,0.98,26.42,0,26.96,Soldering iron,Resistive
232.8,0.11,0.98,25.98,0,26.51,Soldering iron,Resistive
231.5,0.12,0.98,26.11,0,26.64,Soldering iron,Resistive
233.3,0.11,0.98,26.08,0,26.61,Soldering iron,Resistive
232.8,0.11,0.98,25.75,0,26.28,Soldering iron,Resistive
233.1,0.11,0.98,25.95,0,26.48,Soldering iron,Resistive
233,0.12,0.98,26.37,0,26.91,Soldering iron,Resistive
233.6,0.11,0.98,26.25,0,26.79,Soldering iron,Resistive
232.6,0.12,0.98,26.27,0,26.81,Soldering iron,Resistive
232.6,0.11,0.98,25.75,0,26.28,Soldering iron,Resistive
232.6,0.12,0.98,26.36,0,26.9,Soldering iron,Resistive
232.6,0.11,0.98,25.7,0,26.22,Soldering iron,Resistive
230.9,0.11,0.98,25.43,0,25.95,Soldering iron,Resistive
233.4,0.11,0.98,25.83,0,26.36,Soldering iron,Resistive
233.3,0.11,0.98,26,0,26.53,Soldering iron,Resistive
234.2,0.12,0.98,26.46,0,27,Soldering iron,Resistive
233.7,0.11,0.98,25.88,0,26.41,Soldering iron,Resistive
234.2,0.11,0.98,26.27,0,26.81,Soldering iron,Resistive
233.6,0.12,0.98,26.39,0,26.93,Soldering iron,Resistive
233.5,0.11,0.98,26.12,0,26.65,Soldering iron,Resistive
233.8,0.11,0.98,25.9,0,26.43,Soldering iron,Resistive
232.7,0.11,0.98,25.86,0,26.39,Soldering iron,Resistive
231.4,0.11,0.98,26.01,0,26.54,Soldering iron,Resistive
232.1,0.11,0.98,25.72,0,26.25,Soldering iron,Resistive
231,0.11,0.98,25.63,0,26.15,Soldering iron,Resistive
232.6,0.11,0.98,26.08,0,26.61,Soldering iron,Resistive
232.4,0.11,0.98,25.75,0,26.28,Soldering iron,Resistive
232.9,0.12,0.98,26.26,0,26.8,Soldering iron,Resistive
234.1,0.11,0.98,26.28,0,26.82,Soldering iron,Resistive
232.2,0.11,0.98,25.48,0,26,Soldering iron,Resistive
233.2,0.11,0.98,25.66,0,26.18,Soldering iron,Resistive
232.5,0.11,0.98,26.06,0,26.59,Soldering iron,Resistive
232.7,0.11,0.98,25.33,0,25.85,Soldering iron,Resistive
233.7,0.11,0.98,26.19,0,26.72,Soldering iron,Resistive
233.5,0.11,0.98,25.9,0,26.43,Soldering iron,Resistive
231.8,0.11,0.98,25.62,0,26.14,Soldering iron,Resistive
233.8,0.11,0.98,26.33,0,26.87,Soldering iron,Resistive
233.4,0.11,0.98,25.48,0,26,Soldering iron,Resistive
233,0.11,0.98,26,0,26.53,Soldering iron,Resistive
233.4,0.11,0.98,25.73,0,26.26,Soldering iron,Resistive
233.5,0.11,0.98,26.1,0,26.63,Soldering iron,Resistive
232.4,0.11,0.98,25.77,0,26.3,Soldering iron,Resistive
232.9,0.11,0.98,25.98,0,26.51,Soldering iron,Resistive
233.6,0.11,0.98,26.26,0,26.8,Soldering iron,Resistive
230.3,0.11,0.98,25.49,0,26.01,Soldering iron,Resistive
230.7,0.11,0.98,25.99,0,26.52,Soldering iron,Resistive
232.5,0.11,0.98,25.54,0,26.06,Soldering iron,Resistive
233.3,0.11,0.98,25.74,0,26.27,Soldering iron,Resistive
233.5,0.11,0.98,26.23,0,26.77,Soldering iron,Resistive
232.7,0.11,0.98,26.07,0.001,26.6,Soldering iron,Resistive
232,0.12,0.98,26.24,0.001,26.78,Soldering iron,Resistive
233.6,0.12,0.98,26.47,0.001,27.01,Soldering iron,Resistive
232.9,0.11,0.98,26.05,0.001,26.58,Soldering iron,Resistive
231.7,0.11,0.98,25.71,0.001,26.23,Soldering iron,Resistive
233,0.11,0.98,26.13,0.001,26.66,Soldering iron,Resistive
232.1,0.11,0.98,25.97,0.001,26.5,Soldering iron,Resistive
233.2,0.12,0.98,26.35,0.001,26.89,Soldering iron,Resistive
233,0.11,0.98,26.03,0.001,26.56,Soldering iron,Resistive
233.4,0.11,0.98,26.12,0.001,26.65,Soldering iron,Resistive
231.9,0.11,0.98,25.55,0.001,26.07,Soldering iron,Resistive
232.8,0.11,0.98,25.8,0.001,26.33,Soldering iron,Resistive
231.9,0.11,0.98,25.88,0.001,26.41,Soldering iron,Resistive
232.6,0.11,0.98,26.03,0.001,26.56,Soldering iron,Resistive
232.6,0.11,0.98,25.96,0.001,26.49,Soldering iron,Resistive
233.6,0.12,0.98,26.46,0.001,27,Soldering iron,Resistive
233.5,0.11,0.98,25.96,0.001,26.49,Soldering iron,Resistive
228,0.11,0.98,24.64,0.001,25.14,Soldering iron,Resistive
232.3,0.11,0.98,26.01,0.001,26.54,Soldering iron,Resistive
233.5,0.12,0.98,26.42,0.001,26.96,Soldering iron,Resistive
232.5,0.12,0.98,26.26,0.001,26.8,Soldering iron,Resistive
231.9,0.11,0.98,25.68,0.001,26.2,Soldering iron,Resistive
232.6,0.11,0.98,25.91,0.001,26.44,Soldering iron,Resistive
231.5,0.11,0.98,25.64,0.001,26.16,Soldering iron,Resistive
232.5,0.11,0.98,25.77,0.001,26.3,Soldering iron,Resistive
232.4,0.11,0.98,25.82,0.001,26.35,Soldering iron,Resistive
232.7,0.11,0.98,26,0.001,26.53,Soldering iron,Resistive
232.2,0.11,0.98,25.69,0.001,26.21,Soldering iron,Resistive
232.3,0.11,0.98,25.72,0.001,26.24,Soldering iron,Resistive
233.6,0.11,0.98,26.12,0.001,26.65,Soldering iron,Resistive
231.9,0.11,0.98,25.75,0.001,26.28,Soldering iron,Resistive
232.8,0.11,0.98,26.02,0.001,26.55,Soldering iron,Resistive
231.3,0.12,0.98,26.19,0.001,26.72,Soldering iron,Resistive
231.6,0.11,0.98,25.15,0.001,25.66,Soldering iron,Resistive
233.1,0.11,0.98,25.86,0.001,26.39,Soldering iron,Resistive
232.4,0.11,0.98,26.19,0.001,26.72,Soldering iron,Resistive
232.6,0.11,0.98,26.13,0.001,26.66,Soldering iron,Resistive
231.3,0.11,0.98,25.58,0.001,26.1,Soldering iron,Resistive
231.4,0.11,0.98,25.97,0.001,26.5,Soldering iron,Resistive
232.3,0.12,0.98,26.23,0.001,26.77,Soldering iron,Resistive
232.5,0.11,0.98,25.59,0.001,26.11,Soldering iron,Resistive
229.9,0.11,0.98,25.24,0.001,25.75,Soldering iron,Resistive
227.8,0.11,0.98,24.51,0.001,25.01,Soldering iron,Resistive
229.4,0.11,0.98,24.91,0.001,25.42,Soldering iron,Resistive
232.3,0.11,0.98,25.3,0.001,25.82,Soldering iron,Resistive
232.7,0.11,0.98,26,0.001,26.53,Soldering iron,Resistive
232.4,0.11,0.98,25.66,0.001,26.18,Soldering iron,Resistive
231.3,0.11,0.98,25.64,0.001,26.16,Soldering iron,Resistive
231.8,0.11,0.98,25.23,0.001,25.74,Soldering iron,Resistive
232.4,0.11,0.98,25.83,0.001,26.36,Soldering iron,Resistive
231.8,0.11,0.98,25.7,0.001,26.22,Soldering iron,Resistive
232.2,0.11,0.98,25.95,0.001,26.48,Soldering iron,Resistive
232.8,0.11,0.98,25.64,0.001,26.16,Soldering iron,Resistive
232.2,0.11,0.98,25.63,0.001,26.15,Soldering iron,Resistive
231.2,0.12,0.98,26.2,0.001,26.73,Soldering iron,Resistive
231.6,0.11,0.98,25.68,0.001,26.2,Soldering iron,Resistive
230.3,0.11,0.98,25.55,0.001,26.07,Soldering iron,Resistive
231.7,0.11,0.98,25.88,0.001,26.41,Soldering iron,Resistive
231.7,0.11,0.98,25.94,0.001,26.47,Soldering iron,Resistive
231.6,0.11,0.98,24.73,0.001,25.23,Soldering iron,Resistive
230.8,0.11,0.98,25.72,0.001,26.24,Soldering iron,Resistive
233,0.11,0.98,25.94,0.001,26.47,Soldering iron,Resistive
233,0.11,0.98,25.8,0.001,26.33,Soldering iron,Resistive
233.4,0.11,0.98,26.19,0.001,26.72,Soldering iron,Resistive
231.7,0.11,0.98,25.06,0.001,25.57,Soldering iron,Resistive
232.6,0.11,0.98,25.88,0.001,26.41,Soldering iron,Resistive
232.4,0.11,0.98,25.92,0.001,26.45,Soldering iron,Resistive
231.1,0.11,0.98,25.68,0.001,26.2,Soldering iron,Resistive
232.4,0.11,0.98,25.61,0.001,26.13,Soldering iron,Resistive
231.1,0.11,0.98,25.36,0.001,25.88,Soldering iron,Resistive
232.6,0.11,0.98,25.97,0.001,26.5,Soldering iron,Resistive
233,0.11,0.98,25.79,0.001,26.32,Soldering iron,Resistive
233,0.11,0.98,25.93,0.001,26.46,Soldering iron,Resistive
232.3,0.11,0.98,26.13,0.001,26.66,Soldering iron,Resistive
231.4,0.11,0.98,25.55,0.001,26.07,Soldering iron,Resistive
232.1,0.11,0.98,24.86,0.001,25.37,Soldering iron,Resistive
232.5,0.11,0.98,25.74,0.001,26.27,Soldering iron,Resistive
231.6,0.11,0.98,25.74,0.001,26.27,Soldering iron,Resistive
232.9,0.11,0.98,25.87,0.001,26.4,Soldering iron,Resistive
232.9,0.11,0.98,25.97,0.001,26.5,Soldering iron,Resistive
232.7,0.11,0.98,25.86,0.001,26.39,Soldering iron,Resistive
232.6,0.11,0.98,26.18,0.001,26.71,Soldering iron,Resistive
232.4,0.11,0.98,25.7,0.001,26.22,Soldering iron,Resistive
233.6,0.11,0.98,26.12,0.001,26.65,Soldering iron,Resistive
230.9,0.11,0.98,25.95,0.001,26.48,Soldering iron,Resistive
232.5,0.11,0.98,26.06,0.001,26.59,Soldering iron,Resistive
232.2,0.11,0.98,25.82,0.001,26.35,Soldering iron,Resistive
233.9,0.11,0.98,25.99,0.001,26.52,Soldering iron,Resistive
232.2,0.11,0.98,25.61,0.001,26.13,Soldering iron,Resistive
230.9,0.11,0.98,25.79,0.001,26.32,Soldering iron,Resistive
232.5,0.11,0.98,25.23,0.001,25.74,Soldering iron,Resistive
232.7,0.11,0.98,25.62,0.001,26.14,Soldering iron,Resistive
233.3,0.11,0.98,25.72,0.001,26.24,Soldering iron,Resistive
233.8,0.11,0.98,26.07,0.001,26.6,Soldering iron,Resistive
233.2,0.11,0.98,25.72,0.001,26.25,Soldering iron,Resistive
232.3,0.12,0.98,26.19,0.001,26.72,Soldering iron,Resistive
232.1,0.11,0.98,25.86,0.001,26.39,Soldering iron,Resistive
232.7,0.11,0.98,25.44,0.001,25.96,Soldering iron,Resistive
231.4,0.11,0.98,25.73,0.001,26.26,Soldering iron,Resistive
233.8,0.11,0.98,25.78,0.001,26.31,Soldering iron,Resistive
233.4,0.11,0.98,25.84,0.001,26.37,Soldering iron,Resistive
233.3,0.11,0.98,26.04,0.001,26.57,Soldering iron,Resistive
233.7,0.11,0.98,26.22,0.001,26.76,Soldering iron,Resistive
232.4,0.11,0.98,25.35,0.001,25.87,Soldering iron,Resistive
230.5,0.11,0.98,25.51,0.001,26.03,Soldering iron,Resistive
232.8,0.11,0.98,25.72,0.001,26.24,Soldering iron,Resistive
233.1,0.11,0.98,25.85,0.001,26.38,Soldering iron,Resistive
234.4,0.11,0.98,25.7,0.001,26.22,Soldering iron,Resistive
231.8,0.11,0.98,25.69,0.001,26.21,Soldering iron,Resistive
232.3,0.11,0.98,25.5,0.001,26.02,Soldering iron,Resistive
232.4,0.11,0.98,26.13,0.001,26.66,Soldering iron,Resistive
234.2,0.11,0.98,26.01,0.001,26.54,Soldering iron,Resistive
231.4,0.11,0.98,25.92,0.001,26.45,Soldering iron,Resistive
232.2,0.11,0.98,25.42,0.001,25.94,Soldering iron,Resistive
232.9,0.11,0.98,26.05,0.001,26.58,Soldering iron,Resistive
233.6,0.11,0.98,26.08,0.001,26.61,Soldering iron,Resistive
233.2,0.11,0.98,26.16,0.001,26.69,Soldering iron,Resistive
233.1,0.11,0.98,25.83,0.001,26.36,Soldering iron,Resistive
231.3,0.11,0.98,25.61,0.001,26.13,Soldering iron,Resistive
233.3,0.11,0.98,26.22,0.001,26.76,Soldering iron,Resistive
233.4,0.11,0.98,26.23,0.001,26.77,Soldering iron,Resistive
233,0.11,0.98,25.51,0.001,26.03,Soldering iron,Resistive
233.8,0.11,0.98,25.82,0.001,26.35,Soldering iron,Resistive
234,0.11,0.98,25.82,0.001,26.35,Soldering iron,Resistive
233.1,0.11,0.98,25.81,0.001,26.34,Soldering iron,Resistive
234.3,0.11,0.98,26.21,0.001,26.74,Soldering iron,Resistive
233.7,0.11,0.98,25.8,0.001,26.33,Soldering iron,Resistive
233.5,0.11,0.98,25.66,0.001,26.18,Soldering iron,Resistive
234.2,0.11,0.98,25.87,0.001,26.4,Soldering iron,Resistive
232.5,0.12,0.98,26.41,0.001,26.95,Soldering iron,Resistive
234.6,0.12,0.98,26.63,0.001,27.17,Soldering iron,Resistive
234.3,0.11,0.98,26.22,0.001,26.76,Soldering iron,Resistive
233.7,0.11,0.98,25.87,0.001,26.4,Soldering iron,Resistive
232.8,0.11,0.98,25.76,0.001,26.29,Soldering iron,Resistive
233.9,0.11,0.98,26.03,0.001,26.56,Soldering iron,Resistive
233.5,0.11,0.98,25.97,0.001,26.5,Soldering iron,Resistive
231.6,0.11,0.98,25.89,0.001,26.42,Soldering iron,Resistive
234.1,0.11,0.98,25.79,0.001,26.32,Soldering iron,Resistive
234.3,0.11,0.98,25.82,0.001,26.35,Soldering iron,Resistive
232.7,0.11,0.98,25.91,0.001,26.44,Soldering iron,Resistive
234,0.12,0.98,26.5,0.001,27.04,Soldering iron,Resistive
234.1,0.11,0.98,25.39,0.001,25.91,Soldering iron,Resistive
233.8,0.11,0.98,25.77,0.001,26.3,Soldering iron,Resistive
231.5,0.11,0.98,25.94,0.001,26.47,Soldering iron,Resistive
232.6,0.11,0.98,25.33,0.001,25.85,Soldering iron,Resistive
232.9,0.12,0.98,26.28,0.001,26.82,Soldering iron,Resistive
233.2,0.11,0.98,25.99,0.001,26.52,Soldering iron,Resistive
234.7,0.11,0.98,26.24,0.001,26.78,Soldering iron,Resistive
233.4,0.11,0.98,25.97,0.001,26.5,Soldering iron,Resistive
233.3,0.11,0.98,25.16,0.001,25.67,Soldering iron,Resistive
234.1,0.11,0.98,25.99,0.001,26.52,Soldering iron,Resistive
234.7,0.12,0.98,26.51,0.001,27.05,Soldering iron,Resistive
234,0.11,0.98,26.2,0.001,26.73,Soldering iron,Resistive
233.5,0.11,0.98,26.16,0.001,26.69,Soldering iron,Resistive
233.5,0.11,0.98,26.23,0.001,26.77,Soldering iron,Resistive
232.9,0.11,0.98,25.59,0.001,26.11,Soldering iron,Resistive
232.4,0.11,0.98,25.97,0.001,26.5,Soldering iron,Resistive
233.5,0.11,0.98,25.96,0.001,26.49,Soldering iron,Resistive
233,0.11,0.98,25.93,0.001,26.46,Soldering iron,Resistive
232.3,0.11,0.98,25.59,0.001,26.11,Soldering iron,Resistive
232.4,0.11,0.98,25.42,0.001,25.94,Soldering iron,Resistive
233.3,0.11,0.98,25.87,0.001,26.4,Soldering iron,Resistive
233.7,0.11,0.98,26.16,0.001,26.69,Soldering iron,Resistive
231.7,0.11,0.98,25.78,0.001,26.31,Soldering iron,Resistive
233.2,0.11,0.98,26.05,0.001,26.58,Soldering iron,Resistive
232.4,0.11,0.98,25.79,0.001,26.32,Soldering iron,Resistive
233.8,0.11,0.98,25.84,0.001,26.37,Soldering iron,Resistive
232.4,0.11,0.98,25.61,0.001,26.13,Soldering iron,Resistive
233.6,0.11,0.98,25.95,0.001,26.48,Soldering iron,Resistive
232.2,0.11,0.98,25.19,0.001,25.7,Soldering iron,Resistive
232.8,0.11,0.98,25.71,0.001,26.23,Soldering iron,Resistive
233,0.11,0.98,26.06,0.001,26.59,Soldering iron,Resistive
233.6,0.11,0.98,25.95,0.001,26.48,Soldering iron,Resistive
233,0.11,0.98,26.15,0.001,26.68,Soldering iron,Resistive
232.6,0.11,0.98,25.72,0.001,26.24,Soldering iron,Resistive
233.1,0.11,0.98,26.15,0.001,26.68,Soldering iron,Resistive
232.3,0.11,0.98,25.56,0.001,26.08,Soldering iron,Resistive
234.5,0.11,0.98,25.91,0.001,26.44,Soldering iron,Resistive
234.6,0.11,0.98,26.17,0.001,26.7,Soldering iron,Resistive
232.9,0.11,0.98,25.83,0.001,26.36,Soldering iron,Resistive
234.4,0.11,0.98,25.79,0.001,26.32,Soldering iron,Resistive
233.5,0.11,0.98,26.04,0.001,26.57,Soldering iron,Resistive
230.8,0.11,0.98,25.91,0.001,26.44,Soldering iron,Resistive
231.7,0.11,0.98,25.79,0.001,26.32,Soldering iron,Resistive
231.2,0.11,0.98,25.33,0.001,25.85,Soldering iron,Resistive
233.3,0.12,0.98,26.29,0.001,26.83,Soldering iron,Resistive
232.4,0.11,0.98,25.9,0.001,26.43,Soldering iron,Resistive
231.8,0.11,0.98,25.45,0.001,25.97,Soldering iron,Resistive
232.9,0.11,0.98,26,0.001,26.53,Soldering iron,Resistive
232,0.11,0.98,25.56,0.001,26.08,Soldering iron,Resistive
233.4,0.11,0.98,26.06,0.001,26.59,Soldering iron,Resistive
233.7,0.11,0.98,26.2,0.001,26.73,Soldering iron,Resistive
233.2,0.11,0.98,25.96,0.001,26.49,Soldering iron,Resistive
233.4,0.11,0.98,26,0.001,26.53,Soldering iron,Resistive
233.9,0.11,0.98,25.64,0.001,26.16,Soldering iron,Resistive
233.8,0.11,0.98,26.21,0.001,26.74,Soldering iron,Resistive
233.5,0.11,0.98,26.14,0.001,26.67,Soldering iron,Resistive
233.7,0.11,0.98,25.82,0.001,26.35,Soldering iron,Resistive
233.2,0.11,0.98,25.85,0.001,26.38,Soldering iron,Resistive
234.1,0.11,0.98,25.91,0.001,26.44,Soldering iron,Resistive
233.5,0.11,0.98,26,0.001,26.53,Soldering iron,Resistive
232.7,0.11,0.98,25.6,0.001,26.12,Soldering iron,Resistive
234.3,0.11,0.98,25.53,0.001,26.05,Soldering iron,Resistive
233.1,0.11,0.98,25.8,0.001,26.33,Soldering iron,Resistive
233,0.11,0.98,25.88,0.001,26.41,Soldering iron,Resistive
234,0.11,0.98,26.08,0.001,26.61,Soldering iron,Resistive
231.5,0.12,0.98,26.22,0.001,26.76,Soldering iron,Resistive
233.2,0.12,0.98,26.39,0.001,26.93,Soldering iron,Resistive
234.3,0.11,0.98,25.99,0.001,26.52,Soldering iron,Resistive
233.9,0.11,0.98,26.04,0.001,26.57,Soldering iron,Resistive
233.3,0.11,0.98,26.11,0.001,26.64,Soldering iron,Resistive
234.1,0.11,0.98,26.29,0.001,26.83,Soldering iron,Resistive
234.4,0.11,0.98,25.92,0.001,26.45,Soldering iron,Resistive
233.3,0.11,0.98,25.89,0.001,26.42,Soldering iron,Resistive
233.2,0.11,0.98,26,0.001,26.53,Soldering iron,Resistive
231.4,0.11,0.98,25.72,0.001,26.25,Soldering iron,Resistive
232.4,0.12,0.98,26.2,0.001,26.73,Soldering iron,Resistive
233.1,0.11,0.98,25.6,0.001,26.12,Soldering iron,Resistive
232.2,0.11,0.98,25.54,0.001,26.06,Soldering iron,Resistive
232.9,0.11,0.98,26.07,0.001,26.6,Soldering iron,Resistive
232.2,0.11,0.98,25.33,0.001,25.85,Soldering iron,Resistive
232.3,0.11,0.98,25.93,0.001,26.46,Soldering iron,Resistive
230.6,0.11,0.98,25.58,0.001,26.1,Soldering iron,Resistive
232.7,0.11,0.98,25.29,0.001,25.81,Soldering iron,Resistive
232.2,0.11,0.98,25.33,0.001,25.85,Soldering iron,Resistive
233.1,0.11,0.98,25.81,0.001,26.34,Soldering iron,Resistive
233.9,0.11,0.98,26.29,0.001,26.83,Soldering iron,Resistive
234.1,0.11,0.98,26.21,0.001,26.74,Soldering iron,Resistive
233.3,0.12,0.98,26.43,0.001,26.97,Soldering iron,Resistive
232.7,0.11,0.98,25.96,0.001,26.49,Soldering iron,Resistive
234.1,0.11,0.98,25.93,0.001,26.46,Soldering iron,Resistive
234,0.11,0.98,25.8,0.001,26.33,Soldering iron,Resistive
232.5,0.11,0.98,25.87,0.001,26.4,Soldering iron,Resistive
234,0.11,0.98,26.3,0.001,26.84,Soldering iron,Resistive
233.6,0.11,0.98,25.67,0.001,26.19,Soldering iron,Resistive
232.8,0.11,0.98,25.58,0.001,26.1,Soldering iron,Resistive
232.6,0.11,0.98,25.92,0.001,26.45,Soldering iron,Resistive
232.7,0.12,0.98,26.44,0.001,26.98,Soldering iron,Resistive
231.9,0.11,0.98,25.15,0.001,25.66,Soldering iron,Resistive
231,0.11,0.98,25.82,0.001,26.35,Soldering iron,Resistive
234.1,0.11,0.98,26.09,0.001,26.62,Soldering iron,Resistive
233.5,0.11,0.98,26.07,0.001,26.6,Soldering iron,Resistive
234.2,0.11,0.98,25.67,0.001,26.19,Soldering iron,Resistive
233.2,0.11,0.98,26.07,0.001,26.6,Soldering iron,Resistive
233.5,0.11,0.98,25.55,0.001,26.07,Soldering iron,Resistive
234,0.11,0.98,25.74,0.001,26.27,Soldering iron,Resistive
232.8,0.11,0.98,25.29,0.001,25.81,Soldering iron,Resistive
233.8,0.11,0.98,25.84,0.001,26.37,Soldering iron,Resistive
232.5,0.11,0.98,25.63,0.001,26.15,Soldering iron,Resistive
231,0.11,0.98,25.51,0.001,26.03,Soldering iron,Resistive
233,0.11,0.98,25.37,0.001,25.89,Soldering iron,Resistive
234,0.11,0.98,25.94,0.001,26.47,Soldering iron,Resistive
233.3,0.11,0.98,25.46,0.001,25.98,Soldering iron,Resistive
233.4,0.11,0.98,25.95,0.001,26.48,Soldering iron,Resistive
234.2,0.11,0.98,25.67,0.001,26.19,Soldering iron,Resistive
233.2,0.12,0.98,26.29,0.001,26.83,Soldering iron,Resistive
231.3,0.11,0.98,25.58,0.001,26.1,Soldering iron,Resistive
232.6,0.11,0.98,25.88,0.001,26.41,Soldering iron,Resistive
232.7,0.11,0.98,25.35,0.001,25.87,Soldering iron,Resistive
232.3,0.11,0.98,25.76,0.001,26.29,Soldering iron,Resistive
233.4,0.11,0.98,25.69,0.001,26.21,Soldering iron,Resistive
233.5,0.11,0.98,26.08,0.001,26.61,Soldering iron,Resistive
234,0.11,0.98,25.67,0.001,26.19,Soldering iron,Resistive
234.2,0.11,0.98,25.76,0.001,26.29,Soldering iron,Resistive
234,0.11,0.98,25.64,0.001,26.16,Soldering iron,Resistive
233.5,0.11,0.98,25.7,0.001,26.22,Soldering iron,Resistive
233.9,0.11,0.98,26.09,0.001,26.62,Soldering iron,Resistive
234.4,0.11,0.98,26.22,0.001,26.76,Soldering iron,Resistive
233.2,0.11,0.98,25.7,0.001,26.22,Soldering iron,Resistive
231.3,0.11,0.98,25.53,0.001,26.05,Soldering iron,Resistive
232.5,0.11,0.98,25.69,0.001,26.21,Soldering iron,Resistive
231.2,0.11,0.98,25.61,0.001,26.13,Soldering iron,Resistive
234.2,0.11,0.98,26.25,0.001,26.79,Soldering iron,Resistive
232.1,0.11,0.98,25.2,0.001,25.71,Soldering iron,Resistive
232.4,0.11,0.98,25.56,0.001,26.08,Soldering iron,Resistive
233.3,0.11,0.98,25.76,0.001,26.29,Soldering iron,Resistive
230.8,0.11,0.98,25.65,0.001,26.17,Soldering iron,Resistive
232.8,0.11,0.98,25.51,0.001,26.03,Soldering iron,Resistive
232.6,0.11,0.98,25.63,0.001,26.15,Soldering iron,Resistive
233.5,0.11,0.98,25.85,0.001,26.38,Soldering iron,Resistive
232.2,0.11,0.98,25.57,0.001,26.09,Soldering iron,Resistive
231.6,0.11,0.98,25.57,0.001,26.09,Soldering iron,Resistive
233,0.11,0.98,25.56,0.001,26.08,Soldering iron,Resistive
231.8,0.11,0.98,25.47,0.001,25.99,Soldering iron,Resistive
232,0.11,0.98,25.69,0.001,26.21,Soldering iron,Resistive
232.2,0.11,0.98,25.26,0.001,25.78,Soldering iron,Resistive
232.6,0.11,0.98,25.74,0.001,26.27,Soldering iron,Resistive
230.4,0.11,0.98,25.69,0.001,26.21,Soldering iron,Resistive
232.2,0.11,0.98,25.03,0.001,25.54,Soldering iron,Resistive
230.6,0.11,0.98,25.44,0.001,25.96,Soldering iron,Resistive
232.5,0.11,0.98,25.09,0.001,25.6,Soldering iron,Resistive
232.6,0.11,0.98,26.04,0.001,26.57,Soldering iron,Resistive
232.6,0.11,0.98,25.83,0.001,26.36,Soldering iron,Resistive
234.3,0.11,0.98,25.59,0.001,26.11,Soldering iron,Resistive
233.4,0.11,0.98,25.69,0.001,26.21,Soldering iron,Resistive
233.3,0.11,0.98,26.17,0.001,26.7,Soldering iron,Resistive
232.7,0.11,0.98,25.39,0.001,25.91,Soldering iron,Resistive
233.1,0.11,0.98,25.63,0.001,26.15,Soldering iron,Resistive
233.3,0.11,0.98,25.85,0.001,26.38,Soldering iron,Resistive
230.7,0.11,0.98,25.56,0.001,26.08,Soldering iron,Resistive
231.9,0.11,0.98,25.54,0.001,26.06,Soldering iron,Resistive
231.6,0.11,0.98,25.94,0.001,26.47,Soldering iron,Resistive
233.7,0.11,0.98,25.55,0.001,26.07,Soldering iron,Resistive
232.8,0.11,0.98,25.25,0.001,25.77,Soldering iron,Resistive
232.8,0.11,0.98,25.67,0.001,26.19,Soldering iron,Resistive
233.1,0.11,0.98,25.93,0.001,26.46,Soldering iron,Resistive
233.2,0.11,0.98,25.97,0.001,26.5,Soldering iron,Resistive
232.8,0.11,0.98,25.83,0.001,26.36,Soldering iron,Resistive
233.2,0.11,0.98,25.73,0.001,26.26,Soldering iron,Resistive
233.8,0.11,0.98,26.29,0.001,26.83,Soldering iron,Resistive
232,0.11,0.98,25.78,0.001,26.31,Soldering iron,Resistive
232.3,0.11,0.98,25.72,0.001,26.24,Soldering iron,Resistive
233,0.11,0.98,25.35,0.001,25.87,Soldering iron,Resistive
232.7,0.11,0.98,25.46,0.001,25.98,Soldering iron,Resistive
232.9,0.11,0.98,25.96,0.001,26.49,Soldering iron,Resistive
231.9,0.11,0.98,25.09,0.001,25.6,Soldering iron,Resistive
230.3,0.11,0.98,25.29,0.001,25.81,Soldering iron,Resistive
232.9,0.11,0.98,25.5,0.001,26.02,Soldering iron,Resistive
233.6,0.11,0.98,25.84,0.001,26.37,Soldering iron,Resistive
233,0.11,0.98,26.05,0.001,26.58,Soldering iron,Resistive
232.3,0.11,0.98,25.94,0.001,26.47,Soldering iron,Resistive
233.1,0.11,0.98,25.61,0.001,26.13,Soldering iron,Resistive
232.9,0.11,0.98,25.47,0.001,25.99,Soldering iron,Resistive
232.9,0.11,0.98,25.4,0.001,25.92,Soldering iron,Resistive
233.3,0.11,0.98,25.57,0.001,26.09,Soldering iron,Resistive
233.8,0.12,0.98,26.41,0.001,26.95,Soldering iron,Resistive
233.7,0.11,0.98,25.7,0.001,26.22,Soldering iron,Resistive
230.8,0.11,0.98,25.86,0.001,26.39,Soldering iron,Resistive
232.9,0.11,0.98,25.58,0.001,26.1,Soldering iron,Resistive
234,0.12,0.98,26.38,0.001,26.92,Soldering iron,Resistive
232.3,0.11,0.98,25.84,0.001,26.37,Soldering iron,Resistive
233,0.11,0.98,25.66,0.001,26.18,Soldering iron,Resistive
232.5,0.11,0.98,25.16,0.001,25.67,Soldering iron,Resistive
232.9,0.11,0.98,25.68,0.001,26.2,Soldering iron,Resistive
231.2,0.11,0.98,25.93,0.001,26.46,Soldering iron,Resistive
233.4,0.11,0.98,25.39,0.001,25.91,Soldering iron,Resistive
231.9,0.11,0.98,26.02,0.001,26.55,Soldering iron,Resistive
231.9,0.11,0.98,25.41,0.001,25.93,Soldering iron,Resistive
232.6,0.11,0.98,25.63,0.001,26.15,Soldering iron,Resistive
232.8,0.11,0.98,25.38,0.001,25.9,Soldering iron,Resistive
231.9,0.11,0.98,25.28,0.001,25.8,Soldering iron,Resistive
232.6,0.11,0.98,25.58,0.001,26.1,Soldering iron,Resistive
232.1,0.11,0.98,25.32,0.001,25.84,Soldering iron,Resistive
231.8,0.11,0.98,25.88,0.001,26.41,Soldering iron,Resistive
233.7,0.11,0.98,25.88,0.001,26.41,Soldering iron,Resistive
233.2,0.11,0.98,25.81,0.001,26.34,Soldering iron,Resistive
233.2,0.11,0.98,25.39,0.001,25.91,Soldering iron,Resistive
233.1,0.11,0.98,25.6,0.001,26.12,Soldering iron,Resistive
232.7,0.11,0.98,25.72,0.001,26.25,Soldering iron,Resistive
232,0.11,0.98,25.72,0.001,26.24,Soldering iron,Resistive
233.2,0.11,0.98,25.85,0.001,26.38,Soldering iron,Resistive
232.7,0.11,0.98,25.55,0.001,26.07,Soldering iron,Resistive
232.8,0.11,0.98,25.61,0.001,26.13,Soldering iron,Resistive
233,0.11,0.98,25.9,0.001,26.43,Soldering iron,Resistive
231.2,0.11,0.98,25.62,0.001,26.14,Soldering iron,Resistive
233.1,0.11,0.98,25.81,0.001,26.34,Soldering iron,Resistive
232.4,0.11,0.98,25.16,0.001,25.67,Soldering iron,Resistive
233.5,0.11,0.98,26.09,0.001,26.62,Soldering iron,Resistive
233.2,0.11,0.98,25.9,0.001,26.43,Soldering iron,Resistive
233.2,0.11,0.98,25.64,0.001,26.16,Soldering iron,Resistive
233.2,0.11,0.98,25.95,0.001,26.48,Soldering iron,Resistive
232.6,0.11,0.98,25.39,0.001,25.91,Soldering iron,Resistive
233.8,0.11,0.98,26.09,0.001,26.62,Soldering iron,Resistive
231.4,0.11,0.98,25.72,0.001,26.24,Soldering iron,Resistive
232.7,0.11,0.98,25.89,0.001,26.42,Soldering iron,Resistive
233.9,0.11,0.98,26.04,0.001,26.57,Soldering iron,Resistive
232.2,0.11,0.98,25.58,0.001,26.1,Soldering iron,Resistive
232,0.11,0.98,25.81,0.001,26.34,Soldering iron,Resistive
232.8,0.11,0.98,25.79,0.001,26.32,Soldering iron,Resistive
231.8,0.11,0.98,25.31,0.001,25.83,Soldering iron,Resistive
226.7,0.11,0.98,24.65,0.001,25.15,Soldering iron,Resistive
232,0.11,0.98,25.73,0.001,26.26,Soldering iron,Resistive
231.6,0.11,0.98,25.1,0.001,25.61,Soldering iron,Resistive
232.2,0.11,0.98,25.67,0.001,26.19,Soldering iron,Resistive
232.3,0.11,0.98,25.22,0.001,25.73,Soldering iron,Resistive
232.5,0.11,0.98,25.72,0.001,26.25,Soldering iron,Resistive
229.3,0.11,0.98,25.22,0.001,25.73,Soldering iron,Resistive
232.3,0.11,0.98,25.32,0.001,25.84,Soldering iron,Resistive
231.1,0.11,0.98,25.27,0.001,25.79,Soldering iron,Resistive
233.1,0.11,0.98,25.84,0.001,26.37,Soldering iron,Resistive
233,0.11,0.98,25.97,0.001,26.5,Soldering iron,Resistive
233.4,0.11,0.98,25.53,0.001,26.05,Soldering iron,Resistive
232.8,0.11,0.98,25.29,0.001,25.81,Soldering iron,Resistive
233,0.11,0.98,25.45,0.001,25.97,Soldering iron,Resistive
232.8,0.11,0.98,26.05,0.001,26.58,Soldering iron,Resistive
232.4,0.11,0.98,25.9,0.001,26.43,Soldering iron,Resistive
231.8,0.11,0.98,25.04,0.001,25.55,Soldering iron,Resistive
233.3,0.11,0.98,25.87,0.001,26.4,Soldering iron,Resistive
231.6,0.11,0.98,25.58,0.001,26.1,Soldering iron,Resistive
232.1,0.11,0.98,25.68,0.001,26.2,Soldering iron,Resistive
233.4,0.11,0.98,25.64,0.001,26.16,Soldering iron,Resistive
232,0.11,0.98,25.41,0.001,25.93,Soldering iron,Resistive
232.2,0.11,0.98,25.32,0.001,25.84,Soldering iron,Resistive
232.7,0.11,0.98,25.13,0.001,25.64,Soldering iron,Resistive
229.5,0.11,0.98,25.68,0.001,26.2,Soldering iron,Resistive
232.5,0.11,0.98,25.53,0.001,26.05,Soldering iron,Resistive
231.4,0.11,0.98,24.85,0.001,25.36,Soldering iron,Resistive
232,0.11,0.98,25.61,0.001,26.13,Soldering iron,Resistive
229.7,0.11,0.98,25.74,0.001,26.27,Soldering iron,Resistive
230,0.11,0.98,25.43,0.001,25.95,Soldering iron,Resistive
232.7,0.11,0.98,25.38,0.001,25.9,Soldering iron,Resistive
230.9,0.11,0.98,25.88,0.001,26.41,Soldering iron,Resistive
232.5,0.11,0.98,25.44,0.001,25.96,Soldering iron,Resistive
232.6,0.11,0.98,25.2,0.001,25.71,Soldering iron,Resistive
230.2,0.11,0.98,25.31,0.001,25.83,Soldering iron,Resistive
231,0.11,0.98,24.87,0.001,25.38,Soldering iron,Resistive
232.2,0.11,0.98,25.44,0.001,25.96,Soldering iron,Resistive
229.8,0.11,0.98,25.2,0.001,25.71,Soldering iron,Resistive
231.5,0.11,0.98,25.53,0.001,26.05,Soldering iron,Resistive
232.8,0.11,0.98,25.6,0.001,26.12,Soldering iron,Resistive
231.4,0.11,0.98,24.94,0.001,25.45,Soldering iron,Resistive
232.6,0.11,0.98,25.86,0.001,26.39,Soldering iron,Resistive
230.5,0.11,0.98,25.57,0.001,26.09,Soldering iron,Resistive
232.6,0.11,0.98,25.86,0.001,26.39,Soldering iron,Resistive
232.4,0.11,0.98,25.34,0.001,25.86,Soldering iron,Resistive
233.4,0.11,0.98,25.79,0.001,26.32,Soldering iron,Resistive
233.1,0.11,0.98,25.6,0.001,26.12,Soldering iron,Resistive
232.7,0.11,0.98,26.02,0.001,26.55,Soldering iron,Resistive
233,0.11,0.98,25.79,0.001,26.32,Soldering iron,Resistive
233.4,0.11,0.98,25.94,0.001,26.47,Soldering iron,Resistive
232.2,0.11,0.98,25.27,0.001,25.79,Soldering iron,Resistive
231.9,0.11,0.98,25.65,0.001,26.17,Soldering iron,Resistive
232.7,0.11,0.98,25.57,0.001,26.09,Soldering iron,Resistive
231.9,0.11,0.98,25.04,0.001,25.55,Soldering iron,Resistive
233,0.11,0.98,25.4,0.001,25.92,Soldering iron,Resistive
231.7,0.11,0.98,25.12,0.001,25.63,Soldering iron,Resistive
231.7,0.11,0.98,25.36,0.001,25.88,Soldering iron,Resistive
233,0.11,0.98,25.71,0.001,26.23,Soldering iron,Resistive
232.7,0.11,0.98,25.9,0.001,26.43,Soldering iron,Resistive
232.8,0.11,0.98,25.33,0.001,25.85,Soldering iron,Resistive
231.8,0.11,0.98,25.06,0.001,25.57,Soldering iron,Resistive
230,0.11,0.98,25.21,0.001,25.72,Soldering iron,Resistive
233.2,0.11,0.98,25.66,0.001,26.18,Soldering iron,Resistive
231.1,0.11,0.98,25.77,0.001,26.3,Soldering iron,Resistive
232.1,0.11,0.98,25.16,0.001,25.67,Soldering iron,Resistive
232.4,0.11,0.98,25.5,0.001,26.02,Soldering iron,Resistive
232.7,0.11,0.98,25.29,0.001,25.81,Soldering iron,Resistive
231.7,0.11,0.98,25.19,0.001,25.7,Soldering iron,Resistive
231.1,0.11,0.98,25.82,0.001,26.35,Soldering iron,Resistive
232.5,0.11,0.98,25.38,0.001,25.9,Soldering iron,Resistive
231.8,0.11,0.98,25.51,0.001,26.03,Soldering iron,Resistive
230.6,0.11,0.98,25.25,0.001,25.77,Soldering iron,Resistive
231.4,0.11,0.98,25.65,0.001,26.17,Soldering iron,Resistive
233.1,0.11,0.98,25.56,0.001,26.08,Soldering iron,Resistive
231.5,0.11,0.98,25.71,0.001,26.23,Soldering iron,Resistive
232.5,0.11,0.98,25.96,0.001,26.49,Soldering iron,Resistive
232.9,0.11,0.98,25.89,0.001,26.42,Soldering iron,Resistive
231.6,0.11,0.98,24.91,0.001,25.42,Soldering iron,Resistive
230.4,0.11,0.98,25.31,0.001,25.83,Soldering iron,Resistive
232.2,0.11,0.98,25.32,0.001,25.84,Soldering iron,Resistive
231.9,0.11,0.98,25.47,0.001,25.99,Soldering iron,Resistive
232.8,0.11,0.98,25.97,0.001,26.5,Soldering iron,Resistive
230.3,0.11,0.98,25.68,0.001,26.2,Soldering iron,Resistive
232.5,0.11,0.98,25.08,0.001,25.59,Soldering iron,Resistive
232.1,0.11,0.98,26.1,0.001,26.63,Soldering iron,Resistive
232.4,0.11,0.98,25.51,0.001,26.03,Soldering iron,Resistive
232.7,0.11,0.98,25.76,0.001,26.29,Soldering iron,Resistive
231.8,0.11,0.98,25.49,0.001,26.01,Soldering iron,Resistive
229.7,0.11,0.98,25.05,0.001,25.56,Soldering iron,Resistive
230.9,0.11,0.98,24.65,0.001,25.15,Soldering iron,Resistive
233.3,0.11,0.98,25.82,0.001,26.35,Soldering iron,Resistive
229.4,0.11,0.98,25.08,0.001,25.59,Soldering iron,Resistive
231.6,0.11,0.98,24.94,0.001,25.45,Soldering iron,Resistive
232,0.11,0.98,25.5,0.001,26.02,Soldering iron,Resistive
231.9,0.11,0.98,25.12,0.001,25.63,Soldering iron,Resistive
231.9,0.11,0.98,25.59,0.001,26.11,Soldering iron,Resistive
230.5,0.11,0.98,25.36,0.001,25.88,Soldering iron,Resistive
230.9,0.11,0.98,25.51,0.001,26.03,Soldering iron,Resistive
230.7,0.11,0.98,25.12,0.001,25.63,Soldering iron,Resistive
232.7,0.11,0.98,25.7,0.001,26.22,Soldering iron,Resistive
233,0.11,0.98,25.61,0.001,26.13,Soldering iron,Resistive
232.3,0.11,0.98,25.63,0.001,26.15,Soldering iron,Resistive
232,0.11,0.98,25.41,0.001,25.93,Soldering iron,Resistive
230.5,0.11,0.98,25.83,0.001,26.36,Soldering iron,Resistive
231.6,0.11,0.98,25.79,0.001,26.32,Soldering iron,Resistive
231.6,0.11,0.98,25.43,0.001,25.95,Soldering iron,Resistive
232,0.11,0.98,25.6,0.001,26.12,Soldering iron,Resistive
232.9,0.11,0.98,25.63,0.001,26.15,Soldering iron,Resistive
231,0.11,0.98,25.72,0.001,26.24,Soldering iron,Resistive
232.5,0.11,0.98,25.24,0.001,25.75,Soldering iron,Resistive
231.7,0.11,0.98,25.82,0.001,26.35,Soldering iron,Resistive
232.4,0.11,0.98,25.94,0.001,26.47,Soldering iron,Resistive
231.8,0.11,0.98,25.51,0.001,26.03,Soldering iron,Resistive
232,0.11,0.98,25.21,0.001,25.72,Soldering iron,Resistive
232.6,0.11,0.98,26.07,0.002,26.6,Soldering iron,Resistive
229.3,0.11,0.98,25.49,0.002,26.01,Soldering iron,Resistive
232,0.11,0.98,25.02,0.002,25.53,Soldering iron,Resistive
232.2,0.11,0.98,25.1,0.002,25.61,Soldering iron,Resistive
231.9,0.11,0.98,25.51,0.002,26.03,Soldering iron,Resistive
231.4,0.11,0.98,25.69,0.002,26.21,Soldering iron,Resistive
230,0.11,0.98,25.52,0.002,26.04,Soldering iron,Resistive
231.4,0.11,0.98,25.06,0.002,25.57,Soldering iron,Resistive
232,0.11,0.98,25.62,0.002,26.14,Soldering iron,Resistive
232.3,0.12,0.98,26.19,0.002,26.72,Soldering iron,Resistive
233.1,0.11,0.98,25.4,0.002,25.92,Soldering iron,Resistive
231.7,0.11,0.98,25.72,0.002,26.24,Soldering iron,Resistive
232.5,0.11,0.98,25.16,0.002,25.67,Soldering iron,Resistive
231.1,0.11,0.98,25.37,0.002,25.89,Soldering iron,Resistive
231.1,0.11,0.98,25.68,0.002,26.2,Soldering iron,Resistive
231.3,0.11,0.98,25.53,0.002,26.05,Soldering iron,Resistive
231.6,0.11,0.98,25.34,0.002,25.86,Soldering iron,Resistive
231.5,0.11,0.98,25.76,0.002,26.29,Soldering iron,Resistive
232.3,0.11,0.98,25.41,0.002,25.93,Soldering iron,Resistive
232.1,0.11,0.98,25.51,0.002,26.03,Soldering iron,Resistive
232.8,0.11,0.98,25.23,0.002,25.74,Soldering iron,Resistive
233.2,0.11,0.98,25.38,0.002,25.9,Soldering iron,Resistive
230.6,0.11,0.98,24.91,0.002,25.42,Soldering iron,Resistive
232.4,0.11,0.98,25.69,0.002,26.21,Soldering iron,Resistive
232.6,0.12,0.98,26.24,0.002,26.78,Soldering iron,Resistive
232.9,0.11,0.98,25.92,0.002,26.45,Soldering iron,Resistive
232.7,0.11,0.98,25.9,0.002,26.43,Soldering iron,Resistive
232.5,0.11,0.98,25.87,0.002,26.4,Soldering iron,Resistive
231.4,0.11,0.98,25.89,0.002,26.42,Soldering iron,Resistive
232.4,0.11,0.98,25.14,0.002,25.65,Soldering iron,Resistive
232.9,0.11,0.98,25.72,0.002,26.24,Soldering iron,Resistive
233.1,0.11,0.98,25.36,0.002,25.88,Soldering iron,Resistive
233,0.11,0.98,25.68,0.002,26.2,Soldering iron,Resistive
233.4,0.11,0.98,25.9,0.002,26.43,Soldering iron,Resistive
231.4,0.11,0.98,25.55,0.002,26.07,Soldering iron,Resistive
232.9,0.11,0.98,25.56,0.002,26.08,Soldering iron,Resistive
233.3,0.11,0.98,25.84,0.002,26.37,Soldering iron,Resistive
230.8,0.11,0.98,25.46,0.002,25.98,Soldering iron,Resistive
232.6,0.11,0.98,25.77,0.002,26.3,Soldering iron,Resistive
232.6,0.11,0.98,25.66,0.002,26.18,Soldering iron,Resistive
232.1,0.11,0.98,25.64,0.002,26.16,Soldering iron,Resistive
232.6,0.11,0.98,25.54,0.002,26.06,Soldering iron,Resistive
232.6,0.12,0.98,26.26,0.002,26.8,Soldering iron,Resistive
232.6,0.11,0.98,25.57,0.002,26.09,Soldering iron,Resistive
232.1,0.11,0.98,25.88,0.002,26.41,Soldering iron,Resistive
233.1,0.11,0.98,25.68,0.002,26.2,Soldering iron,Resistive
233.2,0.11,0.98,26.08,0.002,26.61,Soldering iron,Resistive
231.7,0.11,0.98,25.51,0.002,26.03,Soldering iron,Resistive
232,0.11,0.98,25.44,0.002,25.96,Soldering iron,Resistive
231.5,0.11,0.98,25.32,0.002,25.84,Soldering iron,Resistive
232.1,0.11,0.98,25.74,0.002,26.27,Soldering iron,Resistive
232.2,0.11,0.98,25.67,0.002,26.19,Soldering iron,Resistive
232.1,0.11,0.98,25.83,0.002,26.36,Soldering iron,Resistive
232.8,0.11,0.98,25.31,0.002,25.83,Soldering iron,Resistive
232.2,0.11,0.98,25.43,0.002,25.95,Soldering iron,Resistive
231.3,0.11,0.98,25.85,0.002,26.38,Soldering iron,Resistive
232.1,0.11,0.98,25.5,0.002,26.02,Soldering iron,Resistive
232.3,0.11,0.98,25.87,0.002,26.4,Soldering iron,Resistive
232.8,0.11,0.98,26.12,0.002,26.65,Soldering iron,Resistive
231.5,0.11,0.98,25.63,0.002,26.15,Soldering iron,Resistive
231.9,0.11,0.98,25.24,0.002,25.75,Soldering iron,Resistive
232.3,0.11,0.98,25.64,0.002,26.16,Soldering iron,Resistive
230.3,0.11,0.98,25.63,0.002,26.15,Soldering iron,Resistive
232.3,0.11,0.98,25.81,0.002,26.34,Soldering iron,Resistive
231.3,0.11,0.98,25.49,0.002,26.01,Soldering iron,Resistive
232.4,0.11,0.98,25.51,0.002,26.03,Soldering iron,Resistive
233.9,0.12,0.98,26.4,0.002,26.94,Soldering iron,Resistive
233,0.11,0.98,25.42,0.002,25.94,Soldering iron,Resistive
231.4,0.11,0.98,25.64,0.002,26.16,Soldering iron,Resistive
233.6,0.11,0.98,25.62,0.002,26.14,Soldering iron,Resistive
232.8,0.11,0.98,25.59,0.002,26.11,Soldering iron,Resistive
231.7,0.11,0.98,25.37,0.002,25.89,Soldering iron,Resistive
233.2,0.11,0.98,26.21,0.002,26.74,Soldering iron,Resistive
232.4,0.11,0.98,25.77,0.002,26.3,Soldering iron,Resistive
231.4,0.11,0.98,25.85,0.002,26.38,Soldering iron,Resistive
230.9,0.11,0.98,25.41,0.002,25.93,Soldering iron,Resistive
231.8,0.11,0.98,25.68,0.002,26.2,Soldering iron,Resistive
232.7,0.11,0.98,25.56,0.002,26.08,Soldering iron,Resistive
232.3,0.11,0.98,25.62,0.002,26.14,Soldering iron,Resistive
232.7,0.11,0.98,25.52,0.002,26.04,Soldering iron,Resistive
232.8,0.11,0.98,25.83,0.002,26.36,Soldering iron,Resistive
232.4,0.11,0.98,25.41,0.002,25.93,Soldering iron,Resistive
232.3,0.11,0.98,25.82,0.002,26.35,Soldering iron,Resistive
231.6,0.11,0.98,25.23,0.002,25.74,Soldering iron,Resistive
231.3,0.11,0.98,25.61,0.002,26.13,Soldering iron,Resistive
233,0.12,0.98,26.38,0.002,26.92,Soldering iron,Resistive
232.6,0.11,0.98,25.18,0.002,25.69,Soldering iron,Resistive
232.7,0.11,0.98,25.49,0.002,26.01,Soldering iron,Resistive
232.5,0.11,0.98,25.43,0.002,25.95,Soldering iron,Resistive
232.8,0.11,0.98,25.42,0.002,25.94,Soldering iron,Resistive
231.2,0.11,0.98,25.73,0.002,26.26,Soldering iron,Resistive
232.5,0.11,0.98,25.38,0.002,25.9,Soldering iron,Resistive
231.2,0.11,0.98,25.7,0.002,26.22,Soldering iron,Resistive
233.6,0.11,0.98,26.14,0.002,26.67,Soldering iron,Resistive
234,0.11,0.98,25.7,0.002,26.22,Soldering iron,Resistive
233.1,0.11,0.98,25.92,0.002,26.45,Soldering iron,Resistive
233.5,0.11,0.98,25.86,0.002,26.39,Soldering iron,Resistive
231.3,0.11,0.98,25.29,0.002,25.81,Soldering iron,Resistive
232.8,0.11,0.98,25.75,0.002,26.28,Soldering iron,Resistive
232.6,0.11,0.98,25.6,0.002,26.12,Soldering iron,Resistive
233.5,0.11,0.98,25.75,0.002,26.28,Soldering iron,Resistive
233.2,0.11,0.98,25.91,0.002,26.44,Soldering iron,Resistive
231,0.11,0.98,25.4,0.002,25.92,Soldering iron,Resistive
232.9,0.11,0.98,25.24,0.002,25.75,Soldering iron,Resistive
232.9,0.11,0.98,25.07,0.002,25.58,Soldering iron,Resistive
233.1,0.11,0.98,25.42,0.002,25.94,Soldering iron,Resistive
231.2,0.11,0.98,25.82,0.002,26.35,Soldering iron,Resistive
232.4,0.11,0.98,25.31,0.002,25.83,Soldering iron,Resistive
232.8,0.11,0.98,25.61,0.002,26.13,Soldering iron,Resistive
231.4,0.12,0.98,26.21,0.002,26.74,Soldering iron,Resistive
233.2,0.11,0.98,25.46,0.002,25.98,Soldering iron,Resistive
232.7,0.11,0.98,25.87,0.002,26.4,Soldering iron,Resistive
232.7,0.11,0.98,25.26,0.002,25.78,Soldering iron,Resistive
233.3,0.11,0.98,26.15,0.002,26.68,Soldering iron,Resistive
231.6,0.11,0.98,25.38,0.002,25.9,Soldering iron,Resistive
231.7,0.11,0.98,25.21,0.002,25.72,Soldering iron,Resistive
230.5,0.11,0.98,25.12,0.002,25.63,Soldering iron,Resistive
230.9,0.11,0.98,25.51,0.002,26.03,Soldering iron,Resistive
233.4,0.11,0.98,25.47,0.002,25.99,Soldering iron,Resistive
232.5,0.11,0.98,25.72,0.002,26.24,Soldering iron,Resistive
232.3,0.11,0.98,25.47,0.002,25.99,Soldering iron,Resistive
231.4,0.11,0.98,24.97,0.002,25.48,Soldering iron,Resistive
233,0.11,0.98,25.76,0.002,26.29,Soldering iron,Resistive
230.6,0.11,0.98,25.42,0.002,25.94,Soldering iron,Resistive
231.5,0.11,0.98,25.53,0.002,26.05,Soldering iron,Resistive
233.8,0.11,0.98,25.43,0.002,25.95,Soldering iron,Resistive
232.1,0.11,0.98,25.43,0.002,25.95,Soldering iron,Resistive
232.4,0.11,0.98,25.66,0.002,26.18,Soldering iron,Resistive
233.2,0.11,0.98,25.34,0.002,25.86,Soldering iron,Resistive
231.8,0.11,0.98,25.68,0.002,26.2,Soldering iron,Resistive
230.5,0.11,0.98,25.59,0.002,26.11,Soldering iron,Resistive
233.2,0.11,0.98,25.39,0.002,25.91,Soldering iron,Resistive
231.6,0.11,0.98,25.31,0.002,25.83,Soldering iron,Resistive
229.2,0.11,0.98,24.36,0.002,24.86,Soldering iron,Resistive
231.1,0.11,0.98,24.82,0.002,25.33,Soldering iron,Resistive
232.6,0.11,0.98,25.63,0.002,26.15,Soldering iron,Resistive
232.2,0.11,0.98,25.33,0.002,25.85,Soldering iron,Resistive
232.1,0.11,0.98,26.03,0.002,26.56,Soldering iron,Resistive
233,0.11,0.98,25.74,0.002,26.27,Soldering iron,Resistive
232.2,0.11,0.98,25.56,0.002,26.08,Soldering iron,Resistive
232.2,0.11,0.98,25.51,0.002,26.03,Soldering iron,Resistive
233,0.11,0.98,25.43,0.002,25.95,Soldering iron,Resistive
233.3,0.11,0.98,25.71,0.002,26.23,Soldering iron,Resistive
232.9,0.11,0.98,25.61,0.002,26.13,Soldering iron,Resistive
232.6,0.11,0.98,25.59,0.002,26.11,Soldering iron,Resistive
229.9,0.11,0.98,25.25,0.002,25.77,Soldering iron,Resistive
232.5,0.11,0.98,24.98,0.002,25.49,Soldering iron,Resistive
230.7,0.11,0.98,25.36,0.002,25.88,Soldering iron,Resistive
231.8,0.11,0.98,25.59,0.002,26.11,Soldering iron,Resistive
232,0.11,0.98,25.1,0.002,25.61,Soldering iron,Resistive
230.6,0.11,0.98,25.36,0.002,25.88,Soldering iron,Resistive
232.2,0.11,0.98,25.95,0.002,26.48,Soldering iron,Resistive
232.4,0.11,0.98,26.13,0.002,26.66,Soldering iron,Resistive
231.9,0.11,0.98,25.04,0.002,25.55,Soldering iron,Resistive
230.8,0.11,0.98,25.41,0.002,25.93,Soldering iron,Resistive
231.6,0.11,0.98,25.58,0.002,26.1,Soldering iron,Resistive
231.6,0.11,0.98,26.09,0.002,26.62,Soldering iron,Resistive
232.5,0.11,0.98,25.69,0.002,26.21,Soldering iron,Resistive
231.9,0.11,0.98,25.99,0.002,26.52,Soldering iron,Resistive
230.8,0.11,0.98,25.33,0.002,25.85,Soldering iron,Resistive
230.3,0.12,0.98,26.05,0.002,26.58,Soldering iron,Resistive
232.4,0.11,0.98,26.1,0.002,26.63,Soldering iron,Resistive
233.4,0.11,0.98,26.03,0.002,26.56,Soldering iron,Resistive
232.7,0.11,0.98,25.81,0.002,26.34,Soldering iron,Resistive
232.9,0.11,0.98,25.88,0.002,26.41,Soldering iron,Resistive
232.5,0.11,0.98,25.73,0.002,26.26,Soldering iron,Resistive
232.7,0.11,0.98,25.72,0.002,26.25,Soldering iron,Resistive
232.5,0.11,0.98,25.79,0.002,26.32,Soldering iron,Resistive
232.7,0.11,0.98,25.41,0.002,25.93,Soldering iron,Resistive
234.6,0.11,0.98,25.81,0.002,26.34,Soldering iron,Resistive
231.5,0.12,0.98,26.1,0.002,26.63,Soldering iron,Resistive
231.8,0.11,0.98,25.11,0.002,25.62,Soldering iron,Resistive
234.1,0.11,0.98,26.2,0.002,26.73,Soldering iron,Resistive
232.1,0.11,0.98,25.69,0.002,26.21,Soldering iron,Resistive
229,0.11,0.98,25.5,0.002,26.02,Soldering iron,Resistive
231.9,0.11,0.98,25.45,0.002,25.97,Soldering iron,Resistive
234.9,0.11,0.98,25.93,0.002,26.46,Soldering iron,Resistive
237.5,0.11,0.98,26.23,0.002,26.77,Soldering iron,Resistive
228.8,0.11,0.98,25.4,0.002,25.92,Soldering iron,Resistive
234.6,0.11,0.98,25.88,0.002,26.41,Soldering iron,Resistive
232.4,0.12,0.98,26.29,0.002,26.83,Soldering iron,Resistive
233,0.11,0.98,24.29,0.002,24.79,Soldering iron,Resistive
229.8,0.11,0.98,24.84,0.002,25.35,Soldering iron,Resistive
233.9,0.12,0.98,26.59,0.002,27.13,Soldering iron,Resistive
234.7,0.11,0.98,25.67,0.002,26.19,Soldering iron,Resistive
234.3,0.11,0.98,25.73,0.002,26.26,Soldering iron,Resistive
231.7,0.11,0.98,25.27,0.002,25.79,Soldering iron,Resistive
237,0.11,0.98,25.79,0.002,26.32,Soldering iron,Resistive
234.9,0.11,0.98,25.58,0.002,26.1,Soldering iron,Resistive
235.2,0.11,0.98,26.34,0.002,26.88,Soldering iron,Resistive
233.3,0.11,0.98,25.01,0.002,25.52,Soldering iron,Resistive
235.2,0.11,0.98,25.63,0.002,26.15,Soldering iron,Resistive
237,0.11,0.98,25.75,0.002,26.28,Soldering iron,Resistive
235.4,0.11,0.98,25.78,0.002,26.31,Soldering iron,Resistive
228.7,0.11,0.98,25.2,0.002,25.71,Soldering iron,Resistive
233.9,0.11,0.98,25.57,0.002,26.09,Soldering iron,Resistive
232.8,0.11,0.98,25.61,0.002,26.13,Soldering iron,Resistive
233.5,0.11,0.98,25.99,0.002,26.52,Soldering iron,Resistive
231.4,0.11,0.98,25.52,0.002,26.04,Soldering iron,Resistive
232.8,0.11,0.98,25.6,0.002,26.12,Soldering iron,Resistive
233.4,0.11,0.98,25.27,0.002,25.79,Soldering iron,Resistive
236.7,0.11,0.98,26.29,0.002,26.83,Soldering iron,Resistive
231,0.11,0.98,25.69,0.002,26.21,Soldering iron,Resistive
234.2,0.11,0.98,25.61,0.002,26.13,Soldering iron,Resistive
235,0.11,0.98,26.01,0.002,26.54,Soldering iron,Resistive
236.9,0.11,0.98,25.98,0.002,26.51,Soldering iron,Resistive
234.5,0.11,0.98,25.82,0.002,26.35,Soldering iron,Resistive
227.7,0.11,0.98,25.01,0.002,25.52,Soldering iron,Resistive
232.4,0.11,0.98,25.39,0.002,25.91,Soldering iron,Resistive
237.1,0.11,0.98,26.26,0.002,26.8,Soldering iron,Resistive
232.4,0.11,0.98,25.47,0.002,25.99,Soldering iron,Resistive
234.8,0.11,0.98,25.72,0.002,26.25,Soldering iron,Resistive
230.7,0.11,0.98,25.23,0.002,25.74,Soldering iron,Resistive
237.5,0.11,0.98,25.86,0.002,26.39,Soldering iron,Resistive
233.4,0.11,0.98,26.26,0.002,26.8,Soldering iron,Resistive
234.6,0.11,0.98,26.17,0.002,26.7,Soldering iron,Resistive
231.6,0.11,0.98,25.62,0.002,26.14,Soldering iron,Resistive
232.6,0.11,0.98,26.02,0.002,26.55,Soldering iron,Resistive
239.4,0.11,0.98,26.23,0.002,26.77,Soldering iron,Resistive
236.7,0.11,0.98,26.49,0.002,27.03,Soldering iron,Resistive
237.7,0.11,0.98,25.81,0.002,26.34,Soldering iron,Resistive
236.2,0.11,0.98,25.43,0.002,25.95,Soldering iron,Resistive
233.2,0.11,0.98,25.57,0.002,26.09,Soldering iron,Resistive
240.6,0.11,0.98,26.27,0.002,26.81,Soldering iron,Resistive
232.8,0.11,0.98,25.64,0.002,26.16,Soldering iron,Resistive
232.5,0.11,0.98,25.42,0.002,25.94,Soldering iron,Resistive
229.6,0.11,0.98,25.61,0.002,26.13,Soldering iron,Resistive
231.4,0.11,0.98,25.42,0.002,25.94,Soldering iron,Resistive
234.3,0.11,0.98,25.58,0.002,26.1,Soldering iron,Resistive
232.8,0.11,0.98,25.78,0.002,26.31,Soldering iron,Resistive
229.9,0.12,0.98,25.96,0.002,26.49,Soldering iron,Resistive
235.6,0.11,0.98,25.98,0.002,26.51,Soldering iron,Resistive
232.5,0.11,0.98,26.05,0.002,26.58,Soldering iron,Resistive
229.4,0.11,0.98,25.48,0.002,26,Soldering iron,Resistive
229.2,0.11,0.98,24.95,0.002,25.46,Soldering iron,Resistive
231,0.11,0.98,25.47,0.002,25.99,Soldering iron,Resistive
230.2,0.11,0.98,25.04,0.002,25.55,Soldering iron,Resistive
232.6,0.11,0.98,25.28,0.002,25.8,Soldering iron,Resistive
230.2,0.11,0.98,25.72,0.002,26.24,Soldering iron,Resistive
234.9,0.11,0.98,25.23,0.002,25.74,Soldering iron,Resistive
234.8,0.11,0.98,25.6,0.002,26.12,Soldering iron,Resistive
232.8,0.11,0.98,26.04,0.002,26.57,Soldering iron,Resistive
232,0.11,0.98,25.7,0.002,26.22,Soldering iron,Resistive
232.9,0.11,0.98,25.79,0.002,26.32,Soldering iron,Resistive
230.5,0.11,0.98,25.72,0.002,26.24,Soldering iron,Resistive
236.1,0.11,0.98,25.87,0.002,26.4,Soldering iron,Resistive
232.7,0.11,0.98,25.31,0.002,25.83,Soldering iron,Resistive
235.2,0.11,0.98,25.76,0.002,26.29,Soldering iron,Resistive
232.2,0.11,0.98,25.7,0.002,26.22,Soldering iron,Resistive
238.9,0.11,0.98,26.16,0.002,26.69,Soldering iron,Resistive
235.9,0.11,0.98,26.1,0.002,26.63,Soldering iron,Resistive
235.9,0.11,0.98,25.85,0.002,26.38,Soldering iron,Resistive
234.7,0.11,0.98,26.16,0.002,26.69,Soldering iron,Resistive
238.1,0.11,0.98,26.14,0.002,26.67,Soldering iron,Resistive
237.3,0.11,0.98,25.92,0.002,26.45,Soldering iron,Resistive
235.4,0.11,0.98,26.28,0.002,26.82,Soldering iron,Resistive
231.9,0.11,0.98,25.57,0.002,26.09,Soldering iron,Resistive
233.6,0.11,0.98,26.07,0.002,26.6,Soldering iron,Resistive
234.5,0.11,0.98,25.84,0.002,26.37,Soldering iron,Resistive
230.9,0.11,0.98,25.26,0.002,25.78,Soldering iron,Resistive
234.5,0.11,0.98,26.3,0.002,26.84,Soldering iron,Resistive
237.8,0.11,0.98,26.5,0.002,27.04,Soldering iron,Resistive
232.5,0.11,0.98,25.56,0.002,26.08,Soldering iron,Resistive
234.4,0.11,0.98,25.99,0.002,26.52,Soldering iron,Resistive
235.2,0.11,0.98,25.76,0.002,26.29,Soldering iron,Resistive
235.5,0.12,0.98,26.54,0.002,27.08,Soldering iron,Resistive
234.8,0.11,0.98,25.74,0.002,26.27,Soldering iron,Resistive
233,0.11,0.98,25.83,0.002,26.36,Soldering iron,Resistive
235,0.11,0.98,25.52,0.002,26.04,Soldering iron,Resistive
231.7,0.11,0.98,25.74,0.002,26.27,Soldering iron,Resistive
234.1,0.11,0.98,25.42,0.002,25.94,Soldering iron,Resistive
234.3,0.11,0.98,25.71,0.002,26.23,Soldering iron,Resistive
234.1,0.11,0.98,25.5,0.002,26.02,Soldering iron,Resistive
230.4,0.11,0.98,25.24,0.002,25.76,Soldering iron,Resistive
237.2,0.11,0.98,26.09,0.002,26.62,Soldering iron,Resistive
228.1,0.11,0.98,25.47,0.002,25.99,Soldering iron,Resistive
235.1,0.11,0.98,26.08,0.002,26.61,Soldering iron,Resistive
236.5,0.11,0.98,25.54,0.002,26.06,Soldering iron,Resistive
237.3,0.11,0.98,26.19,0.002,26.72,Soldering iron,Resistive
232,0.11,0.98,25.59,0.002,26.11,Soldering iron,Resistive
235.3,0.11,0.98,26.37,0.002,26.91,Soldering iron,Resistive
235.7,0.11,0.98,25.78,0.002,26.31,Soldering iron,Resistive
237.5,0.11,0.98,25.89,0.002,26.42,Soldering iron,Resistive
238.9,0.11,0.98,26.14,0.002,26.67,Soldering iron,Resistive
232.2,0.11,0.98,25.35,0.002,25.87,Soldering iron,Resistive
233.9,0.11,0.98,25.21,0.002,25.72,Soldering iron,Resistive
237.4,0.11,0.98,26.56,0.002,27.1,Soldering iron,Resistive
236,0.11,0.98,26.07,0.002,26.6,Soldering iron,Resistive
236,0.11,0.98,25.43,0.002,25.95,Soldering iron,Resistive
231.7,0.11,0.98,25.91,0.002,26.44,Soldering iron,Resistive
235.4,0.12,0.98,26.57,0.002,27.11,Soldering iron,Resistive
234.9,0.11,0.98,25.48,0.002,26,Soldering iron,Resistive
233.9,0.11,0.98,25.37,0.002,25.89,Soldering iron,Resistive
231.5,0.11,0.98,25.25,0.002,25.77,Soldering iron,Resistive
233.2,0.11,0.98,26.08,0.002,26.61,Soldering iron,Resistive
237.9,0.11,0.98,26.14,0.002,26.67,Soldering iron,Resistive
234.5,0.11,0.98,26.18,0.002,26.71,Soldering iron,Resistive
232.9,0.11,0.98,25.77,0.002,26.3,Soldering iron,Resistive
237.1,0.11,0.98,26.68,0.002,27.22,Soldering iron,Resistive
231.6,0.11,0.98,25.55,0.002,26.07,Soldering iron,Resistive
233.6,0.11,0.98,25.48,0.002,26,Soldering iron,Resistive
232.2,0.11,0.98,25.92,0.002,26.45,Soldering iron,Resistive
234.6,0.11,0.98,26.18,0.002,26.71,Soldering iron,Resistive
232.7,0.11,0.98,25.75,0.002,26.28,Soldering iron,Resistive
239.3,0.11,0.98,26.56,0.002,27.1,Soldering iron,Resistive
231.9,0.11,0.98,25.24,0.002,25.76,Soldering iron,Resistive
233.2,0.11,0.98,26.22,0.002,26.76,Soldering iron,Resistive
234.3,0.11,0.98,26.21,0.002,26.74,Soldering iron,Resistive
233.9,0.11,0.98,26.14,0.002,26.67,Soldering iron,Resistive
233.6,0.11,0.98,25.99,0.002,26.52,Soldering iron,Resistive
237.1,0.11,0.98,26.29,0.002,26.83,Soldering iron,Resistive
234.4,0.11,0.98,25.78,0.002,26.31,Soldering iron,Resistive
235.1,0.11,0.98,25.87,0.002,26.4,Soldering iron,Resistive
235.2,0.11,0.98,25.89,0.002,26.42,Soldering iron,Resistive
233.4,0.11,0.98,26.06,0.002,26.59,Soldering iron,Resistive
233.5,0.11,0.98,26.25,0.002,26.79,Soldering iron,Resistive
232.3,0.12,0.98,26.44,0.002,26.98,Soldering iron,Resistive
240.9,0.11,0.98,27.06,0.002,27.61,Soldering iron,Resistive
236.2,0.11,0.98,26.04,0.002,26.57,Soldering iron,Resistive
234.3,0.11,0.98,25.75,0.002,26.28,Soldering iron,Resistive
236.8,0.11,0.98,26.18,0.002,26.71,Soldering iron,Resistive
232,0.11,0.98,25.76,0.002,26.29,Soldering iron,Resistive
232,0.11,0.98,25.35,0.002,25.87,Soldering iron,Resistive
233.1,0.12,0.98,26.33,0.002,26.87,Soldering iron,Resistive
232.9,0.11,0.98,25.95,0.002,26.48,Soldering iron,Resistive
239.3,0.11,0.98,26.12,0.002,26.65,Soldering iron,Resistive
233.4,0.12,0.98,26.47,0.002,27.01,Soldering iron,Resistive
235.6,0.11,0.98,25.64,0.002,26.16,Soldering iron,Resistive
237,0.11,0.98,26.36,0.002,26.9,Soldering iron,Resistive
236.9,0.11,0.98,26,0.002,26.53,Soldering iron,Resistive
236.1,0.11,0.98,26.16,0.002,26.69,Soldering iron,Resistive
232.9,0.11,0.98,25.51,0.002,26.03,Soldering iron,Resistive
233.9,0.11,0.98,26.31,0.002,26.85,Soldering iron,Resistive
239.7,0.11,0.98,26.35,0.002,26.89,Soldering iron,Resistive
237.1,0.11,0.98,26.18,0.002,26.71,Soldering iron,Resistive
232.6,0.11,0.98,25.44,0.002,25.96,Soldering iron,Resistive
236.3,0.11,0.98,26.08,0.002,26.61,Soldering iron,Resistive
232.6,0.11,0.98,25.93,0.002,26.46,Soldering iron,Resistive
236,0.12,0.98,26.72,0.002,27.27,Soldering iron,Resistive
233.3,0.11,0.98,25.53,0.002,26.05,Soldering iron,Resistive
236.2,0.11,0.98,26.29,0.002,26.83,Soldering iron,Resistive
235.9,0.11,0.98,26.11,0.002,26.64,Soldering iron,Resistive
236.2,0.11,0.98,25.96,0.002,26.49,Soldering iron,Resistive
232.3,0.11,0.98,25.55,0.002,26.07,Soldering iron,Resistive
233.7,0.11,0.98,25.02,0.002,25.53,Soldering iron,Resistive
232.9,0.11,0.98,26.04,0.002,26.57,Soldering iron,Resistive
237.1,0.11,0.98,26.49,0.002,27.03,Soldering iron,Resistive
233,0.11,0.98,25.74,0.002,26.27,Soldering iron,Resistive
233.9,0.11,0.98,25.92,0.002,26.45,Soldering iron,Resistive
226.3,0.11,0.98,25.24,0.002,25.76,Soldering iron,Resistive
238.4,0.11,0.98,26.46,0.002,27,Soldering iron,Resistive
233.3,0.11,0.98,25.97,0.002,26.5,Soldering iron,Resistive
238.5,0.11,0.98,26.17,0.002,26.7,Soldering iron,Resistive
238.2,0.11,0.98,26.48,0.002,27.02,Soldering iron,Resistive
242,0.11,0.98,26.61,0.002,27.15,Soldering iron,Resistive
230.6,0.11,0.98,25.46,0.002,25.98,Soldering iron,Resistive
238,0.11,0.98,26.73,0.002,27.28,Soldering iron,Resistive
232.2,0.11,0.98,25.47,0.002,25.99,Soldering iron,Resistive
238.1,0.11,0.98,25.68,0.002,26.2,Soldering iron,Resistive
234.4,0.11,0.98,25.94,0.002,26.47,Soldering iron,Resistive
231.3,0.11,0.98,25.74,0.002,26.27,Soldering iron,Resistive
234.8,0.11,0.98,26.22,0.002,26.75,Soldering iron,Resistive
233.7,0.11,0.98,26.1,0.002,26.63,Soldering iron,Resistive
235.3,0.11,0.98,26.16,0.002,26.69,Soldering iron,Resistive
231.4,0.11,0.98,24.84,0.002,25.35,Soldering iron,Resistive
231.2,0.11,0.98,25.58,0.002,26.1,Soldering iron,Resistive
233.7,0.11,0.98,25.89,0.002,26.42,Soldering iron,Resistive
236.9,0.11,0.98,25.53,0.002,26.05,Soldering iron,Resistive
234.5,0.11,0.98,25.55,0.002,26.07,Soldering iron,Resistive
236.5,0.11,0.98,26.5,0.002,27.04,Soldering iron,Resistive
234.8,0.11,0.98,25.53,0.002,26.05,Soldering iron,Resistive
236.9,0.11,0.98,25.93,0.002,26.46,Soldering iron,Resistive
235.8,0.11,0.98,25.6,0.002,26.12,Soldering iron,Resistive
234.2,0.11,0.98,26.01,0.002,26.54,Soldering iron,Resistive
236,0.11,0.98,25.96,0.002,26.49,Soldering iron,Resistive
235.4,0.11,0.98,25.9,0.002,26.43,Soldering iron,Resistive
237.1,0.11,0.98,26.47,0.002,27.01,Soldering iron,Resistive
236,0.11,0.98,25.89,0.002,26.42,Soldering iron,Resistive
238.9,0.11,0.98,26.01,0.002,26.54,Soldering iron,Resistive
234.8,0.11,0.98,26.2,0.002,26.73,Soldering iron,Resistive
233.8,0.11,0.98,25.63,0.002,26.15,Soldering iron,Resistive
236.7,0.11,0.98,25.93,0.002,26.46,Soldering iron,Resistive
232.4,0.11,0.98,25.89,0.002,26.42,Soldering iron,Resistive
232.3,0.11,0.98,25.77,0.002,26.3,Soldering iron,Resistive
235.3,0.11,0.98,25.15,0.002,25.66,Soldering iron,Resistive
232.1,0.11,0.98,26.15,0.002,26.68,Soldering iron,Resistive
233.5,0.11,0.98,25.86,0.002,26.39,Soldering iron,Resistive
237.1,0.11,0.98,26.44,0.002,26.98,Soldering iron,Resistive
238.1,0.11,0.98,26.29,0.002,26.83,Soldering iron,Resistive
231.7,0.11,0.98,25.52,0.002,26.04,Soldering iron,Resistive
239.3,0.11,0.98,26.59,0.002,27.13,Soldering iron,Resistive
232.4,0.11,0.98,25.5,0.002,26.02,Soldering iron,Resistive
231.4,0.11,0.98,25.68,0.002,26.2,Soldering iron,Resistive
235.8,0.11,0.98,26.26,0.002,26.8,Soldering iron,Resistive
233.3,0.11,0.98,25.62,0.002,26.14,Soldering iron,Resistive
234.3,0.11,0.98,25.51,0.002,26.03,Soldering iron,Resistive
233.3,0.11,0.98,25.77,0.002,26.3,Soldering iron,Resistive
235.1,0.11,0.98,25.84,0.002,26.37,Soldering iron,Resistive
236.4,0.11,0.98,26.13,0.002,26.66,Soldering iron,Resistive
238.2,0.11,0.98,26.14,0.002,26.67,Soldering iron,Resistive
233.7,0.11,0.98,25.95,0.002,26.48,Soldering iron,Resistive
237.8,0.11,0.98,26.14,0.002,26.67,Soldering iron,Resistive
237,0.11,0.98,25.81,0.002,26.34,Soldering iron,Resistive
236.8,0.11,0.98,26.08,0.002,26.61,Soldering iron,Resistive
238.4,0.11,0.98,26.31,0.002,26.85,Soldering iron,Resistive
232.1,0.11,0.98,25.72,0.002,26.25,Soldering iron,Resistive
234.4,0.11,0.98,25.45,0.002,25.97,Soldering iron,Resistive
238.7,0.12,0.98,27.09,0.002,27.64,Soldering iron,Resistive
241.8,0.11,0.98,26.5,0.002,27.04,Soldering iron,Resistive
240,0.11,0.98,26.55,0.002,27.09,Soldering iron,Resistive
236.2,0.11,0.98,26.56,0.002,27.1,Soldering iron,Resistive
225.5,0.11,0.98,25.1,0.002,25.61,Soldering iron,Resistive
236.5,0.11,0.98,26.05,0.002,26.58,Soldering iron,Resistive
236,0.11,0.98,26.14,0.002,26.67,Soldering iron,Resistive
241.2,0.12,0.98,27.33,0.002,27.89,Soldering iron,Resistive
235.9,0.11,0.98,26.37,0.002,26.91,Soldering iron,Resistive
234.7,0.11,0.98,25.93,0.002,26.46,Soldering iron,Resistive
236.3,0.12,0.98,27.04,0.002,27.59,Soldering iron,Resistive
234.9,0.11,0.98,26.09,0.002,26.62,Soldering iron,Resistive
232.7,0.11,0.98,25.68,0.002,26.2,Soldering iron,Resistive
233.1,0.11,0.98,25.78,0.002,26.31,Soldering iron,Resistive
238.8,0.12,0.98,26.98,0.002,27.53,Soldering iron,Resistive
237.7,0.11,0.98,26.12,0.002,26.65,Soldering iron,Resistive
234.2,0.12,0.98,26.87,0.002,27.42,Soldering iron,Resistive
234.2,0.11,0.98,25.69,0.002,26.21,Soldering iron,Resistive
236.2,0.12,0.98,26.95,0.002,27.5,Soldering iron,Resistive
240.3,0.12,0.98,27.29,0.002,27.85,Soldering iron,Resistive
241,0.12,0.98,27.46,0.002,28.02,Soldering iron,Resistive
238.1,0.11,0.98,26.4,0.002,26.94,Soldering iron,Resistive
237.6,0.11,0.98,26.18,0.002,26.71,Soldering iron,Resistive
239.7,0.11,0.98,26.33,0.002,26.87,Soldering iron,Resistive
243.2,0.11,0.98,26.47,0.002,27.01,Soldering iron,Resistive
234.3,0.11,0.98,26,0.002,26.53,Soldering iron,Resistive
238.6,0.11,0.98,26.57,0.002,27.11,Soldering iron,Resistive
239.7,0.11,0.98,26.88,0.002,27.43,Soldering iron,Resistive
238.4,0.12,0.98,26.97,0.002,27.52,Soldering iron,Resistive
238.1,0.11,0.98,26.05,0.002,26.58,Soldering iron,Resistive
230.7,0.11,0.98,25.79,0.002,26.32,Soldering iron,Resistive
241.3,0.11,0.98,26.8,0.002,27.35,Soldering iron,Resistive
234.2,0.11,0.98,25.72,0.002,26.24,Soldering iron,Resistive
237.3,0.11,0.98,26.45,0.002,26.99,Soldering iron,Resistive
245.9,0.11,0.98,26.71,0.002,27.26,Soldering iron,Resistive
237.5,0.11,0.98,26.29,0.002,26.83,Soldering iron,Resistive
238.3,0.11,0.98,26.62,0.002,27.16,Soldering iron,Resistive
239.5,0.11,0.98,26.45,0.002,26.99,Soldering iron,Resistive
240.6,0.11,0.98,26.64,0.002,27.18,Soldering iron,Resistive
236.8,0.11,0.98,26.47,0.002,27.01,Soldering iron,Resistive
244.4,0.11,0.98,26.96,0.002,27.51,Soldering iron,Resistive
239.7,0.11,0.98,26.47,0.002,27.01,Soldering iron,Resistive
239.9,0.11,0.98,26.74,0.002,27.29,Soldering iron,Resistive
235.7,0.11,0.98,25.76,0.002,26.29,Soldering iron,Resistive
237.6,0.11,0.98,26.38,0.002,26.92,Soldering iron,Resistive
230.8,0.11,0.98,25.97,0.002,26.5,Soldering iron,Resistive
240.8,0.11,0.98,27.15,0.002,27.7,Soldering iron,Resistive
239.9,0.11,0.98,26.77,0.002,27.32,Soldering iron,Resistive
235.1,0.11,0.98,25.88,0.002,26.41,Soldering iron,Resistive
235.2,0.12,0.98,26.68,0.002,27.22,Soldering iron,Resistive
240.7,0.12,0.98,27.33,0.002,27.89,Soldering iron,Resistive
234.7,0.11,0.98,26.36,0.002,26.9,Soldering iron,Resistive
238.2,0.11,0.98,26.5,0.002,27.04,Soldering iron,Resistive
240.1,0.12,0.98,27.17,0.002,27.72,Soldering iron,Resistive
242,0.12,0.98,27.47,0.002,28.03,Soldering iron,Resistive
237.3,0.11,0.98,26.26,0.002,26.8,Soldering iron,Resistive
237.6,0.11,0.98,25.72,0.002,26.24,Soldering iron,Resistive
236.5,0.11,0.98,26.58,0.002,27.12,Soldering iron,Resistive
233.9,0.12,0.98,26.6,0.002,27.14,Soldering iron,Resistive
243.6,0.12,0.98,28.22,0.002,28.8,Soldering iron,Resistive
236.3,0.11,0.98,26.31,0.002,26.85,Soldering iron,Resistive
236.5,0.11,0.98,25.92,0.002,26.45,Soldering iron,Resistive
235.5,0.11,0.98,25.93,0.002,26.46,Soldering iron,Resistive
238.6,0.12,0.98,27.01,0.002,27.56,Soldering iron,Resistive
248.2,0.11,0.98,27.67,0.002,28.23,Soldering iron,Resistive
235.6,0.11,0.98,25.74,0.002,26.27,Soldering iron,Resistive
236.3,0.11,0.98,25.75,0.002,26.28,Soldering iron,Resistive
235.9,0.11,0.98,26.45,0.002,26.99,Soldering iron,Resistive
237.7,0.12,0.98,27.18,0.002,27.73,Soldering iron,Resistive
236.4,0.12,0.98,26.73,0.002,27.28,Soldering iron,Resistive
241.3,0.11,0.98,26.94,0.002,27.49,Soldering iron,Resistive
233,0.11,0.98,26.16,0.002,26.69,Soldering iron,Resistive
239.4,0.11,0.98,26.35,0.002,26.89,Soldering iron,Resistive
233.7,0.11,0.98,25.85,0.002,26.38,Soldering iron,Resistive
234.9,0.11,0.98,26.25,0.002,26.79,Soldering iron,Resistive
237.3,0.11,0.98,26.08,0.002,26.61,Soldering iron,Resistive
240.1,0.11,0.98,26.64,0.002,27.18,Soldering iron,Resistive
238.7,0.11,0.98,26.84,0.002,27.39,Soldering iron,Resistive
235.9,0.11,0.98,25.97,0.002,26.5,Soldering iron,Resistive
240.2,0.11,0.98,26.69,0.002,27.23,Soldering iron,Resistive
240.6,0.12,0.98,27.57,0.002,28.13,Soldering iron,Resistive
241.6,0.11,0.98,26.85,0.002,27.4,Soldering iron,Resistive
236.8,0.11,0.98,26.57,0.002,27.11,Soldering iron,Resistive
235.7,0.11,0.98,26.17,0.002,26.7,Soldering iron,Resistive
234.9,0.11,0.98,25.96,0.002,26.49,Soldering iron,Resistive
235.2,0.12,0.98,26.62,0.002,27.16,Soldering iron,Resistive
245.4,0.11,0.98,27.12,0.002,27.67,Soldering iron,Resistive
236,0.11,0.98,26.07,0.002,26.6,Soldering iron,Resistive
236.5,0.11,0.98,26.14,0.002,26.67,Soldering iron,Resistive
234.2,0.11,0.98,26.25,0.002,26.79,Soldering iron,Resistive
237.6,0.11,0.98,25.99,0.002,26.52,Soldering iron,Resistive
238.7,0.11,0.98,26.49,0.002,27.03,Soldering iron,Resistive
239.2,0.11,0.98,26.17,0.002,26.7,Soldering iron,Resistive
236.7,0.11,0.98,26.54,0.002,27.08,Soldering iron,Resistive
237.4,0.11,0.98,26.14,0.002,26.67,Soldering iron,Resistive
235.1,0.12,0.98,26.79,0.002,27.34,Soldering iron,Resistive
236.2,0.11,0.98,26.35,0.002,26.89,Soldering iron,Resistive
236.4,0.11,0.98,26,0.002,26.53,Soldering iron,Resistive
239.1,0.11,0.98,26.71,0.002,27.26,Soldering iron,Resistive
243.9,0.11,0.98,26.81,0.002,27.36,Soldering iron,Resistive
239.4,0.11,0.98,26.76,0.002,27.31,Soldering iron,Resistive
234.9,0.11,0.98,26.31,0.002,26.85,Soldering iron,Resistive
237.8,0.11,0.98,26.51,0.002,27.05,Soldering iron,Resistive
239,0.11,0.98,26.17,0.002,26.7,Soldering iron,Resistive
238.2,0.11,0.98,25.92,0.002,26.45,Soldering iron,Resistive
239.6,0.11,0.98,26.5,0.002,27.04,Soldering iron,Resistive
241.2,0.11,0.98,26.72,0.002,27.27,Soldering iron,Resistive
239.1,0.12,0.98,26.98,0.002,27.53,Soldering iron,Resistive
243,0.12,0.98,27.41,0.002,27.97,Soldering iron,Resistive
239.1,0.11,0.98,26.01,0.002,26.54,Soldering iron,Resistive
238,0.11,0.98,26.3,0.002,26.84,Soldering iron,Resistive
242.3,0.11,0.98,27,0.002,27.55,Soldering iron,Resistive
242.1,0.11,0.98,26.56,0.002,27.1,Soldering iron,Resistive
234.8,0.11,0.98,26.12,0.002,26.65,Soldering iron,Resistive
237.5,0.11,0.98,26.14,0.002,26.67,Soldering iron,Resistive
237.4,0.11,0.98,26.09,0.002,26.62,Soldering iron,Resistive
240.6,0.11,0.98,27.11,0.002,27.66,Soldering iron,Resistive
241.5,0.11,0.98,26.82,0.002,27.37,Soldering iron,Resistive
237.5,0.11,0.98,26.42,0.002,26.96,Soldering iron,Resistive
234.3,0.12,0.98,26.5,0.002,27.04,Soldering iron,Resistive
235.9,0.12,0.98,26.94,0.002,27.49,Soldering iron,Resistive
239.3,0.11,0.98,26.39,0.002,26.93,Soldering iron,Resistive
235.7,0.12,0.98,26.98,0.002,27.53,Soldering iron,Resistive
240.3,0.11,0.98,27.06,0.002,27.61,Soldering iron,Resistive
229.9,0.12,0.98,26.55,0.002,27.09,Soldering iron,Resistive
235.1,0.11,0.98,25.87,0.002,26.4,Soldering iron,Resistive
241.4,0.12,0.98,27.35,0.002,27.91,Soldering iron,Resistive
237.2,0.12,0.98,27,0.002,27.55,Soldering iron,Resistive
239.1,0.11,0.98,26.86,0.002,27.41,Soldering iron,Resistive
236.5,0.11,0.98,26.26,0.002,26.8,Soldering iron,Resistive
237.8,0.11,0.98,26.09,0.002,26.62,Soldering iron,Resistive
239.2,0.11,0.98,26.7,0.002,27.24,Soldering iron,Resistive
239.6,0.11,0.98,26.79,0.002,27.34,Soldering iron,Resistive
235.9,0.11,0.98,26.56,0.002,27.1,Soldering iron,Resistive
235.5,0.12,0.98,26.71,0.002,27.26,Soldering iron,Resistive
237.5,0.11,0.98,26.29,0.002,26.83,Soldering iron,Resistive
240.3,0.12,0.98,27.3,0.002,27.86,Soldering iron,Resistive
242.3,0.11,0.98,26.91,0.002,27.46,Soldering iron,Resistive
240.4,0.11,0.98,26.72,0.002,27.27,Soldering iron,Resistive
238,0.11,0.98,26.5,0.002,27.04,Soldering iron,Resistive
242.6,0.11,0.98,26.74,0.002,27.29,Soldering iron,Resistive
233.4,0.11,0.98,25.69,0.002,26.21,Soldering iron,Resistive
240.5,0.11,0.98,27.04,0.002,27.59,Soldering iron,Resistive
240.3,0.11,0.98,26.91,0.002,27.46,Soldering iron,Resistive
240.8,0.11,0.98,26.91,0.002,27.46,Soldering iron,Resistive
235.7,0.11,0.98,26.4,0.002,26.94,Soldering iron,Resistive
231.8,0.11,0.98,25.86,0.002,26.39,Soldering iron,Resistive
241.9,0.11,0.98,26.7,0.002,27.24,Soldering iron,Resistive
245.5,0.11,0.98,27.39,0.002,27.95,Soldering iron,Resistive
236.3,0.11,0.98,26.3,0.002,26.84,Soldering iron,Resistive
237.8,0.11,0.98,26.19,0.002,26.72,Soldering iron,Resistive
238.8,0.12,0.98,27.57,0.002,28.13,Soldering iron,Resistive
233.3,0.11,0.98,26.2,0.002,26.73,Soldering iron,Resistive
237.9,0.11,0.98,25.77,0.002,26.3,Soldering iron,Resistive
237.3,0.12,0.98,27.05,0.002,27.6,Soldering iron,Resistive
232.3,0.11,0.98,26,0.002,26.53,Soldering iron,Resistive
243.9,0.11,0.98,26.56,0.002,27.1,Soldering iron,Resistive
235.2,0.11,0.98,26.31,0.002,26.85,Soldering iron,Resistive
242.2,0.11,0.98,26.8,0.002,27.35,Soldering iron,Resistive
236.2,0.11,0.98,26.23,0.002,26.77,Soldering iron,Resistive
234.9,0.11,0.98,26.36,0.002,26.9,Soldering iron,Resistive
243.3,0.11,0.98,26.81,0.002,27.36,Soldering iron,Resistive
233.7,0.12,0.98,26.7,0.002,27.25,Soldering iron,Resistive
234.7,0.11,0.98,26.16,0.002,26.69,Soldering iron,Resistive
238.6,0.11,0.98,26.77,0.002,27.32,Soldering iron,Resistive
243.7,0.11,0.98,27.18,0.002,27.73,Soldering iron,Resistive
236.6,0.11,0.98,26.38,0.002,26.92,Soldering iron,Resistive
240.2,0.12,0.98,27.12,0.002,27.67,Soldering iron,Resistive
234.5,0.11,0.98,26.13,0.002,26.66,Soldering iron,Resistive
240.4,0.11,0.98,26.73,0.002,27.28,Soldering iron,Resistive
241.4,0.11,0.98,26.87,0.002,27.42,Soldering iron,Resistive
238.2,0.12,0.98,26.93,0.002,27.48,Soldering iron,Resistive
235.3,0.12,0.98,26.94,0.002,27.49,Soldering iron,Resistive
238.7,0.11,0.98,26.21,0.002,26.74,Soldering iron,Resistive
235.8,0.11,0.98,26.06,0.002,26.59,Soldering iron,Resistive
237.3,0.11,0.98,26.59,0.003,27.13,Soldering iron,Resistive
242.4,0.11,0.98,27.14,0.003,27.69,Soldering iron,Resistive
237.3,0.12,0.98,27.13,0.003,27.68,Soldering iron,Resistive
241.2,0.12,0.98,27.32,0.003,27.88,Soldering iron,Resistive
236.5,0.11,0.98,25.98,0.003,26.51,Soldering iron,Resistive
240.3,0.11,0.98,25.9,0.003,26.43,Soldering iron,Resistive
237.8,0.11,0.98,26.58,0.003,27.12,Soldering iron,Resistive
236.8,0.11,0.98,26.48,0.003,27.02,Soldering iron,Resistive
242.2,0.11,0.98,26.49,0.003,27.03,Soldering iron,Resistive
237.6,0.11,0.98,26.25,0.003,26.79,Soldering iron,Resistive
232.7,0.12,0.98,26.42,0.003,26.96,Soldering iron,Resistive
241.8,0.11,0.98,26.55,0.003,27.09,Soldering iron,Resistive
236.9,0.11,0.98,26.38,0.003,26.92,Soldering iron,Resistive
237.4,0.11,0.98,26.42,0.003,26.96,Soldering iron,Resistive
234.4,0.11,0.98,26.41,0.003,26.95,Soldering iron,Resistive
242,0.11,0.98,27.2,0.003,27.75,Soldering iron,Resistive
238.9,0.11,0.98,26.41,0.003,26.95,Soldering iron,Resistive
239.7,0.11,0.98,26.04,0.003,26.57,Soldering iron,Resistive
238.8,0.11,0.98,26.51,0.003,27.05,Soldering iron,Resistive
236.5,0.12,0.98,26.67,0.003,27.21,Soldering iron,Resistive
238.4,0.11,0.98,26.38,0.003,26.92,Soldering iron,Resistive
242.1,0.11,0.98,26.78,0.003,27.33,Soldering iron,Resistive
240.6,0.11,0.98,26.8,0.003,27.35,Soldering iron,Resistive
239.4,0.11,0.98,26.57,0.003,27.11,Soldering iron,Resistive
235.5,0.12,0.98,26.71,0.003,27.26,Soldering iron,Resistive
237.8,0.11,0.98,26.71,0.003,27.26,Soldering iron,Resistive
232.2,0.12,0.98,26.41,0.003,26.95,Soldering iron,Resistive
245.4,0.11,0.98,27.02,0.003,27.57,Soldering iron,Resistive
239,0.11,0.98,26.56,0.003,27.1,Soldering iron,Resistive
240.1,0.11,0.98,26.55,0.003,27.09,Soldering iron,Resistive
241.8,0.11,0.98,26.89,0.003,27.44,Soldering iron,Resistive
240.8,0.11,0.98,26.65,0.003,27.19,Soldering iron,Resistive
236.6,0.11,0.98,26.14,0.003,26.67,Soldering iron,Resistive
239.1,0.11,0.98,26.71,0.003,27.26,Soldering iron,Resistive
238.4,0.11,0.98,26.37,0.003,26.91,Soldering iron,Resistive
241.2,0.11,0.98,26.69,0.003,27.23,Soldering iron,Resistive
239.8,0.11,0.98,26.7,0.003,27.25,Soldering iron,Resistive
238.1,0.11,0.98,26.28,0.003,26.82,Soldering iron,Resistive
240.1,0.11,0.98,26.18,0.003,26.71,Soldering iron,Resistive
240.9,0.11,0.98,26.47,0.003,27.01,Soldering iron,Resistive
238.4,0.11,0.98,26.66,0.003,27.2,Soldering iron,Resistive
235.9,0.11,0.98,25.92,0.003,26.45,Soldering iron,Resistive
237.1,0.11,0.98,26.22,0.003,26.76,Soldering iron,Resistive
239.7,0.11,0.98,26.37,0.003,26.91,Soldering iron,Resistive
237.5,0.11,0.98,26.59,0.003,27.13,Soldering iron,Resistive
229.5,0.12,0.98,26,0.003,26.53,Soldering iron,Resistive
248.2,0.11,0.98,27.52,0.003,28.08,Soldering iron,Resistive
240.1,0.12,0.98,27.42,0.003,27.98,Soldering iron,Resistive
237.2,0.12,0.98,26.73,0.003,27.28,Soldering iron,Resistive
238.3,0.11,0.98,26.47,0.003,27.01,Soldering iron,Resistive
237.8,0.12,0.98,28.66,0.003,29.25,Soldering iron,Resistive
240.2,0.24,0.98,56.29,0.003,57.44,Soldering iron,Resistive
237.4,0.19,0.98,45.03,0.003,45.95,Soldering iron,Resistive
237,0.21,0.98,48.13,0.003,49.11,Soldering iron,Resistive
240.2,0.18,0.98,41.75,0.003,42.6,Soldering iron,Resistive
237.7,0.13,0.98,29.71,0.003,30.32,Soldering iron,Resistive
235.6,0.13,0.98,30.57,0.003,31.19,Soldering iron,Resistive
235.9,0.13,0.98,30.89,0.003,31.52,Soldering iron,Resistive
236.8,0.13,0.98,30.33,0.003,30.95,Soldering iron,Resistive
239.6,0.35,0.98,82.56,0.003,84.25,Soldering iron,Resistive
248.1,0.76,0.98,184.43,0.003,188.19,Soldering iron,Resistive
236.8,0.51,0.98,117.94,0.003,120.35,Soldering iron,Resistive
237,0.38,0.98,88.35,0.003,90.15,Soldering iron,Resistive
238.3,0.56,0.98,129.99,0.003,132.64,Soldering iron,Resistive
242.8,0.59,0.98,141.11,0.003,143.99,Soldering iron,Resistive
236.8,0.25,0.98,58.89,0.003,60.09,Soldering iron,Resistive
236.6,0.25,0.98,57.81,0.003,58.99,Soldering iron,Resistive
245.8,0.25,0.98,59.57,0.003,60.79,Soldering iron,Resistive
234.7,0.18,0.98,42.22,0.003,43.08,Soldering iron,Resistive
239.4,0.14,0.98,31.9,0.003,32.55,Soldering iron,Resistive
245.8,0.12,0.98,29.5,0.003,30.1,Soldering iron,Resistive
243.7,0.11,0.98,26.92,0.003,27.47,Soldering iron,Resistive
238.9,0.11,0.98,26.67,0.003,27.21,Soldering iron,Resistive
243.1,0.11,0.98,27.36,0.003,27.92,Soldering iron,Resistive
234.4,0.11,0.98,26.28,0.003,26.82,Soldering iron,Resistive
237.6,0.11,0.98,26.52,0.003,27.06,Soldering iron,Resistive
242,0.11,0.98,26.99,0.003,27.54,Soldering iron,Resistive
240.1,0.12,0.98,27.08,0.003,27.63,Soldering iron,Resistive
241.6,0.12,0.98,27.62,0.003,28.18,Soldering iron,Resistive
239,0.11,0.98,26.77,0.003,27.32,Soldering iron,Resistive
239.4,0.15,0.98,35.93,0.003,36.66,Soldering iron,Resistive
229.5,0.12,0.98,27.13,0.003,27.68,Soldering iron,Resistive
234.9,0.11,0.98,25.91,0.003,26.44,Soldering iron,Resistive
238.6,0.12,0.98,27.18,0.003,27.73,Soldering iron,Resistive
236.2,0.11,0.98,26.32,0.003,26.86,Soldering iron,Resistive
235.7,0.12,0.98,28.02,0.003,28.59,Soldering iron,Resistive
235.7,0.11,0.98,26.11,0.003,26.64,Soldering iron,Resistive
232.8,0.12,0.98,27.83,0.003,28.4,Soldering iron,Resistive
238.2,0.12,0.98,27.31,0.003,27.87,Soldering iron,Resistive
242.9,0.11,0.98,26.56,0.003,27.1,Soldering iron,Resistive
235.3,0.11,0.98,25.63,0.003,26.15,Soldering iron,Resistive
235.5,0.11,0.98,25.88,0.003,26.41,Soldering iron,Resistive
234.9,0.11,0.98,26.37,0.003,26.91,Soldering iron,Resistive
238,0.12,0.98,27,0.003,27.55,Soldering iron,Resistive
234.8,0.12,0.98,26.92,0.003,27.47,Soldering iron,Resistive
242.2,0.11,0.98,26.56,0.003,27.1,Soldering iron,Resistive
236.1,0.11,0.98,26.22,0.003,26.76,Soldering iron,Resistive
237.8,0.11,0.98,26.73,0.003,27.28,Soldering iron,Resistive
237.7,0.11,0.98,25.35,0.003,25.87,Soldering iron,Resistive
234.4,0.11,0.98,25.65,0.003,26.17,Soldering iron,Resistive
238,0.12,0.98,27.09,0.003,27.64,Soldering iron,Resistive
239.1,0.11,0.98,26.25,0.003,26.79,Soldering iron,Resistive
237.3,0.11,0.98,26.39,0.003,26.93,Soldering iron,Resistive
239,0.11,0.98,26.25,0.003,26.79,Soldering iron,Resistive
238.3,0.12,0.98,26.89,0.003,27.44,Soldering iron,Resistive
236.7,0.12,0.98,28.5,0.003,29.08,Soldering iron,Resistive
236.5,0.12,0.98,26.75,0.003,27.3,Soldering iron,Resistive
237.1,0.18,0.98,41.2,0.003,42.04,Soldering iron,Resistive
239,0.13,0.98,29.62,0.003,30.22,Soldering iron,Resistive
237.4,0.12,0.98,27.73,0.003,28.3,Soldering iron,Resistive
242.1,0.12,0.98,28.56,0.003,29.14,Soldering iron,Resistive
239.4,0.12,0.98,27.34,0.003,27.9,Soldering iron,Resistive
238.9,0.11,0.98,26.82,0.003,27.37,Soldering iron,Resistive
235.8,0.11,0.98,26.24,0.003,26.78,Soldering iron,Resistive
239.6,0.11,0.98,26.39,0.003,26.93,Soldering iron,Resistive
240.4,0.12,0.98,28.17,0.003,28.74,Soldering iron,Resistive
238.1,0.11,0.98,26.66,0.003,27.2,Soldering iron,Resistive
237.6,0.11,0.98,26.25,0.003,26.79,Soldering iron,Resistive
242.3,0.11,0.98,27.27,0.003,27.83,Soldering iron,Resistive
236.2,0.11,0.98,26.36,0.003,26.9,Soldering iron,Resistive
238.7,0.11,0.98,26.59,0.003,27.13,Soldering iron,Resistive
245.4,0.11,0.98,26.7,0.003,27.24,Soldering iron,Resistive
236.6,0.11,0.98,26.19,0.003,26.72,Soldering iron,Resistive
240.3,0.11,0.98,26.25,0.003,26.79,Soldering iron,Resistive
245.3,0.11,0.98,26.91,0.003,27.46,Soldering iron,Resistive
240.3,0.11,0.98,26.49,0.003,27.03,Soldering iron,Resistive
233.9,0.11,0.98,25.65,0.003,26.17,Soldering iron,Resistive
237.7,0.12,0.98,26.82,0.003,27.37,Soldering iron,Resistive
239.1,0.11,0.98,26.1,0.003,26.63,Soldering iron,Resistive
247.6,0.18,0.51,22.66,0.007,44.05,Television,Capacitive
247.6,0.18,0.53,23.4,0.007,44.4,Television,Capacitive
247.4,0.18,0.52,23.33,0.007,44.52,Television,Capacitive
247.8,0.18,0.52,23.54,0.007,45.18,Television,Capacitive
248,0.21,0.56,29.64,0.007,53.31,Television,Capacitive
248.1,0.18,0.52,23.04,0.007,44.55,Television,Capacitive
247.9,0.18,0.53,23.74,0.007,45.17,Television,Capacitive
247.7,0.18,0.52,23.1,0.007,44.63,Television,Capacitive
247.6,0.24,0.58,35,0.007,60.66,Television,Capacitive
247.6,0.25,0.57,34.75,0.007,60.74,Television,Capacitive
247.7,0.24,0.58,34.82,0.007,59.61,Television,Capacitive
247.7,0.24,0.56,33.29,0.007,59.52,Television,Capacitive
247.5,0.25,0.57,34.5,0.007,60.71,Television,Capacitive
247.7,0.25,0.55,33.98,0.007,61.43,Television,Capacitive
247.7,0.25,0.56,34.58,0.007,61.75,Television,Capacitive
247.9,0.24,0.55,33.67,0.007,60.71,Television,Capacitive
247.6,0.24,0.57,34.49,0.007,60.09,Television,Capacitive
248.6,0.24,0.58,34.75,0.007,60.36,Television,Capacitive
248.7,0.24,0.58,34.67,0.007,60.13,Television,Capacitive
248.3,0.24,0.58,34.95,0.007,60.06,Television,Capacitive
248.5,0.24,0.57,34.63,0.007,60.32,Television,Capacitive
248.8,0.24,0.58,34.64,0.007,59.72,Television,Capacitive
248.8,0.24,0.58,35.35,0.007,60.66,Television,Capacitive
249.5,0.25,0.58,36.04,0.007,62.31,Television,Capacitive
248.6,0.25,0.58,35.87,0.007,62,Television,Capacitive
248.5,0.25,0.58,36,0.007,61.77,Television,Capacitive
248.6,0.25,0.57,35.08,0.007,61.6,Television,Capacitive
248.4,0.25,0.58,35.77,0.007,62.1,Television,Capacitive
248.6,0.25,0.58,36.33,0.007,62.54,Television,Capacitive
248.6,0.25,0.58,35.82,0.007,61.89,Television,Capacitive
248.8,0.25,0.58,36.18,0.007,62.59,Television,Capacitive
248.8,0.25,0.58,36.18,0.007,62.63,Television,Capacitive
248.4,0.18,0.53,24,0.007,45.6,Television,Capacitive
248.2,0.28,0.59,41.05,0.007,69.18,Television,Capacitive
248.5,0.28,0.6,42.75,0.007,70.69,Television,Capacitive
248.6,0.28,0.6,42.07,0.007,70.09,Television,Capacitive
248.5,0.28,0.6,42.32,0.007,70.69,Television,Capacitive
248.6,0.28,0.6,42.26,0.007,70.45,Television,Capacitive
248.5,0.28,0.6,42.11,0.007,70.46,Television,Capacitive
248.5,0.28,0.6,42.15,0.007,70.61,Television,Capacitive
248.4,0.28,0.6,41.9,0.007,70.26,Television,Capacitive
249.4,0.28,0.6,42.54,0.007,70.7,Television,Capacitive
248.3,0.28,0.6,41.96,0.007,70.33,Television,Capacitive
247.5,0.28,0.6,41.69,0.007,69.74,Television,Capacitive
248.5,0.28,0.6,42.44,0.007,70.6,Television,Capacitive
248.6,0.28,0.6,42.41,0.007,70.64,Television,Capacitive
248.8,0.19,0.54,24.92,0.007,46.2,Television,Capacitive
249,0.19,0.53,24.95,0.007,46.65,Television,Capacitive
249,0.19,0.54,25,0.007,46.37,Television,Capacitive
249,0.19,0.53,24.84,0.007,46.81,Television,Capacitive
248.8,0.18,0.52,24.07,0.007,45.86,Television,Capacitive
248.5,0.19,0.54,25.21,0.007,46.58,Television,Capacitive
248.6,0.19,0.54,24.83,0.007,46.23,Television,Capacitive
248.8,0.19,0.54,25.13,0.007,46.75,Television,Capacitive
249.3,0.18,0.54,24.99,0.007,45.94,Television,Capacitive
249.4,0.19,0.54,24.96,0.007,46.24,Television,Capacitive
249.6,0.19,0.54,25.39,0.007,46.59,Television,Capacitive
249.3,0.19,0.54,25,0.007,46.34,Television,Capacitive
249.4,0.18,0.54,25.01,0.007,46.07,Television,Capacitive
249.6,0.19,0.54,25.09,0.007,46.52,Television,Capacitive
249.6,0.19,0.54,25,0.007,46.57,Television,Capacitive
249.8,0.19,0.55,25.74,0.007,46.77,Television,Capacitive
249.8,0.19,0.55,25.71,0.007,47.11,Television,Capacitive
249.4,0.19,0.55,25.41,0.007,46.42,Television,Capacitive
249.5,0.19,0.55,25.38,0.007,46.54,Television,Capacitive
248.5,0.19,0.54,24.81,0.007,46.25,Television,Capacitive
248.9,0.19,0.54,25.43,0.007,46.75,Television,Capacitive
248.9,0.19,0.54,24.97,0.007,46.1,Television,Capacitive
248.9,0.19,0.55,25.21,0.007,46.07,Television,Capacitive
248.9,0.19,0.54,25.05,0.007,46.4,Television,Capacitive
249.1,0.19,0.55,25.95,0.007,46.81,Television,Capacitive
248.7,0.19,0.53,24.74,0.007,46.25,Television,Capacitive
249,0.19,0.55,25.98,0.007,47.47,Television,Capacitive
248.7,0.19,0.54,25.05,0.007,46.73,Television,Capacitive
248.7,0.19,0.54,25.05,0.007,46.72,Television,Capacitive
248.9,0.19,0.54,25.29,0.007,46.67,Television,Capacitive
249,0.18,0.55,25.03,0.007,45.91,Television,Capacitive
248.9,0.28,0.6,42.25,0.007,70.35,Television,Capacitive
249,0.28,0.6,42.31,0.007,70.75,Television,Capacitive
248.9,0.28,0.6,42.49,0.007,70.77,Television,Capacitive
249.2,0.28,0.59,41.78,0.007,70.61,Television,Capacitive
249.2,0.29,0.6,42.9,0.007,71.33,Television,Capacitive
249.3,0.29,0.6,42.62,0.007,71.41,Television,Capacitive
249.2,0.28,0.6,42.53,0.007,70.7,Television,Capacitive
249.8,0.25,0.58,35.73,0.007,61.97,Television,Capacitive
249.7,0.24,0.57,33.69,0.007,59.28,Television,Capacitive
249.7,0.24,0.58,34.96,0.007,60.3,Television,Capacitive
249.7,0.24,0.57,33.76,0.007,59.38,Television,Capacitive
249.3,0.24,0.57,33.77,0.007,59.45,Television,Capacitive
249.6,0.24,0.57,34.15,0.007,60.05,Television,Capacitive
249.5,0.24,0.59,35.38,0.007,60.45,Television,Capacitive
249.5,0.24,0.57,34.73,0.007,60.45,Television,Capacitive
249.7,0.24,0.58,35.2,0.007,61.04,Television,Capacitive
249.8,0.24,0.58,35.5,0.007,61.15,Television,Capacitive
249.7,0.24,0.57,34.05,0.007,59.61,Television,Capacitive
249.4,0.24,0.56,33.64,0.007,59.72,Television,Capacitive
249.5,0.24,0.58,34.9,0.007,60.35,Television,Capacitive
249.1,0.24,0.56,33.46,0.007,59.34,Television,Capacitive
249.2,0.24,0.57,33.73,0.007,59.53,Television,Capacitive
249.1,0.24,0.57,34.1,0.007,60.02,Television,Capacitive
249.4,0.24,0.58,34.84,0.007,60.05,Television,Capacitive
249.8,0.24,0.57,34.73,0.007,60.55,Television,Capacitive
249.8,0.24,0.58,34.68,0.007,60.02,Television,Capacitive
249.7,0.24,0.58,34.95,0.007,60.45,Television,Capacitive
249.7,0.24,0.57,34.07,0.007,59.34,Television,Capacitive
249.6,0.24,0.57,34.08,0.007,59.61,Television,Capacitive
249.6,0.24,0.58,35.1,0.007,60.81,Television,Capacitive
249.8,0.24,0.58,35.45,0.007,60.88,Television,Capacitive
249.6,0.25,0.57,35.38,0.007,61.69,Television,Capacitive
249.8,0.24,0.57,34.93,0.007,61.06,Television,Capacitive
250,0.25,0.58,35.64,0.007,61.82,Television,Capacitive
249.8,0.25,0.57,35.58,0.007,61.91,Television,Capacitive
249.7,0.25,0.57,35.24,0.007,61.79,Television,Capacitive
249.4,0.25,0.57,35.1,0.007,61.98,Television,Capacitive
249.6,0.25,0.56,35.12,0.007,62.38,Television,Capacitive
249.5,0.25,0.56,34.47,0.007,61.84,Television,Capacitive
249.6,0.25,0.56,34.42,0.007,61.59,Television,Capacitive
249.8,0.25,0.57,34.68,0.007,61.21,Television,Capacitive
249.7,0.24,0.56,34.12,0.007,61.05,Television,Capacitive
249.9,0.24,0.55,33.21,0.007,60.14,Television,Capacitive
249.8,0.24,0.56,33.92,0.007,60.56,Television,Capacitive
249.6,0.24,0.55,33.53,0.007,60.72,Television,Capacitive
249.8,0.25,0.56,34.3,0.007,61.77,Television,Capacitive
250,0.24,0.56,34.37,0.007,61.03,Television,Capacitive
248.6,0.25,0.56,34.68,0.007,62.18,Television,Capacitive
249.4,0.25,0.56,34.86,0.007,61.83,Television,Capacitive
249.3,0.25,0.57,34.82,0.007,61.53,Television,Capacitive
249.3,0.25,0.56,34.26,0.007,61.56,Television,Capacitive
249.4,0.25,0.55,34.21,0.007,61.82,Television,Capacitive
249.5,0.25,0.56,34.32,0.007,61.79,Television,Capacitive
249.5,0.25,0.56,33.97,0.007,61.19,Television,Capacitive
249.5,0.24,0.56,34.01,0.007,60.76,Television,Capacitive
249.6,0.24,0.56,33.32,0.007,60,Television,Capacitive
249.6,0.24,0.57,33.96,0.007,59.91,Television,Capacitive
249.7,0.24,0.55,33.27,0.007,60.32,Television,Capacitive
249.8,0.24,0.55,32.65,0.007,59.38,Television,Capacitive
249.6,0.24,0.56,33.9,0.007,60.1,Television,Capacitive
249.7,0.24,0.57,34.2,0.007,60.05,Television,Capacitive
250.8,0.24,0.58,35.13,0.007,60.67,Television,Capacitive
249.6,0.24,0.57,34.12,0.007,60.34,Television,Capacitive
249.8,0.24,0.57,34.37,0.007,60.41,Television,Capacitive
249.6,0.24,0.58,35.52,0.007,60.77,Television,Capacitive
249.8,0.24,0.57,34.6,0.007,60.26,Television,Capacitive
249.9,0.25,0.58,35.86,0.007,61.65,Television,Capacitive
249.8,0.25,0.57,35.35,0.007,62.11,Television,Capacitive
249.6,0.25,0.57,35.59,0.007,62.43,Television,Capacitive
249.7,0.25,0.58,35.91,0.007,62.18,Television,Capacitive
249.6,0.25,0.59,36.19,0.007,61.83,Television,Capacitive
249.6,0.25,0.58,35.91,0.007,61.92,Television,Capacitive
249.8,0.25,0.58,35.92,0.007,62.47,Television,Capacitive
249.7,0.25,0.58,35.78,0.007,62.17,Television,Capacitive
249.8,0.25,0.58,35.99,0.007,61.94,Television,Capacitive
249.7,0.25,0.58,36.06,0.007,62.5,Television,Capacitive
249.5,0.25,0.58,36.11,0.007,62.4,Television,Capacitive
249.5,0.25,0.58,36.29,0.007,62.69,Television,Capacitive
249.7,0.25,0.57,35.88,0.007,62.53,Television,Capacitive
249.7,0.25,0.58,36.64,0.007,62.86,Television,Capacitive
249.8,0.25,0.58,36.65,0.007,62.99,Television,Capacitive
249.7,0.25,0.58,37.04,0.007,63.64,Television,Capacitive
249.7,0.25,0.59,37.13,0.007,63.32,Television,Capacitive
249.6,0.25,0.57,36.15,0.007,63.28,Television,Capacitive
249.5,0.25,0.58,36.49,0.007,63.21,Television,Capacitive
249.7,0.25,0.58,35.65,0.007,61.44,Television,Capacitive
249.9,0.25,0.58,35.61,0.007,61.36,Television,Capacitive
249.6,0.25,0.58,35.3,0.007,61.39,Television,Capacitive
249.6,0.25,0.58,35.55,0.007,61.26,Television,Capacitive
249.5,0.25,0.58,35.56,0.007,61.33,Television,Capacitive
249.5,0.25,0.58,35.95,0.007,62.25,Television,Capacitive
249.9,0.25,0.57,35.21,0.007,61.5,Television,Capacitive
249.7,0.25,0.58,35.49,0.007,61.34,Television,Capacitive
249.7,0.25,0.58,35.53,0.007,61.35,Television,Capacitive
249.7,0.25,0.57,35.1,0.007,61.61,Television,Capacitive
249.8,0.25,0.58,35.28,0.007,61.34,Television,Capacitive
249.8,0.25,0.57,34.98,0.007,61.74,Television,Capacitive
249.6,0.25,0.58,35.44,0.007,61.48,Television,Capacitive
249.9,0.24,0.56,34.3,0.007,61.01,Television,Capacitive
249.9,0.25,0.57,35.09,0.007,61.59,Television,Capacitive
250.1,0.25,0.57,35.47,0.007,61.87,Television,Capacitive
250,0.25,0.57,35.38,0.007,62.34,Television,Capacitive
250.1,0.25,0.57,35.23,0.007,61.86,Television,Capacitive
250,0.25,0.58,35.64,0.007,61.77,Television,Capacitive
249.5,0.25,0.56,34.77,0.007,62.18,Television,Capacitive
249.5,0.25,0.57,34.9,0.007,61.28,Television,Capacitive
249.8,0.24,0.58,35.25,0.007,61.02,Television,Capacitive
249.8,0.24,0.58,35.2,0.007,60.88,Television,Capacitive
251,0.24,0.57,35.02,0.007,61.2,Television,Capacitive
250,0.24,0.57,34.97,0.007,61.17,Television,Capacitive
250,0.24,0.57,34.26,0.007,59.76,Television,Capacitive
249.6,0.24,0.57,34.62,0.007,60.32,Television,Capacitive
249.8,0.24,0.56,34.1,0.007,60.43,Television,Capacitive
249.7,0.24,0.57,34.79,0.007,61.1,Television,Capacitive
249.8,0.24,0.57,34.22,0.007,60.08,Television,Capacitive
251,0.25,0.56,34.95,0.007,61.95,Television,Capacitive
249.9,0.24,0.57,34.54,0.007,61.04,Television,Capacitive
249.8,0.24,0.56,33.96,0.007,60.48,Television,Capacitive
249.8,0.24,0.57,34.22,0.007,60.47,Television,Capacitive
251.1,0.25,0.56,34.51,0.007,61.92,Television,Capacitive
250,0.24,0.56,34.28,0.007,61.17,Television,Capacitive
249.5,0.25,0.56,34.66,0.007,61.52,Television,Capacitive
249.9,0.25,0.57,34.63,0.007,61.25,Television,Capacitive
250.3,0.24,0.57,34.51,0.007,60.95,Television,Capacitive
250.4,0.25,0.57,35.62,0.007,62.78,Television,Capacitive
250.3,0.25,0.57,36.56,0.007,63.6,Television,Capacitive
250.5,0.25,0.57,35.73,0.007,62.59,Television,Capacitive
250.2,0.25,0.58,36.9,0.007,63.5,Television,Capacitive
250.1,0.25,0.58,37.18,0.007,63.63,Television,Capacitive
250,0.25,0.58,36.71,0.007,63.5,Television,Capacitive
250.1,0.25,0.59,37,0.007,63.18,Television,Capacitive
250.3,0.25,0.57,36.1,0.007,62.98,Television,Capacitive
250.2,0.24,0.57,34.49,0.007,60.17,Television,Capacitive
249.7,0.25,0.56,34.18,0.007,61.41,Television,Capacitive
250,0.24,0.56,33.34,0.007,60.02,Television,Capacitive
251.3,0.25,0.57,35.22,0.007,61.58,Television,Capacitive
250,0.24,0.57,34.59,0.007,60.55,Television,Capacitive
250.1,0.24,0.57,34.56,0.007,60.95,Television,Capacitive
250.2,0.24,0.56,34.06,0.007,60.97,Television,Capacitive
250.3,0.24,0.55,33.59,0.007,60.54,Television,Capacitive
250.2,0.24,0.56,33.9,0.007,61.04,Television,Capacitive
250,0.25,0.58,35.75,0.007,62.07,Television,Capacitive
250.2,0.24,0.56,34.55,0.007,61.28,Television,Capacitive
251.2,0.25,0.57,35.29,0.007,62.12,Television,Capacitive
250.2,0.25,0.56,34.39,0.007,61.54,Television,Capacitive
249.9,0.25,0.57,35.26,0.007,61.93,Television,Capacitive
249.9,0.25,0.57,35.07,0.007,61.93,Television,Capacitive
249.9,0.24,0.56,33.94,0.007,60.38,Television,Capacitive
249.8,0.24,0.56,33.48,0.007,60.25,Television,Capacitive
249.6,0.24,0.55,33.49,0.007,60.44,Television,Capacitive
249.7,0.24,0.56,34.38,0.007,61.01,Television,Capacitive
250,0.24,0.57,34.73,0.007,61.07,Television,Capacitive
250.1,0.24,0.57,34.63,0.007,60.84,Television,Capacitive
250,0.24,0.56,34.04,0.007,60.46,Television,Capacitive
249.8,0.24,0.57,34.44,0.007,60.23,Television,Capacitive
251,0.24,0.58,35.17,0.007,61.04,Television,Capacitive
249.8,0.24,0.58,35.07,0.007,60.55,Television,Capacitive
250,0.24,0.57,34.54,0.008,61.07,Television,Capacitive
249.9,0.25,0.57,35.01,0.008,61.66,Television,Capacitive
250,0.25,0.58,35.65,0.008,61.86,Television,Capacitive
249.9,0.24,0.56,33.99,0.008,60.28,Television,Capacitive
248.5,0.25,0.57,35.21,0.008,61.94,Television,Capacitive
248.9,0.25,0.56,34.12,0.008,61.12,Television,Capacitive
249,0.25,0.58,35.72,0.008,61.55,Television,Capacitive
249.3,0.25,0.58,36.35,0.008,62.32,Television,Capacitive
249.1,0.25,0.57,35.87,0.008,62.86,Television,Capacitive
249.2,0.25,0.58,36.44,0.008,62.83,Television,Capacitive
249.1,0.25,0.57,35.24,0.008,61.64,Television,Capacitive
249,0.25,0.59,36,0.008,61.52,Television,Capacitive
249.6,0.25,0.58,35.89,0.008,61.97,Television,Capacitive
249.4,0.25,0.58,35.61,0.008,61.93,Television,Capacitive
249.3,0.25,0.57,35.39,0.008,61.86,Television,Capacitive
249.1,0.25,0.57,35.62,0.008,62.06,Television,Capacitive
249.1,0.25,0.58,35.9,0.008,62.27,Television,Capacitive
249.4,0.25,0.56,34.74,0.008,61.59,Television,Capacitive
249.4,0.25,0.57,35.55,0.008,62.13,Television,Capacitive
249.6,0.24,0.57,34.59,0.008,61.13,Television,Capacitive
249.5,0.25,0.58,35.76,0.008,61.88,Television,Capacitive
249.4,0.25,0.57,35.54,0.008,61.9,Television,Capacitive
249.7,0.25,0.56,34.6,0.008,61.3,Television,Capacitive
249.5,0.24,0.56,34.47,0.008,61.02,Television,Capacitive
249.7,0.25,0.56,34.21,0.008,61.34,Television,Capacitive
249.5,0.25,0.58,35.35,0.008,61.34,Television,Capacitive
249.4,0.25,0.57,35.47,0.008,62.68,Television,Capacitive
248.7,0.25,0.58,35.85,0.008,62.3,Television,Capacitive
248.8,0.25,0.58,35.38,0.008,61.49,Television,Capacitive
249,0.25,0.57,35.29,0.008,61.99,Television,Capacitive
249.1,0.24,0.57,34.34,0.008,60.45,Television,Capacitive
249.1,0.24,0.57,34.39,0.008,60.54,Television,Capacitive
249,0.24,0.57,34.78,0.008,60.86,Television,Capacitive
249,0.24,0.57,34.81,0.008,60.87,Television,Capacitive
249,0.24,0.57,34.6,0.008,60.25,Television,Capacitive
248.8,0.25,0.58,35.28,0.008,61.23,Television,Capacitive
249.5,0.24,0.56,33.65,0.008,60.03,Television,Capacitive
249,0.24,0.57,34.52,0.008,60.62,Television,Capacitive
248.9,0.24,0.57,34.36,0.008,60.06,Television,Capacitive
249.2,0.24,0.56,33.49,0.008,60.21,Television,Capacitive
249,0.24,0.57,34.85,0.008,60.66,Television,Capacitive
249.6,0.24,0.57,34.42,0.008,60.68,Television,Capacitive
249.7,0.24,0.56,34.22,0.008,60.67,Television,Capacitive
249.7,0.24,0.58,35.26,0.008,60.77,Television,Capacitive
249.8,0.24,0.56,33.95,0.008,60.22,Television,Capacitive
249.5,0.24,0.57,34.45,0.008,60.26,Television,Capacitive
250.1,0.24,0.55,33.11,0.008,59.93,Television,Capacitive
249.8,0.24,0.57,34.79,0.008,60.59,Television,Capacitive
249.8,0.25,0.57,34.96,0.008,61.37,Television,Capacitive
249.7,0.24,0.58,35.15,0.008,61.03,Television,Capacitive
249.9,0.25,0.58,35.61,0.008,61.61,Television,Capacitive
250,0.24,0.56,34.38,0.008,60.92,Television,Capacitive
251,0.25,0.57,35.55,0.008,62.43,Television,Capacitive
249.7,0.24,0.56,34.18,0.008,60.97,Television,Capacitive
251.2,0.25,0.58,35.62,0.008,61.78,Television,Capacitive
249.9,0.25,0.57,35.31,0.008,61.68,Television,Capacitive
249.7,0.24,0.55,33.72,0.008,61.01,Television,Capacitive
250,0.24,0.56,34.23,0.008,60.98,Television,Capacitive
250,0.25,0.56,35.36,0.008,62.66,Television,Capacitive
249.7,0.25,0.57,35.12,0.008,61.32,Television,Capacitive
249.9,0.25,0.58,35.41,0.008,61.4,Television,Capacitive
250,0.24,0.55,33.44,0.008,60.46,Television,Capacitive
250.2,0.24,0.56,33.96,0.008,60.43,Television,Capacitive
250,0.25,0.56,34.41,0.008,61.72,Television,Capacitive
249.9,0.25,0.56,34.28,0.008,61.51,Television,Capacitive
249.6,0.25,0.58,35.54,0.008,61.51,Television,Capacitive
250,0.24,0.57,34.52,0.008,60.78,Television,Capacitive
249.8,0.24,0.56,33.91,0.008,60.26,Television,Capacitive
249.9,0.24,0.57,34.36,0.008,60.59,Television,Capacitive
250.1,0.25,0.57,35.15,0.008,61.53,Television,Capacitive
250.2,0.24,0.57,34.55,0.008,61.06,Television,Capacitive
249.7,0.24,0.56,33.72,0.008,60.54,Television,Capacitive
249.5,0.24,0.57,34.82,0.008,61.12,Television,Capacitive
250.7,0.25,0.56,34.54,0.008,61.63,Television,Capacitive
249.7,0.25,0.57,34.8,0.008,61.22,Television,Capacitive
249.8,0.25,0.58,35.27,0.008,61.28,Television,Capacitive
249.5,0.25,0.58,35.73,0.008,61.35,Television,Capacitive
249.8,0.24,0.57,34.87,0.008,61.05,Television,Capacitive
249.8,0.25,0.58,35.86,0.008,61.65,Television,Capacitive
250,0.24,0.56,34.05,0.008,60.31,Television,Capacitive
249.7,0.24,0.55,33.34,0.008,60.1,Television,Capacitive
249.7,0.24,0.55,33.76,0.008,60.86,Television,Capacitive
249.4,0.24,0.56,33.22,0.008,59.62,Television,Capacitive
249.2,0.24,0.56,33.49,0.008,60.32,Television,Capacitive
249.4,0.24,0.56,33.91,0.008,60.68,Television,Capacitive
249.3,0.24,0.56,34.16,0.008,60.6,Television,Capacitive
249.6,0.25,0.57,34.59,0.008,61.21,Television,Capacitive
249.9,0.24,0.56,34.51,0.008,61.09,Television,Capacitive
249.9,0.24,0.57,34.7,0.008,61.1,Television,Capacitive
249.9,0.24,0.55,33.2,0.008,60.15,Television,Capacitive
249.9,0.25,0.57,35.16,0.008,61.27,Television,Capacitive
250,0.25,0.58,35.35,0.008,61.47,Television,Capacitive
249.8,0.25,0.56,34.46,0.008,61.37,Television,Capacitive
249.9,0.24,0.56,34.36,0.008,61.09,Television,Capacitive
250,0.25,0.57,35.28,0.008,61.78,Television,Capacitive
249.8,0.24,0.56,34.15,0.008,60.54,Television,Capacitive
250,0.24,0.54,32.83,0.008,60.28,Television,Capacitive
249.9,0.24,0.56,34.35,0.008,61.09,Television,Capacitive
249.6,0.24,0.55,33.04,0.008,60.47,Television,Capacitive
249.6,0.24,0.56,33.31,0.008,59.48,Television,Capacitive
249.7,0.24,0.57,34.45,0.008,60.77,Television,Capacitive
250,0.24,0.56,34.25,0.008,60.98,Television,Capacitive
249.6,0.25,0.57,35.34,0.008,61.58,Television,Capacitive
249.7,0.25,0.56,34.77,0.008,61.57,Television,Capacitive
249.7,0.25,0.56,34.68,0.008,61.96,Television,Capacitive
249.8,0.25,0.58,35.56,0.008,61.71,Television,Capacitive
249.9,0.25,0.55,34.35,0.008,62.05,Television,Capacitive
249.6,0.25,0.57,35.52,0.008,62.08,Television,Capacitive
250,0.25,0.57,36.41,0.008,63.71,Television,Capacitive
250.2,0.25,0.55,34.36,0.008,62.25,Television,Capacitive
250,0.25,0.57,35.31,0.008,62.03,Television,Capacitive
250.1,0.25,0.56,34.55,0.008,61.41,Television,Capacitive
250.1,0.24,0.55,33.31,0.008,60.88,Television,Capacitive
250.3,0.25,0.54,33.43,0.008,61.48,Television,Capacitive
250.1,0.24,0.55,33.52,0.008,61.25,Television,Capacitive
251,0.25,0.54,33.66,0.008,61.78,Television,Capacitive
251.2,0.25,0.55,34.27,0.008,62,Television,Capacitive
250.2,0.24,0.54,32.7,0.008,60.99,Television,Capacitive
250.2,0.24,0.55,33.31,0.008,60.96,Television,Capacitive
250,0.24,0.54,33.26,0.008,61.19,Television,Capacitive
250.1,0.25,0.55,33.86,0.008,61.76,Television,Capacitive
249.9,0.25,0.55,34.15,0.008,61.94,Television,Capacitive
250.2,0.25,0.55,33.68,0.008,61.34,Television,Capacitive
250.1,0.25,0.55,34.23,0.008,61.7,Television,Capacitive
249.9,0.24,0.54,33.12,0.008,61.2,Television,Capacitive
249.9,0.25,0.55,33.76,0.008,61.68,Television,Capacitive
249.9,0.25,0.54,32.96,0.008,61.34,Television,Capacitive
250,0.25,0.54,33.11,0.008,61.68,Television,Capacitive
249.8,0.25,0.55,33.8,0.008,61.42,Television,Capacitive
250.1,0.25,0.55,33.86,0.008,61.61,Television,Capacitive
249.9,0.25,0.55,33.73,0.008,61.56,Television,Capacitive
249.9,0.24,0.56,34.36,0.008,61.01,Television,Capacitive
251.2,0.25,0.54,33.36,0.008,61.69,Television,Capacitive
250,0.25,0.55,34.1,0.008,61.81,Television,Capacitive
250,0.25,0.55,33.88,0.008,61.41,Television,Capacitive
250,0.25,0.55,34,0.008,62.22,Television,Capacitive
249.7,0.25,0.54,34.04,0.008,62.58,Television,Capacitive
249.9,0.25,0.54,33.66,0.008,62.51,Television,Capacitive
250,0.25,0.54,33.99,0.008,62.55,Television,Capacitive
251.1,0.25,0.55,34.67,0.008,63.16,Television,Capacitive
249.9,0.25,0.55,34.74,0.008,63.09,Television,Capacitive
250,0.25,0.56,34.87,0.008,62.65,Television,Capacitive
249.8,0.25,0.55,34.53,0.008,62.93,Television,Capacitive
249.9,0.25,0.55,34.38,0.008,62.77,Television,Capacitive
250,0.25,0.55,34.88,0.008,63.57,Television,Capacitive
250.1,0.25,0.55,33.89,0.008,61.91,Television,Capacitive
251.2,0.25,0.56,35.1,0.008,63.19,Television,Capacitive
249.9,0.26,0.52,33.94,0.008,64.94,Television,Capacitive
249.9,0.29,0.49,35.64,0.008,72.82,Television,Capacitive
250.5,0.41,0.39,39.49,0,102.29,Television,Capacitive
250.2,0.32,0.47,36.76,0,78.86,Television,Capacitive
250.1,0.27,0.51,34.51,0,67.97,Television,Capacitive
250,0.26,0.54,34.54,0,64.21,Television,Capacitive
249.7,0.25,0.56,34.44,0,61.98,Television,Capacitive
249.9,0.25,0.56,34.3,0,61.4,Television,Capacitive
250.1,0.25,0.55,34.47,0,62.29,Television,Capacitive
250.2,0.25,0.56,35.15,0,62.69,Television,Capacitive
250.2,0.25,0.57,35.66,0,62.16,Television,Capacitive
250.3,0.25,0.55,34.15,0,61.58,Television,Capacitive
250.3,0.24,0.56,33.9,0,60.89,Television,Capacitive
250,0.25,0.56,34.56,0,61.35,Television,Capacitive
250,0.25,0.56,34.57,0,61.6,Television,Capacitive
250,0.25,0.57,35.18,0,61.63,Television,Capacitive
250.1,0.25,0.56,34.47,0,61.51,Television,Capacitive
250,0.24,0.57,34.57,0,61.03,Television,Capacitive
250,0.24,0.56,34.07,0,61.05,Television,Capacitive
250.4,0.25,0.56,34.7,0,61.47,Television,Capacitive
250.1,0.25,0.57,34.75,0,61.4,Television,Capacitive
250.4,0.25,0.56,34.17,0,61.46,Television,Capacitive
250.2,0.24,0.57,34.71,0,60.88,Television,Capacitive
250.4,0.24,0.57,33.76,0,59.53,Television,Capacitive
250.1,0.24,0.56,33.66,0,59.83,Television,Capacitive
250.2,0.24,0.56,33.87,0,60.26,Television,Capacitive
250.1,0.24,0.56,33.75,0,59.96,Television,Capacitive
249.8,0.24,0.56,33.7,0,59.96,Television,Capacitive
251.1,0.24,0.56,33.84,0,60.17,Television,Capacitive
250.2,0.24,0.56,34.28,0,60.76,Television,Capacitive
250.2,0.24,0.55,33.29,0,60.08,Television,Capacitive
250.2,0.24,0.56,34.09,0,60.82,Television,Capacitive
250,0.24,0.56,33.89,0,59.98,Television,Capacitive
250.4,0.24,0.56,33.95,0,60.22,Television,Capacitive
250.3,0.24,0.56,33.65,0,60.02,Television,Capacitive
250.4,0.24,0.56,33.82,0,60.46,Television,Capacitive
250.3,0.24,0.55,33.22,0,60.07,Television,Capacitive
250.3,0.24,0.56,33.92,0,60.83,Television,Capacitive
251.1,0.24,0.56,34.23,0,61,Television,Capacitive
250.1,0.24,0.56,33.62,0,60.31,Television,Capacitive
250.1,0.25,0.57,35.23,0,62.24,Television,Capacitive
250.2,0.25,0.56,34.96,0,62.23,Television,Capacitive
250,0.25,0.57,35.5,0,62.29,Television,Capacitive
249.6,0.25,0.56,34.82,0,62.07,Television,Capacitive
250,0.25,0.57,35.48,0,62.5,Television,Capacitive
250,0.25,0.56,35.08,0,62.23,Television,Capacitive
250.2,0.25,0.56,34.63,0,62.2,Television,Capacitive
250.3,0.25,0.57,35.57,0,62.1,Television,Capacitive
250.6,0.24,0.56,33.52,0,60.13,Television,Capacitive
250,0.24,0.56,33.55,0,59.56,Television,Capacitive
250.3,0.24,0.57,33.93,0,59.95,Television,Capacitive
250.6,0.24,0.55,32.95,0,59.53,Television,Capacitive
250.4,0.24,0.56,33.46,0,60.04,Television,Capacitive
250.3,0.24,0.56,33.72,0,60.05,Television,Capacitive
250.2,0.24,0.57,34.25,0,60.59,Television,Capacitive
250.3,0.24,0.57,34.04,0,59.8,Television,Capacitive
250.3,0.24,0.56,33.25,0,59.82,Television,Capacitive
249.9,0.24,0.56,33.23,0,59.42,Television,Capacitive
250.1,0.24,0.56,34.1,0,60.55,Television,Capacitive
250.8,0.24,0.55,33.41,0,60.39,Television,Capacitive
250.2,0.24,0.56,33.33,0,59.71,Television,Capacitive
250.1,0.24,0.56,33.67,0,59.68,Television,Capacitive
250.2,0.24,0.56,33.46,0,59.62,Television,Capacitive
250,0.24,0.57,33.69,0,59.53,Television,Capacitive
251.3,0.24,0.56,33.9,0,60.28,Television,Capacitive
250.1,0.24,0.55,33.4,0,60.3,Television,Capacitive
250.2,0.24,0.56,33.23,0,59.81,Television,Capacitive
250,0.24,0.56,33.8,0,59.99,Television,Capacitive
250.1,0.24,0.56,33.94,0,60.79,Television,Capacitive
250.3,0.24,0.56,33.94,0,60.6,Television,Capacitive
250.4,0.24,0.56,33.72,0,60.52,Television,Capacitive
250.2,0.24,0.57,34.19,0,60.44,Television,Capacitive
250.3,0.24,0.57,34.37,0,60.59,Television,Capacitive
250.3,0.24,0.56,33.62,0,59.54,Television,Capacitive
250.2,0.24,0.55,33.43,0,60.33,Television,Capacitive
250,0.24,0.56,34.26,0,60.89,Television,Capacitive
250.2,0.25,0.56,34.21,0,61.38,Television,Capacitive
249.9,0.24,0.56,33.9,0,60.23,Television,Capacitive
250.3,0.24,0.56,33.91,0,60.59,Television,Capacitive
250.1,0.24,0.56,34.02,0,60.48,Television,Capacitive
250.4,0.24,0.56,33.83,0,60.51,Television,Capacitive
250.4,0.24,0.56,34.3,0,61.31,Television,Capacitive
249.9,0.25,0.56,34.53,0,61.64,Television,Capacitive
250.1,0.25,0.56,34.77,0,61.61,Television,Capacitive
250.2,0.24,0.57,34.64,0,61.11,Television,Capacitive
250.9,0.25,0.57,35.02,0,61.77,Television,Capacitive
249.6,0.24,0.56,33.71,0,60.02,Television,Capacitive
249.6,0.25,0.57,35.69,0,62.99,Television,Capacitive
250.5,0.25,0.57,35.16,0,61.63,Television,Capacitive
249.8,0.24,0.56,34.39,0,60.97,Television,Capacitive
250,0.24,0.56,33.86,0,60.97,Television,Capacitive
250.1,0.25,0.55,34.4,0,61.99,Television,Capacitive
250.7,0.25,0.57,35.55,0,62.4,Television,Capacitive
250.1,0.25,0.56,34.49,0,61.76,Television,Capacitive
249.9,0.25,0.57,35.03,0,61.66,Television,Capacitive
250.1,0.25,0.56,34.58,0,61.68,Television,Capacitive
250.3,0.25,0.57,34.78,0,61.37,Television,Capacitive
250.1,0.25,0.57,34.91,0,61.43,Television,Capacitive
250,0.25,0.57,35.55,0,62.16,Television,Capacitive
250.2,0.25,0.56,34.52,0,61.71,Television,Capacitive
250.2,0.25,0.56,34.6,0,61.82,Television,Capacitive
250,0.25,0.57,34.8,0,61.38,Television,Capacitive
250.3,0.25,0.57,35.19,0,61.54,Television,Capacitive
250.1,0.24,0.56,33.73,0,60.42,Television,Capacitive
250.2,0.24,0.55,33.48,0,60.47,Television,Capacitive
249.9,0.24,0.56,34.17,0,61.16,Television,Capacitive
250.1,0.24,0.57,34.68,0,60.47,Television,Capacitive
250.3,0.24,0.57,34.04,0,59.97,Television,Capacitive
251.2,0.24,0.56,33.51,0,60.37,Television,Capacitive
250.3,0.24,0.56,33.88,0,60.64,Television,Capacitive
250.2,0.24,0.55,32.92,0,59.94,Television,Capacitive
250.4,0.24,0.56,33.57,0,60.02,Television,Capacitive
250.3,0.24,0.57,35.07,0,61.19,Television,Capacitive
250.2,0.24,0.56,33.83,0,60.55,Television,Capacitive
251.5,0.24,0.56,34.5,0,61.42,Television,Capacitive
249.9,0.24,0.56,34.25,0,61,Television,Capacitive
250.1,0.24,0.57,34.86,0,60.94,Television,Capacitive
250.1,0.24,0.57,34.26,0,60.5,Television,Capacitive
250,0.24,0.56,33.71,0,60.03,Television,Capacitive
249.8,0.24,0.56,33.87,0,60.43,Television,Capacitive
249.9,0.24,0.56,33.99,0,60.3,Television,Capacitive
251.2,0.24,0.56,34.5,0,61.29,Television,Capacitive
250.3,0.24,0.56,34.36,0,60.85,Television,Capacitive
250.1,0.24,0.57,34.37,0,59.88,Television,Capacitive
250,0.24,0.57,34.29,0,60.39,Television,Capacitive
249.9,0.24,0.57,33.86,0,59.82,Television,Capacitive
250.1,0.24,0.56,33.96,0,60.16,Television,Capacitive
249.7,0.24,0.56,34.04,0,60.51,Television,Capacitive
250.3,0.24,0.57,34.5,0,60.62,Television,Capacitive
250.5,0.24,0.56,33.71,0,60.28,Television,Capacitive
250.6,0.24,0.57,34.34,0,60.74,Television,Capacitive
250.1,0.24,0.57,34.55,0,61.07,Television,Capacitive
249.9,0.24,0.57,34.74,0,60.63,Television,Capacitive
250,0.24,0.57,34.64,0,60.76,Television,Capacitive
249.9,0.25,0.55,33.96,0,61.33,Television,Capacitive
250.3,0.24,0.57,34.92,0,61.23,Television,Capacitive
250.3,0.24,0.57,34.46,0,60.81,Television,Capacitive
250.3,0.24,0.56,34.19,0,61,Television,Capacitive
250.2,0.24,0.57,34.53,0,60.53,Television,Capacitive
251.1,0.24,0.56,34.19,0,61.24,Television,Capacitive
250.3,0.24,0.56,34.46,0,61.23,Television,Capacitive
250.2,0.24,0.56,34.06,0,60.52,Television,Capacitive
250,0.24,0.56,33.67,0,60.31,Television,Capacitive
249.8,0.24,0.56,34.09,0,60.59,Television,Capacitive
250.2,0.24,0.56,34.21,0,61.04,Television,Capacitive
250.3,0.24,0.56,33.83,0,60.86,Television,Capacitive
250,0.24,0.56,34.35,0,61.16,Television,Capacitive
250.2,0.24,0.56,34.38,0,61.01,Television,Capacitive
249.9,0.24,0.56,34.12,0,60.78,Television,Capacitive
250.1,0.24,0.56,34.46,0,61.03,Television,Capacitive
250.1,0.24,0.57,34.58,0,60.8,Television,Capacitive
249.5,0.25,0.56,34.57,0,61.27,Television,Capacitive
249.8,0.24,0.55,33.61,0,61.08,Television,Capacitive
251,0.24,0.56,33.72,0,60.41,Television,Capacitive
249.9,0.24,0.56,33.96,0,60.51,Television,Capacitive
249.9,0.24,0.55,32.93,0,59.45,Television,Capacitive
250,0.24,0.56,33.24,0,59.74,Television,Capacitive
250,0.24,0.56,33.98,0,60.78,Television,Capacitive
250.2,0.24,0.57,34.7,0,60.59,Television,Capacitive
249.9,0.24,0.57,34.64,0,60.93,Television,Capacitive
250,0.24,0.57,34.51,0,60.59,Television,Capacitive
250.2,0.24,0.57,34.88,0,61.06,Television,Capacitive
250.3,0.24,0.56,33.8,0,60.67,Television,Capacitive
249.8,0.24,0.57,34.32,0,60.31,Television,Capacitive
249.9,0.24,0.57,33.59,0,59.43,Television,Capacitive
250.2,0.24,0.56,34.18,0,60.57,Television,Capacitive
250.5,0.24,0.56,33.67,0,60.02,Television,Capacitive
249.9,0.24,0.55,32.93,0.001,59.75,Television,Capacitive
249.9,0.24,0.56,33.91,0.001,60.7,Television,Capacitive
250,0.24,0.56,33.54,0.001,60.22,Television,Capacitive
249.8,0.24,0.55,33.1,0.001,59.84,Television,Capacitive
250.2,0.24,0.56,34.05,0.001,60.62,Television,Capacitive
250.3,0.24,0.56,33.28,0.001,59.5,Television,Capacitive
250.1,0.24,0.57,33.97,0.001,59.98,Television,Capacitive
250.1,0.24,0.57,34.32,0.001,60.28,Television,Capacitive
249.9,0.25,0.57,34.76,0.001,61.36,Television,Capacitive
250.1,0.25,0.56,34.46,0.001,61.36,Television,Capacitive
250,0.25,0.58,36.04,0.001,62.58,Television,Capacitive
250.1,0.25,0.56,34.92,0.001,62.14,Television,Capacitive
251.3,0.25,0.57,34.98,0.001,61.82,Television,Capacitive
249.9,0.25,0.57,35.62,0.001,62.14,Television,Capacitive
250.1,0.25,0.57,35.11,0.001,61.99,Television,Capacitive
250,0.25,0.56,35.06,0.001,62.33,Television,Capacitive
251.5,0.25,0.55,33.88,0.001,61.71,Television,Capacitive
250.1,0.24,0.56,34.21,0.001,60.95,Television,Capacitive
250,0.25,0.55,34.01,0.001,61.49,Television,Capacitive
250.1,0.25,0.56,34.44,0.001,61.34,Television,Capacitive
250.3,0.25,0.55,33.83,0.001,61.99,Television,Capacitive
250,0.25,0.55,33.96,0.001,61.6,Television,Capacitive
250.2,0.25,0.54,33.87,0.001,62.36,Television,Capacitive
250.4,0.25,0.54,33.72,0.001,61.89,Television,Capacitive
250.3,0.25,0.55,33.75,0.001,61.63,Television,Capacitive
250.1,0.25,0.54,33.36,0.001,61.48,Television,Capacitive
250.2,0.25,0.54,33.7,0.001,62.01,Television,Capacitive
250,0.25,0.54,33.36,0.001,61.37,Television,Capacitive
250,0.25,0.56,34.7,0.001,62.14,Television,Capacitive
251.1,0.25,0.56,35.28,0.001,63.19,Television,Capacitive
250.2,0.25,0.55,33.9,0.001,61.52,Television,Capacitive
250.4,0.24,0.54,33.24,0.001,61.29,Television,Capacitive
250.2,0.25,0.56,34.11,0.001,61.43,Television,Capacitive
250.2,0.25,0.54,33.55,0.001,61.79,Television,Capacitive
249.8,0.24,0.54,33.13,0.001,61.02,Television,Capacitive
250,0.24,0.55,33.02,0.001,60.43,Television,Capacitive
250.6,0.24,0.56,33.97,0.001,60.68,Television,Capacitive
249.9,0.24,0.57,34.51,0.001,60.94,Television,Capacitive
250.1,0.24,0.57,33.86,0.001,59.87,Television,Capacitive
250.2,0.24,0.56,33.53,0.001,59.51,Television,Capacitive
250.1,0.24,0.56,33.18,0.001,59.77,Television,Capacitive
250.6,0.24,0.57,34,0.001,59.97,Television,Capacitive
250.4,0.24,0.56,33.91,0.001,60.37,Television,Capacitive
250.3,0.24,0.57,34.12,0.001,60.19,Television,Capacitive
251.5,0.25,0.57,35.67,0.001,62.43,Television,Capacitive
250.2,0.24,0.57,34.9,0.001,61.27,Television,Capacitive
250.2,0.25,0.57,35.19,0.001,62.03,Television,Capacitive
250.4,0.25,0.56,34.47,0.001,61.41,Television,Capacitive
250.3,0.24,0.58,35.34,0.001,61.3,Television,Capacitive
250.7,0.25,0.57,35.05,0.001,61.84,Television,Capacitive
250.6,0.25,0.56,34.17,0.001,61.45,Television,Capacitive
250.5,0.25,0.56,34.47,0.001,61.81,Television,Capacitive
250.3,0.24,0.56,34.48,0.001,61.15,Television,Capacitive
250.3,0.25,0.58,36.17,0.001,61.89,Television,Capacitive
250.6,0.24,0.56,34.48,0.001,61.11,Television,Capacitive
250.1,0.25,0.58,35.48,0.001,61.31,Television,Capacitive
250.2,0.25,0.56,34.97,0.001,62.02,Television,Capacitive
250.4,0.25,0.56,35.12,0.001,62.22,Television,Capacitive
250.4,0.24,0.56,34.56,0.001,61.33,Television,Capacitive
250.5,0.25,0.57,34.83,0.001,61.47,Television,Capacitive
250.3,0.25,0.57,35.21,0.001,61.41,Television,Capacitive
250.6,0.25,0.57,34.8,0.001,61.41,Television,Capacitive
249.9,0.25,0.57,35.41,0.001,62.49,Television,Capacitive
250.3,0.24,0.56,34.4,0.001,61.29,Television,Capacitive
250.4,0.25,0.57,34.96,0.001,61.43,Television,Capacitive
250.3,0.25,0.57,35.19,0.001,61.62,Television,Capacitive
250.4,0.25,0.56,34.92,0.001,61.86,Television,Capacitive
250.5,0.25,0.58,35.97,0.001,62.3,Television,Capacitive
251.6,0.25,0.57,35.7,0.001,62.15,Television,Capacitive
250.6,0.24,0.55,33.61,0.001,61.06,Television,Capacitive
250.4,0.24,0.56,34.19,0.001,61.03,Television,Capacitive
250.5,0.25,0.57,34.94,0.001,61.39,Television,Capacitive
250.2,0.24,0.57,34.51,0.001,61.07,Television,Capacitive
250,0.25,0.56,34.35,0.001,61.4,Television,Capacitive
250.3,0.25,0.57,35.23,0.001,62.26,Television,Capacitive
250.4,0.25,0.57,35.2,0.001,61.64,Television,Capacitive
250.4,0.25,0.57,35,0.001,61.54,Television,Capacitive
250.6,0.25,0.57,35.28,0.001,62.15,Television,Capacitive
250.7,0.25,0.56,34.6,0.001,62.02,Television,Capacitive
250.6,0.25,0.57,35.32,0.001,61.93,Television,Capacitive
250.6,0.24,0.57,34.77,0.001,60.95,Television,Capacitive
250.3,0.25,0.56,34.24,0.001,61.44,Television,Capacitive
250.2,0.25,0.57,35.21,0.001,61.52,Television,Capacitive
250.8,0.24,0.55,33.8,0.001,60.99,Television,Capacitive
250.3,0.24,0.55,33.68,0.001,60.93,Television,Capacitive
250.2,0.24,0.56,34.25,0.001,60.92,Television,Capacitive
250.7,0.24,0.57,34.61,0.001,61.03,Television,Capacitive
250.8,0.24,0.57,34.45,0.001,60.68,Television,Capacitive
250.8,0.24,0.56,34.06,0.001,61.07,Television,Capacitive
250.7,0.24,0.57,34.58,0.001,60.88,Television,Capacitive
251,0.24,0.57,34.25,0.001,60.56,Television,Capacitive
252,0.24,0.57,34.57,0.001,60.87,Television,Capacitive
250.4,0.24,0.57,34.59,0.001,60.87,Television,Capacitive
251.1,0.24,0.57,34.05,0.001,60.11,Television,Capacitive
251.1,0.24,0.56,33.68,0.001,60.17,Television,Capacitive
251,0.24,0.56,33.87,0.001,60.35,Television,Capacitive
251,0.24,0.56,33.79,0.001,59.94,Television,Capacitive
250.9,0.24,0.57,34.32,0.001,60.45,Television,Capacitive
251,0.24,0.56,34.18,0.001,60.72,Television,Capacitive
251.1,0.24,0.56,34.06,0.001,60.56,Television,Capacitive
250.9,0.25,0.56,34.72,0.001,61.55,Television,Capacitive
250.8,0.25,0.57,36.08,0.001,63.33,Television,Capacitive
250.9,0.25,0.57,36.4,0.001,63.95,Television,Capacitive
250.7,0.25,0.57,36.15,0.001,63.23,Television,Capacitive
250.6,0.25,0.57,36.25,0.001,63.27,Television,Capacitive
250.5,0.25,0.57,36.54,0.001,63.56,Television,Capacitive
250.7,0.25,0.57,36.15,0.001,62.94,Television,Capacitive
250.6,0.25,0.57,35.8,0.001,62.66,Television,Capacitive
250.9,0.25,0.57,34.95,0.001,61.74,Television,Capacitive
250.9,0.25,0.58,36.36,0.001,62.51,Television,Capacitive
251,0.25,0.57,35.66,0.001,62.14,Television,Capacitive
250.6,0.25,0.57,35.57,0.001,62.03,Television,Capacitive
250.9,0.25,0.57,35.14,0.001,62.13,Television,Capacitive
250.7,0.25,0.58,35.88,0.001,62.03,Television,Capacitive
250.8,0.25,0.57,35.99,0.001,63.17,Television,Capacitive
250.6,0.25,0.57,35.81,0.001,62.63,Television,Capacitive
250.9,0.25,0.56,34.61,0.001,61.63,Television,Capacitive
250.9,0.25,0.57,35.64,0.001,62.89,Television,Capacitive
250.9,0.25,0.57,35.57,0.001,62.47,Television,Capacitive
251,0.25,0.56,35.33,0.001,62.81,Television,Capacitive
250.9,0.25,0.56,34.79,0.001,62.65,Television,Capacitive
250.9,0.25,0.57,35.75,0.001,62.57,Television,Capacitive
250.8,0.25,0.58,36.49,0.001,63.26,Television,Capacitive
250.7,0.25,0.58,36.48,0.001,63.07,Television,Capacitive
250.6,0.24,0.57,34.43,0.001,60.82,Television,Capacitive
250.8,0.24,0.56,33.77,0.001,60.63,Television,Capacitive
251,0.24,0.56,33.92,0.001,60.05,Television,Capacitive
252.1,0.24,0.57,34.52,0.001,60.75,Television,Capacitive
250.8,0.24,0.56,34.06,0.001,60.3,Television,Capacitive
251.1,0.24,0.56,33.45,0.001,60.21,Television,Capacitive
251,0.24,0.57,34.08,0.001,60.26,Television,Capacitive
250.7,0.24,0.57,34.31,0.001,60.48,Television,Capacitive
250.4,0.24,0.56,34.3,0.001,60.83,Television,Capacitive
251.4,0.24,0.55,33.7,0.001,61.13,Television,Capacitive
250.2,0.24,0.56,33.29,0.001,59.97,Television,Capacitive
250.3,0.24,0.56,33.67,0.001,60.22,Television,Capacitive
250.1,0.24,0.56,34.06,0.001,60.78,Television,Capacitive
250.4,0.24,0.56,33.87,0.001,60.81,Television,Capacitive
250.1,0.24,0.57,34.42,0.001,60.86,Television,Capacitive
250.1,0.24,0.56,33.57,0.001,59.81,Television,Capacitive
249.2,0.24,0.56,33.79,0.001,60.5,Television,Capacitive
250.2,0.24,0.55,33.18,0.001,60.32,Television,Capacitive
249.8,0.24,0.56,33.93,0.001,60.26,Television,Capacitive
249.9,0.25,0.56,34.65,0.001,62.08,Television,Capacitive
249.9,0.25,0.56,34.92,0.001,62.19,Television,Capacitive
250.2,0.25,0.56,34.53,0.001,61.85,Television,Capacitive
249.7,0.25,0.55,33.57,0.001,61.36,Television,Capacitive
249.2,0.25,0.56,34.8,0.001,62.69,Television,Capacitive
249.7,0.25,0.55,35.02,0.001,63.21,Television,Capacitive
250.3,0.25,0.56,35.27,0.001,62.92,Television,Capacitive
250.2,0.25,0.55,34.37,0.001,62.61,Television,Capacitive
250.1,0.25,0.55,34.37,0.001,62.07,Television,Capacitive
250.2,0.25,0.55,34.14,0.001,62.3,Television,Capacitive
250.2,0.25,0.56,35.17,0.001,62.98,Television,Capacitive
250.5,0.25,0.55,34.19,0.001,62.55,Television,Capacitive
250.2,0.25,0.55,34.54,0.001,62.25,Television,Capacitive
251.4,0.25,0.54,34.59,0.001,63.57,Television,Capacitive
251.2,0.25,0.55,34.88,0.001,63.2,Television,Capacitive
250.4,0.25,0.55,34.07,0.001,62.11,Television,Capacitive
250.3,0.25,0.55,34.96,0.001,63.27,Television,Capacitive
250.2,0.25,0.56,34.77,0.001,62.62,Television,Capacitive
250.2,0.25,0.56,34.65,0.001,62.06,Television,Capacitive
251.3,0.25,0.55,34.52,0.001,62.66,Television,Capacitive
250,0.25,0.56,34.76,0.001,62.22,Television,Capacitive
250.1,0.25,0.55,34.01,0.001,62.32,Television,Capacitive
250,0.24,0.55,33.91,0.001,61.19,Television,Capacitive
250.1,0.24,0.55,33.3,0.001,60.88,Television,Capacitive
250,0.24,0.55,33.4,0.001,60.91,Television,Capacitive
250.2,0.24,0.55,33.41,0.001,60.6,Television,Capacitive
250.1,0.24,0.56,33.37,0.001,59.77,Television,Capacitive
250.4,0.24,0.55,33.1,0.001,60.11,Television,Capacitive
250.3,0.24,0.56,33.75,0.001,60.13,Television,Capacitive
251.3,0.24,0.56,34.09,0.001,60.37,Television,Capacitive
250,0.24,0.57,33.85,0.001,59.37,Television,Capacitive
250.3,0.24,0.56,34.05,0.001,60.36,Television,Capacitive
250.4,0.24,0.56,33.53,0.001,60.18,Television,Capacitive
250.5,0.24,0.56,33.36,0.001,59.94,Television,Capacitive
250.2,0.24,0.56,33.53,0.001,60.37,Television,Capacitive
250.4,0.24,0.57,34.03,0.001,60.21,Television,Capacitive
250.4,0.24,0.56,33.61,0.001,59.89,Television,Capacitive
250.5,0.24,0.56,33.75,0.001,60.1,Television,Capacitive
250.5,0.24,0.57,34.39,0.001,60.6,Television,Capacitive
250.1,0.24,0.57,34.42,0.001,60.57,Television,Capacitive
250.3,0.24,0.57,34.65,0.001,60.64,Television,Capacitive
250.4,0.24,0.56,33.43,0.001,59.93,Television,Capacitive
250.6,0.24,0.56,34.24,0.001,60.96,Television,Capacitive
250.7,0.24,0.56,33.89,0.001,60.53,Television,Capacitive
251.7,0.24,0.57,34.66,0.001,61.14,Television,Capacitive
249.5,0.24,0.57,33.95,0.001,60.01,Television,Capacitive
250.3,0.24,0.56,33.92,0.001,60.44,Television,Capacitive
250.2,0.24,0.56,33.71,0.001,60.45,Television,Capacitive
250,0.24,0.56,34.01,0.001,60.4,Television,Capacitive
250.4,0.24,0.56,33.86,0.001,60.22,Television,Capacitive
250.5,0.24,0.57,34.68,0.001,60.9,Television,Capacitive
250.2,0.24,0.57,34.17,0.001,60.26,Television,Capacitive
250.1,0.24,0.56,33.97,0.001,60.76,Television,Capacitive
250.4,0.24,0.56,33.84,0.001,60.48,Television,Capacitive
250.3,0.24,0.57,34.55,0.001,60.42,Television,Capacitive
250.5,0.24,0.56,34.1,0.001,60.39,Television,Capacitive
250.3,0.24,0.56,33.85,0.001,60.24,Television,Capacitive
250,0.24,0.56,34.03,0.001,60.29,Television,Capacitive
250.1,0.24,0.57,34.38,0.001,60.63,Television,Capacitive
250.1,0.24,0.56,33.44,0.001,60.17,Television,Capacitive
250.2,0.24,0.56,34.5,0.001,61.17,Television,Capacitive
250.1,0.24,0.56,34.1,0.001,60.98,Television,Capacitive
250.1,0.24,0.57,34.53,0.001,60.69,Television,Capacitive
250.5,0.24,0.55,33.78,0.001,61.03,Television,Capacitive
250.1,0.24,0.56,34.2,0.001,60.55,Television,Capacitive
250.1,0.24,0.56,34.11,0.001,60.66,Television,Capacitive
250.2,0.24,0.57,34.08,0.001,60.28,Television,Capacitive
250.2,0.24,0.56,33.58,0.001,59.61,Television,Capacitive
250,0.24,0.56,34.12,0.001,60.44,Television,Capacitive
250,0.24,0.57,34.85,0.001,60.91,Television,Capacitive
250.1,0.24,0.56,33.95,0.001,60.46,Television,Capacitive
250.3,0.24,0.56,33.91,0.001,60.54,Television,Capacitive
250.1,0.24,0.55,33.06,0.001,59.99,Television,Capacitive
249.8,0.24,0.55,32.96,0.001,59.52,Television,Capacitive
250.1,0.24,0.56,33.68,0.001,60.26,Television,Capacitive
250.2,0.24,0.56,33.64,0.001,60.25,Television,Capacitive
249.8,0.24,0.56,33.73,0.001,59.88,Television,Capacitive
249.9,0.24,0.57,34.1,0.001,59.89,Television,Capacitive
250.2,0.24,0.56,33.57,0.001,59.87,Television,Capacitive
250,0.24,0.57,33.85,0.001,59.83,Television,Capacitive
250.1,0.24,0.56,33.36,0.001,59.52,Television,Capacitive
250.4,0.24,0.57,34.02,0.001,60.16,Television,Capacitive
250.2,0.24,0.56,33.33,0.001,60.04,Television,Capacitive
250.3,0.24,0.56,34.08,0.001,60.89,Television,Capacitive
250.3,0.24,0.57,34.7,0.001,60.9,Television,Capacitive
249.8,0.25,0.56,34.34,0.001,61.23,Television,Capacitive
250,0.24,0.56,33.84,0.001,60.62,Television,Capacitive
250,0.24,0.55,33.48,0.001,60.71,Television,Capacitive
250.1,0.24,0.55,33.54,0.001,60.51,Television,Capacitive
250,0.25,0.55,33.88,0.001,61.27,Television,Capacitive
249.8,0.24,0.56,34.21,0.001,60.76,Television,Capacitive
249.9,0.24,0.57,34.42,0.001,60.59,Television,Capacitive
249.9,0.24,0.56,34.19,0.001,60.66,Television,Capacitive
250.1,0.24,0.56,34.03,0.001,60.86,Television,Capacitive
250.3,0.25,0.56,35.08,0.001,62.26,Television,Capacitive
250.1,0.25,0.57,35.39,0.001,61.79,Television,Capacitive
250.1,0.25,0.56,34.75,0.001,61.56,Television,Capacitive
249.9,0.25,0.56,35.09,0.001,62.19,Television,Capacitive
250.1,0.25,0.55,34.12,0.001,61.91,Television,Capacitive
250.2,0.25,0.57,35.22,0.001,62.33,Television,Capacitive
250,0.25,0.57,35.05,0.001,61.97,Television,Capacitive
250,0.25,0.56,34.69,0.001,62.49,Television,Capacitive
250.1,0.24,0.55,33.82,0.001,61.09,Television,Capacitive
249.7,0.24,0.55,33.41,0.001,61,Television,Capacitive
249.9,0.25,0.55,34.08,0.001,61.49,Television,Capacitive
249.8,0.25,0.56,34.78,0.001,62.16,Television,Capacitive
250.1,0.24,0.55,33.89,0.001,61.18,Television,Capacitive
250.1,0.24,0.55,33.11,0.001,60.32,Television,Capacitive
248.9,0.25,0.55,34.68,0.001,62.81,Television,Capacitive
249.1,0.25,0.55,33.81,0.001,61.66,Television,Capacitive
249.1,0.25,0.55,33.91,0.001,61.62,Television,Capacitive
249.1,0.25,0.54,33.69,0.001,61.91,Television,Capacitive
249.1,0.25,0.55,33.89,0.001,61.66,Television,Capacitive
249.1,0.25,0.55,33.66,0.001,61.36,Television,Capacitive
249.3,0.25,0.55,34.19,0.001,61.72,Television,Capacitive
249,0.25,0.55,33.32,0.001,61.02,Television,Capacitive
248.9,0.25,0.55,34.11,0.001,61.75,Television,Capacitive
249.1,0.25,0.55,34.44,0.001,62.37,Television,Capacitive
249,0.25,0.55,33.95,0.001,61.84,Television,Capacitive
249.2,0.25,0.56,34.4,0.001,61.81,Television,Capacitive
249.3,0.25,0.55,33.88,0.001,61.29,Television,Capacitive
249.2,0.25,0.54,33.17,0.001,61.26,Television,Capacitive
249.1,0.24,0.54,33.02,0.001,60.83,Television,Capacitive
249,0.25,0.56,34.09,0.001,61.41,Television,Capacitive
249.1,0.24,0.54,32.41,0.001,60.12,Television,Capacitive
249,0.25,0.55,33.71,0.001,61.54,Television,Capacitive
249.1,0.24,0.55,33.26,0.001,60.14,Television,Capacitive
248.9,0.25,0.55,33.89,0.001,61.32,Television,Capacitive
249,0.25,0.54,32.97,0.001,61.04,Television,Capacitive
249.1,0.25,0.55,33.92,0.001,61.37,Television,Capacitive
249,0.25,0.56,34.59,0.001,62.1,Television,Capacitive
249.1,0.25,0.55,34.71,0.001,62.69,Television,Capacitive
248.7,0.25,0.56,34.92,0.001,62.31,Television,Capacitive
248.8,0.25,0.55,34.49,0.001,62.77,Television,Capacitive
249,0.25,0.55,34.64,0.001,62.67,Television,Capacitive
248.9,0.25,0.55,34.48,0.001,62.56,Television,Capacitive
248.9,0.25,0.55,34.08,0.001,62.09,Television,Capacitive
248.6,0.25,0.55,34.39,0.001,62.67,Television,Capacitive
248.8,0.25,0.55,34.34,0.001,62.91,Television,Capacitive
248.8,0.25,0.55,34.79,0.001,62.79,Television,Capacitive
248.8,0.25,0.55,34.65,0.001,62.95,Television,Capacitive
248.8,0.25,0.56,34.75,0.001,62.53,Television,Capacitive
248.7,0.25,0.54,33.4,0.001,62,Television,Capacitive
248.5,0.25,0.54,33.81,0.001,62.52,Television,Capacitive
249,0.25,0.55,34.78,0.001,62.91,Television,Capacitive
248.7,0.25,0.55,34.9,0.001,63.18,Television,Capacitive
248.8,0.25,0.56,34.69,0.001,62.49,Television,Capacitive
248.8,0.25,0.55,34.31,0.001,62.28,Television,Capacitive
248.7,0.25,0.56,34.7,0.001,62.3,Television,Capacitive
248.7,0.25,0.56,34.91,0.001,62.6,Television,Capacitive
249,0.25,0.55,34.7,0.001,62.76,Television,Capacitive
250.2,0.25,0.55,34.98,0.001,63.54,Television,Capacitive
249,0.25,0.55,34.12,0.001,62.18,Television,Capacitive
249,0.25,0.55,34.35,0.001,62.36,Television,Capacitive
249.5,0.25,0.55,34.99,0.001,63.5,Television,Capacitive
249.3,0.25,0.55,34.53,0.001,62.75,Television,Capacitive
249.3,0.25,0.55,34.53,0.001,62.62,Television,Capacitive
249.5,0.25,0.55,34.15,0.001,62.38,Television,Capacitive
249.8,0.25,0.56,35.05,0.001,62.58,Television,Capacitive
249.7,0.25,0.55,34.24,0.001,62.62,Television,Capacitive
249.8,0.25,0.55,34.53,0.001,62.28,Television,Capacitive
249.6,0.25,0.55,34.58,0.001,62.39,Television,Capacitive
249.7,0.25,0.55,34.5,0.001,62.34,Television,Capacitive
249.9,0.25,0.55,34.59,0.001,62.41,Television,Capacitive
249.8,0.25,0.56,34.57,0.001,62.22,Television,Capacitive
250,0.25,0.56,35,0.001,62.44,Television,Capacitive
249.7,0.25,0.55,34.5,0.001,62.85,Television,Capacitive
249.7,0.25,0.56,35.12,0.001,62.7,Television,Capacitive
249.9,0.25,0.56,34.74,0.001,62.15,Television,Capacitive
249.9,0.25,0.55,34.08,0.001,62.1,Television,Capacitive
250,0.24,0.56,33.85,0.001,60.95,Television,Capacitive
249.7,0.24,0.56,34.03,0.001,61.07,Television,Capacitive
250,0.25,0.56,34.59,0.001,61.4,Television,Capacitive
249.8,0.24,0.55,33.62,0.001,60.77,Television,Capacitive
249.8,0.24,0.56,34.03,0.001,61.11,Television,Capacitive
250,0.24,0.55,33.79,0.001,61.12,Television,Capacitive
249.5,0.24,0.55,33.83,0.001,61.08,Television,Capacitive
249.4,0.24,0.55,33.74,0.001,60.91,Television,Capacitive
249.3,0.24,0.55,33.05,0.001,60.18,Television,Capacitive
249.5,0.24,0.55,33.51,0.001,60.4,Television,Capacitive
247.3,0.23,0.55,31.64,0.001,57.51,Television,Capacitive
248.8,0.25,0.57,35.47,0.001,62.47,Television,Capacitive
249.3,0.24,0.57,34.45,0.001,60.57,Television,Capacitive
249.4,0.24,0.56,34.48,0.001,61.04,Television,Capacitive
249.5,0.24,0.57,34.37,0.001,60.48,Television,Capacitive
249.3,0.24,0.56,34.01,0.001,60.53,Television,Capacitive
249.3,0.24,0.57,34.36,0.002,60.53,Television,Capacitive
249.7,0.25,0.57,35.86,0.002,63.15,Television,Capacitive
249.5,0.25,0.56,35.39,0.002,62.8,Television,Capacitive
249.4,0.25,0.56,34.71,0.002,62.02,Television,Capacitive
249.1,0.25,0.56,35.32,0.002,62.55,Television,Capacitive
249.3,0.25,0.57,34.98,0.002,61.87,Television,Capacitive
249.5,0.25,0.57,35.23,0.002,62.23,Television,Capacitive
249.4,0.25,0.56,35.36,0.002,62.89,Television,Capacitive
249.3,0.25,0.57,35.06,0.002,61.89,Television,Capacitive
249.6,0.24,0.56,33.48,0.002,60.14,Television,Capacitive
249.5,0.24,0.56,34.25,0.002,60.7,Television,Capacitive
249.6,0.24,0.57,34.22,0.002,60.52,Television,Capacitive
250.2,0.24,0.57,34.63,0.002,61.23,Television,Capacitive
249.2,0.24,0.56,33.32,0.002,59.84,Television,Capacitive
249.4,0.24,0.56,33.9,0.002,60.92,Television,Capacitive
249.5,0.24,0.57,34.48,0.002,60.39,Television,Capacitive
249.5,0.24,0.56,33.72,0.002,59.96,Television,Capacitive
249.5,0.24,0.56,33.65,0.002,60.56,Television,Capacitive
249.5,0.24,0.55,33.06,0.002,60.47,Television,Capacitive
249.3,0.24,0.56,33.96,0.002,60.51,Television,Capacitive
249.7,0.24,0.56,34.22,0.002,60.99,Television,Capacitive
249.6,0.25,0.55,33.79,0.002,61.28,Television,Capacitive
248.2,0.24,0.56,33.27,0.002,59.74,Television,Capacitive
248.6,0.24,0.56,33.92,0.002,60.76,Television,Capacitive
248.8,0.25,0.56,34.04,0.002,61.18,Television,Capacitive
249,0.25,0.55,33.83,0.002,61.35,Television,Capacitive
249,0.24,0.56,33.83,0.002,60.93,Television,Capacitive
249.1,0.24,0.55,33.51,0.002,60.94,Television,Capacitive
249.1,0.24,0.55,33.45,0.002,60.98,Television,Capacitive
248.9,0.25,0.55,33.83,0.002,61.06,Television,Capacitive
248.9,0.25,0.56,34.37,0.002,61.39,Television,Capacitive
249.2,0.25,0.55,34.01,0.002,61.53,Television,Capacitive
249.1,0.25,0.55,33.6,0.002,61.08,Television,Capacitive
249.3,0.24,0.55,33.8,0.002,60.97,Television,Capacitive
248.9,0.25,0.55,33.41,0.002,61.23,Television,Capacitive
248.7,0.25,0.55,33.81,0.002,61.83,Television,Capacitive
248.6,0.25,0.55,34.23,0.002,61.96,Television,Capacitive
248.4,0.25,0.55,34.14,0.002,61.53,Television,Capacitive
248.5,0.25,0.56,34.33,0.002,61.71,Television,Capacitive
248.8,0.25,0.55,33.86,0.002,61.47,Television,Capacitive
248.6,0.25,0.55,33.92,0.002,61.43,Television,Capacitive
248.6,0.25,0.55,34.67,0.002,62.72,Television,Capacitive
248.7,0.25,0.55,34.44,0.002,62.92,Television,Capacitive
248.8,0.25,0.56,34.91,0.002,62.65,Television,Capacitive
248.9,0.25,0.55,34.35,0.002,62.36,Television,Capacitive
248.7,0.25,0.55,34.44,0.002,62.64,Television,Capacitive
248.8,0.25,0.56,35.06,0.002,62.96,Television,Capacitive
248.7,0.25,0.55,34.5,0.002,63.09,Television,Capacitive
248.7,0.26,0.55,35.03,0.002,63.42,Television,Capacitive
249,0.25,0.55,34.64,0.002,62.97,Television,Capacitive
249,0.25,0.55,34.57,0.002,62.71,Television,Capacitive
249.1,0.25,0.56,35.57,0.002,63.26,Television,Capacitive
249.1,0.25,0.55,34.65,0.002,62.98,Television,Capacitive
249.7,0.25,0.56,35.13,0.002,63.12,Television,Capacitive
249.9,0.25,0.56,34.93,0.002,62.75,Television,Capacitive
249.9,0.25,0.56,34.94,0.002,62.87,Television,Capacitive
249.5,0.25,0.55,33.92,0.002,62.23,Television,Capacitive
249.7,0.25,0.55,34.61,0.002,62.5,Television,Capacitive
249.9,0.25,0.56,35.13,0.002,62.87,Television,Capacitive
250,0.25,0.56,34.75,0.002,62.35,Television,Capacitive
249.6,0.25,0.56,35.2,0.002,62.6,Television,Capacitive
249.8,0.25,0.57,35.47,0.002,62.38,Television,Capacitive
249.8,0.25,0.56,34.7,0.002,62.34,Television,Capacitive
249.8,0.25,0.56,34.99,0.002,62.08,Television,Capacitive
249.9,0.25,0.57,34.72,0.002,61.4,Television,Capacitive
249.9,0.24,0.55,33.31,0.002,60.79,Television,Capacitive
249.9,0.24,0.55,33.73,0.002,60.79,Television,Capacitive
249.9,0.24,0.56,34.35,0.002,60.83,Television,Capacitive
249.5,0.24,0.56,33.53,0.002,60.29,Television,Capacitive
249.4,0.25,0.56,34.39,0.002,61.42,Television,Capacitive
249.6,0.24,0.56,34.18,0.002,60.95,Television,Capacitive
249.8,0.24,0.56,34.51,0.002,61.18,Television,Capacitive
250,0.24,0.57,34.48,0.002,60.84,Television,Capacitive
249.8,0.24,0.56,34.27,0.002,60.99,Television,Capacitive
249.7,0.24,0.56,34.01,0.002,61.05,Television,Capacitive
250,0.24,0.56,34.02,0.002,60.69,Television,Capacitive
249.8,0.25,0.56,34.44,0.002,61.32,Television,Capacitive
249.7,0.25,0.56,34.15,0.002,61.29,Television,Capacitive
249.8,0.25,0.55,33.85,0.002,61.31,Television,Capacitive
249.7,0.24,0.57,34.69,0.002,61.15,Television,Capacitive
250,0.24,0.56,33.75,0.002,60.72,Television,Capacitive
249.8,0.25,0.56,34.5,0.002,61.4,Television,Capacitive
249.7,0.24,0.57,34.51,0.002,60.98,Television,Capacitive
249.9,0.24,0.56,33.9,0.002,60.78,Television,Capacitive
249.5,0.24,0.55,33.38,0.002,60.29,Television,Capacitive
249.6,0.24,0.56,33.67,0.002,60.51,Television,Capacitive
249.5,0.24,0.56,33.93,0.002,60.71,Television,Capacitive
249.9,0.24,0.56,34.14,0.002,60.83,Television,Capacitive
249.5,0.24,0.56,33.81,0.002,60.51,Television,Capacitive
249.6,0.24,0.57,34.48,0.002,60.94,Television,Capacitive
249.8,0.24,0.56,34.21,0.002,61.01,Television,Capacitive
249.8,0.24,0.56,34.22,0.002,60.98,Television,Capacitive
249.9,0.24,0.56,33.99,0.002,60.81,Television,Capacitive
249.6,0.25,0.56,34.32,0.002,61.28,Television,Capacitive
249.8,0.24,0.56,34.26,0.002,61.19,Television,Capacitive
249.9,0.25,0.56,34.79,0.002,62.04,Television,Capacitive
249.9,0.25,0.56,34.6,0.002,61.5,Television,Capacitive
249.8,0.24,0.56,34.42,0.002,60.99,Television,Capacitive
249.8,0.25,0.56,34.36,0.002,61.22,Television,Capacitive
249.7,0.24,0.56,34.03,0.002,60.84,Television,Capacitive
249.8,0.25,0.56,34.51,0.002,61.53,Television,Capacitive
250.1,0.24,0.56,34.35,0.002,61.25,Television,Capacitive
250.2,0.24,0.56,34.51,0.002,61.24,Television,Capacitive
249.9,0.24,0.56,34.2,0.002,61.22,Television,Capacitive
249.8,0.25,0.56,34.26,0.002,61.36,Television,Capacitive
249.8,0.25,0.56,34.21,0.002,61.23,Television,Capacitive
249.7,0.24,0.57,34.48,0.002,60.89,Television,Capacitive
249.9,0.24,0.56,33.95,0.002,61.02,Television,Capacitive
249.8,0.25,0.56,34.26,0.002,61.39,Television,Capacitive
249.8,0.24,0.55,33.77,0.002,60.97,Television,Capacitive
249.6,0.24,0.56,34.09,0.002,61.03,Television,Capacitive
249.8,0.25,0.55,34.01,0.002,61.31,Television,Capacitive
249.8,0.24,0.56,34.1,0.002,61.03,Television,Capacitive
249.9,0.25,0.56,34.62,0.002,61.77,Television,Capacitive
249.8,0.24,0.56,34.43,0.002,61.17,Television,Capacitive
249.9,0.24,0.56,34.03,0.002,60.95,Television,Capacitive
249.9,0.24,0.56,34.01,0.002,61.01,Television,Capacitive
249.8,0.25,0.55,33.99,0.002,61.39,Television,Capacitive
249.7,0.25,0.55,33.98,0.002,61.43,Television,Capacitive
249.5,0.25,0.55,34.25,0.002,61.78,Television,Capacitive
249.7,0.25,0.55,34.09,0.002,62.27,Television,Capacitive
249.7,0.25,0.56,34.67,0.002,62.1,Television,Capacitive
249.9,0.25,0.55,33.74,0.002,61.27,Television,Capacitive
249.7,0.25,0.55,34.25,0.002,62.33,Television,Capacitive
249.5,0.25,0.55,33.99,0.002,62.03,Television,Capacitive
249.7,0.25,0.55,34.49,0.002,62.64,Television,Capacitive
249.7,0.25,0.55,33.7,0.002,61.75,Television,Capacitive
249.7,0.25,0.55,34.52,0.002,62.64,Television,Capacitive
249.3,0.25,0.54,33.62,0.002,62.04,Television,Capacitive
249.7,0.25,0.54,33.61,0.002,62.51,Television,Capacitive
249.6,0.25,0.55,33.76,0.002,61.73,Television,Capacitive
249.4,0.25,0.55,34.35,0.002,62.05,Television,Capacitive
249.8,0.25,0.55,33.96,0.002,61.85,Television,Capacitive
249.8,0.25,0.55,34.18,0.002,62.18,Television,Capacitive
249.5,0.25,0.54,34.01,0.002,62.49,Television,Capacitive
249.7,0.25,0.55,34.61,0.002,63.03,Television,Capacitive
249.7,0.25,0.55,34.74,0.002,63.28,Television,Capacitive
249.5,0.25,0.56,34.88,0.002,62.76,Television,Capacitive
249.8,0.25,0.55,34.74,0.002,62.86,Television,Capacitive
249.6,0.25,0.56,35.1,0.002,62.64,Television,Capacitive
249.8,0.25,0.55,34.4,0.002,62.43,Television,Capacitive
249.9,0.25,0.54,34.51,0.002,63.41,Television,Capacitive
249.6,0.25,0.55,34.72,0.002,63.11,Television,Capacitive
249.6,0.25,0.55,34.09,0.002,61.81,Television,Capacitive
249.8,0.25,0.55,33.88,0.002,61.99,Television,Capacitive
250.1,0.24,0.55,33.77,0.002,61.12,Television,Capacitive
250.1,0.25,0.55,33.81,0.002,61.48,Television,Capacitive
249.7,0.24,0.56,34.25,0.002,61.11,Television,Capacitive
249.9,0.25,0.56,34.68,0.002,61.64,Television,Capacitive
249.8,0.25,0.57,34.79,0.002,61.41,Television,Capacitive
249.8,0.25,0.57,34.76,0.002,61.27,Television,Capacitive
249.8,0.24,0.56,33.77,0.002,60.77,Television,Capacitive
249.6,0.24,0.56,34.01,0.002,60.46,Television,Capacitive
249.7,0.24,0.56,33.83,0.002,60.49,Television,Capacitive
249.8,0.25,0.56,34.08,0.002,61.32,Television,Capacitive
249.7,0.24,0.57,34.29,0.002,60.6,Television,Capacitive
249.9,0.24,0.57,34.45,0.002,60.81,Television,Capacitive
249.9,0.24,0.56,33.78,0.002,60.86,Television,Capacitive
249.9,0.24,0.56,33.85,0.002,60.78,Television,Capacitive
249.9,0.24,0.56,34.2,0.002,60.8,Television,Capacitive
250.1,0.25,0.56,34.54,0.002,61.54,Television,Capacitive
250.2,0.24,0.56,33.92,0.002,60.77,Television,Capacitive
250.3,0.24,0.56,34.23,0.002,61.01,Television,Capacitive
249.7,0.24,0.56,34.12,0.002,61.14,Television,Capacitive
250,0.24,0.56,33.42,0.002,60.02,Television,Capacitive
249.9,0.24,0.56,34.05,0.002,60.36,Television,Capacitive
250.2,0.25,0.56,34.42,0.002,61.48,Television,Capacitive
249.7,0.24,0.55,33.04,0.002,60.14,Television,Capacitive
249.9,0.24,0.56,33.9,0.002,60.46,Television,Capacitive
249.9,0.24,0.57,34.84,0.002,61.08,Television,Capacitive
249.5,0.25,0.55,33.79,0.002,61.15,Television,Capacitive
249.4,0.25,0.58,35.23,0.002,61.27,Television,Capacitive
249.1,0.25,0.57,34.81,0.002,61.35,Television,Capacitive
249.1,0.25,0.58,35.28,0.002,61.24,Television,Capacitive
249,0.25,0.56,34.44,0.002,61.15,Television,Capacitive
249,0.25,0.57,34.95,0.002,61.61,Television,Capacitive
248.7,0.25,0.57,34.99,0.002,61.38,Television,Capacitive
249.1,0.25,0.57,35.28,0.002,61.67,Television,Capacitive
249.1,0.25,0.57,35.47,0.002,61.72,Television,Capacitive
249.3,0.25,0.57,35.16,0.002,62.13,Television,Capacitive
249.5,0.25,0.57,35.23,0.002,61.8,Television,Capacitive
248.9,0.25,0.55,34.33,0.002,61.87,Television,Capacitive
249,0.25,0.57,34.99,0.002,61.91,Television,Capacitive
249,0.24,0.57,34.66,0.002,60.96,Television,Capacitive
248.8,0.25,0.56,34.51,0.002,61.35,Television,Capacitive
249,0.25,0.57,35.07,0.002,61.53,Television,Capacitive
248.9,0.25,0.58,35.33,0.002,61.36,Television,Capacitive
249.2,0.24,0.57,34.5,0.002,60.46,Television,Capacitive
249.1,0.24,0.57,34.92,0.002,60.84,Television,Capacitive
248.8,0.25,0.58,35.33,0.002,61.41,Television,Capacitive
248.7,0.25,0.57,35.11,0.002,61.46,Television,Capacitive
249.1,0.25,0.57,35.05,0.002,61.54,Television,Capacitive
249.1,0.25,0.57,35.22,0.002,61.88,Television,Capacitive
249.3,0.25,0.57,34.93,0.002,61.62,Television,Capacitive
249.2,0.24,0.57,34.56,0.002,61.02,Television,Capacitive
249.2,0.25,0.57,35.23,0.002,61.59,Television,Capacitive
246.7,0.24,0.56,32.51,0.002,58.54,Television,Capacitive
246.6,0.26,0.57,35.63,0.002,62.93,Television,Capacitive
248.6,0.25,0.56,34.54,0.002,61.34,Television,Capacitive
248.7,0.25,0.57,35.14,0.002,61.75,Television,Capacitive
248.5,0.24,0.57,34.63,0.002,60.52,Television,Capacitive
248.6,0.25,0.56,34.51,0.002,61.63,Television,Capacitive
248.6,0.25,0.57,34.59,0.002,61.14,Television,Capacitive
248.6,0.25,0.58,35.43,0.002,61.57,Television,Capacitive
248.8,0.25,0.57,35.11,0.002,61.26,Television,Capacitive
248.7,0.25,0.56,34.48,0.002,61.74,Television,Capacitive
249.8,0.25,0.57,35.17,0.002,61.93,Television,Capacitive
249,0.25,0.57,34.98,0.002,61.82,Television,Capacitive
249.5,0.25,0.55,35.2,0.002,63.45,Television,Capacitive
249.5,0.25,0.55,34.69,0.002,62.67,Television,Capacitive
249.8,0.25,0.55,34.68,0.002,62.82,Television,Capacitive
249.4,0.25,0.54,33.06,0.002,61.35,Television,Capacitive
249.7,0.25,0.55,34.84,0.002,63.09,Television,Capacitive
249.6,0.25,0.54,33.62,0.002,62.53,Television,Capacitive
249.3,0.25,0.55,33.81,0.002,61.73,Television,Capacitive
249.5,0.25,0.54,33.39,0.002,61.94,Television,Capacitive
249.8,0.25,0.54,33.78,0.002,62.31,Television,Capacitive
249.5,0.25,0.54,33.18,0.002,61.2,Television,Capacitive
250,0.25,0.55,34.16,0.002,62.45,Television,Capacitive
249.3,0.25,0.55,34.24,0.002,61.92,Television,Capacitive
249.7,0.25,0.55,34.21,0.002,62.29,Television,Capacitive
249.6,0.25,0.55,34.49,0.002,62.97,Television,Capacitive
249.1,0.25,0.56,34.51,0.002,61.82,Television,Capacitive
249.9,0.25,0.55,33.76,0.002,61.91,Television,Capacitive
249.5,0.25,0.57,35.36,0.002,62.16,Television,Capacitive
249.6,0.25,0.57,35.37,0.002,62.49,Television,Capacitive
249.7,0.25,0.56,35.64,0.002,63.21,Television,Capacitive
249.6,0.25,0.57,35.91,0.002,63.48,Television,Capacitive
249.6,0.25,0.56,35.48,0.002,63.18,Television,Capacitive
249.6,0.25,0.57,36.37,0.002,63.54,Television,Capacitive
249.3,0.25,0.56,35.34,0.002,63.11,Television,Capacitive
249,0.25,0.58,35.78,0.002,61.98,Television,Capacitive
249.7,0.24,0.56,33.98,0.002,60.66,Television,Capacitive
249.1,0.24,0.56,33.35,0.002,59.82,Television,Capacitive
249.7,0.24,0.56,33.7,0.002,60.52,Television,Capacitive
249.6,0.24,0.56,33.64,0.002,60.17,Television,Capacitive
249.6,0.24,0.56,33.67,0.002,60.52,Television,Capacitive
249.7,0.24,0.56,33.69,0.002,60.47,Television,Capacitive
249.2,0.24,0.57,34.53,0.002,60.67,Television,Capacitive
249.2,0.24,0.56,34.06,0.002,60.77,Television,Capacitive
249.7,0.24,0.56,33.8,0.002,60.87,Television,Capacitive
249.7,0.25,0.57,35.44,0.002,62.27,Television,Capacitive
250.1,0.25,0.55,34.27,0.002,61.91,Television,Capacitive
249.9,0.25,0.57,35.06,0.002,61.89,Television,Capacitive
250.1,0.25,0.56,34.6,0.002,61.96,Television,Capacitive
250,0.25,0.56,34.84,0.002,62.34,Television,Capacitive
250.5,0.25,0.57,35.95,0.002,63.17,Television,Capacitive
249.7,0.25,0.55,34.07,0.002,61.54,Television,Capacitive
249.8,0.25,0.55,34.28,0.002,61.89,Television,Capacitive
249.6,0.25,0.56,34.37,0.002,61.77,Television,Capacitive
249.8,0.25,0.57,35.41,0.002,61.58,Television,Capacitive
249.9,0.25,0.56,35.07,0.002,62.08,Television,Capacitive
249.8,0.25,0.57,35.61,0.002,62.98,Television,Capacitive
249.6,0.25,0.57,36.39,0.002,63.65,Television,Capacitive
249.6,0.25,0.57,36.32,0.002,63.4,Television,Capacitive
250.3,0.25,0.55,33.96,0.002,61.8,Television,Capacitive
251.2,0.25,0.57,35.78,0.002,62.73,Television,Capacitive
250.2,0.25,0.56,34.93,0.002,62.52,Television,Capacitive
250.5,0.25,0.55,34.8,0.002,62.9,Television,Capacitive
250.2,0.25,0.56,34.7,0.002,62.46,Television,Capacitive
250.7,0.25,0.56,35.41,0.002,62.8,Television,Capacitive
250.3,0.25,0.56,34.98,0.002,62.14,Television,Capacitive
250.4,0.25,0.56,35.67,0.002,63.22,Television,Capacitive
248.3,0.26,0.56,35.65,0.002,63.7,Television,Capacitive
250.1,0.26,0.57,36.47,0.002,63.99,Television,Capacitive
250.1,0.25,0.55,34.84,0.002,63.1,Television,Capacitive
250.6,0.25,0.55,34.97,0.002,63.29,Television,Capacitive
250.3,0.25,0.55,35.26,0.002,63.6,Television,Capacitive
249.9,0.25,0.56,35.17,0.002,63,Television,Capacitive
250.1,0.25,0.56,34.96,0.002,62.81,Television,Capacitive
250.6,0.25,0.57,35.8,0.002,62.95,Television,Capacitive
250.3,0.25,0.56,35.38,0.002,62.82,Television,Capacitive
249.5,0.25,0.56,35.35,0.002,62.76,Television,Capacitive
230,3.5,0.66,531.3,0,805,Induction Motor,Inductive
231,3.5,0.66,533.61,0.001,808.5,Induction Motor,Inductive
230,3.5,0.66,531.3,0.001,805,Induction Motor,Inductive
232,3.6,0.66,551.232,0.002,835.2,Induction Motor,Inductive
231,3.5,0.66,533.61,0.002,808.5,Induction Motor,Inductive
231,3.6,0.66,548.856,0.002,831.6,Induction Motor,Inductive
231,3.6,0.66,548.856,0.003,831.6,Induction Motor,Inductive
230,3.5,0.66,531.3,0.003,805,Induction Motor,Inductive
231,3.5,0.65,525.525,0.003,808.5,Induction Motor,Inductive
231,3.5,0.66,533.61,0.004,808.5,Induction Motor,Inductive
231,3.6,0.66,548.856,0.004,831.6,Induction Motor,Inductive
230,3.6,0.65,538.2,0.004,828,Induction Motor,Inductive
231,3.5,0.66,533.61,0.005,808.5,Induction Motor,Inductive
232,3.5,0.66,535.92,0.005,812,Induction Motor,Inductive
230,3.6,0.66,546.48,0.006,828,Induction Motor,Inductive
232,3.5,0.65,527.8,0.006,812,Induction Motor,Inductive
231,3.5,0.65,525.525,0.006,808.5,Induction Motor,Inductive
232,3.5,0.66,535.92,0.006,812,Induction Motor,Inductive
231,3.5,0.66,533.61,0.007,808.5,Induction Motor,Inductive
232,3.6,0.66,551.232,0.007,835.2,Induction Motor,Inductive
230,3.5,0.65,523.25,0.007,805,Induction Motor,Inductive
231,3.5,0.66,533.61,0.007,808.5,Induction Motor,Inductive
231,3.6,0.66,548.856,0.008,831.6,Induction Motor,Inductive
231,3.6,0.65,540.54,0.008,831.6,Induction Motor,Inductive
232,3.6,0.66,551.232,0.008,835.2,Induction Motor,Inductive
231,3.6,0.66,548.856,0.008,831.6,Induction Motor,Inductive
232,3.6,0.66,551.232,0.009,835.2,Induction Motor,Inductive
232,3.6,0.65,542.88,0.009,835.2,Induction Motor,Inductive
230,3.6,0.66,546.48,0.009,828,Induction Motor,Inductive
231,3.5,0.65,525.525,0.009,808.5,Induction Motor,Inductive
231,3.6,0.65,540.54,0.01,831.6,Induction Motor,Inductive
230,3.6,0.66,546.48,0.01,828,Induction Motor,Inductive
232,3.5,0.66,535.92,0.01,812,Induction Motor,Inductive
232,3.6,0.66,551.232,0.02,835.2,Induction Motor,Inductive
230,3.5,0.66,531.3,0.02,805,Induction Motor,Inductive
232,3.6,0.66,551.232,0.02,835.2,Induction Motor,Inductive
230,3.5,0.65,523.25,0.03,805,Induction Motor,Inductive
231,3.5,0.65,525.525,0.03,808.5,Induction Motor,Inductive
230,3.6,0.65,538.2,0.03,828,Induction Motor,Inductive
231,3.6,0.65,540.54,0.04,831.6,Induction Motor,Inductive
232,3.5,0.65,527.8,0.04,812,Induction Motor,Inductive
230,3.5,0.66,531.3,0.04,805,Induction Motor,Inductive
231,3.5,0.66,533.61,0.05,808.5,Induction Motor,Inductive
230,3.6,0.65,538.2,0.05,828,Induction Motor,Inductive
230,3.6,0.65,538.2,0.05,828,Induction Motor,Inductive
230,3.5,0.66,531.3,0.06,805,Induction Motor,Inductive
231,3.5,0.65,525.525,0.06,808.5,Induction Motor,Inductive
231,3.6,0.65,540.54,0.06,831.6,Induction Motor,Inductive
232,3.5,0.66,535.92,0.07,812,Induction Motor,Inductive
230,3.5,0.66,531.3,0.07,805,Induction Motor,Inductive
231,3.5,0.66,533.61,0.07,808.5,Induction Motor,Inductive
230,3.6,0.65,538.2,0.08,828,Induction Motor,Inductive
232,3.5,0.65,527.8,0.08,812,Induction Motor,Inductive
231,3.5,0.65,525.525,0.08,808.5,Induction Motor,Inductive
231,3.5,0.65,525.525,0.09,808.5,Induction Motor,Inductive
230,3.6,0.65,538.2,0.09,828,Induction Motor,Inductive
231,3.5,0.65,525.525,0.09,808.5,Induction Motor,Inductive
230,3.6,0.66,546.48,0.1,828,Induction Motor,Inductive
231,3.6,0.65,540.54,0.1,831.6,Induction Motor,Inductive
230,3.6,0.66,546.48,0.1,828,Induction Motor,Inductive
231,3.6,0.66,548.856,0.2,831.6,Induction Motor,Inductive
231,3.5,0.65,525.525,0.2,808.5,Induction Motor,Inductive
231,3.6,0.66,548.856,0.2,831.6,Induction Motor,Inductive
232,3.5,0.66,535.92,0.3,812,Induction Motor,Inductive
230,3.5,0.65,523.25,0.3,805,Induction Motor,Inductive
231,3.5,0.65,525.525,0.4,808.5,Induction Motor,Inductive
230,3.6,0.66,546.48,0.4,828,Induction Motor,Inductive
232,3.6,0.66,551.232,0.4,835.2,Induction Motor,Inductive
230,3.6,0.66,546.48,0.5,828,Induction Motor,Inductive
232,3.5,0.66,535.92,0.5,812,Induction Motor,Inductive
230,3.6,0.66,546.48,0.5,828,Induction Motor,Inductive
230,3.6,0.65,538.2,0.6,828,Induction Motor,Inductive
232,3.5,0.66,535.92,0.6,812,Induction Motor,Inductive
231,3.5,0.66,533.61,0.6,808.5,Induction Motor,Inductive
230,3.6,0.65,538.2,0.7,828,Induction Motor,Inductive
232,3.5,0.65,527.8,0.7,812,Induction Motor,Inductive
232,3.6,0.66,551.232,0.7,835.2,Induction Motor,Inductive
230,3.6,0.66,546.48,0.8,828,Induction Motor,Inductive
232,3.6,0.66,551.232,0.8,835.2,Induction Motor,Inductive
230,3.6,0.65,538.2,0.8,828,Induction Motor,Inductive
232,3.5,0.66,535.92,0.9,812,Induction Motor,Inductive
230,3.5,0.65,523.25,0.9,805,Induction Motor,Inductive
230,3.6,0.66,546.48,0.9,828,Induction Motor,Inductive
230,3.6,0.66,546.48,1,828,Induction Motor,Inductive
230,3.5,0.66,531.3,1,805,Induction Motor,Inductive
231,3.6,0.65,540.54,1,831.6,Induction Motor,Inductive
231,3.6,0.65,540.54,1.01,831.6,Induction Motor,Inductive
231,3.6,0.66,548.856,1.01,831.6,Induction Motor,Inductive
230,3.6,0.65,538.2,1.01,828,Induction Motor,Inductive
232,3.5,0.66,535.92,1.02,812,Induction Motor,Inductive
230,3.5,0.65,523.25,1.02,805,Induction Motor,Inductive
230,3.5,0.65,523.25,1.02,805,Induction Motor,Inductive
231,3.6,0.65,540.54,1.03,831.6,Induction Motor,Inductive
232,3.5,0.66,535.92,1.03,812,Induction Motor,Inductive
232,3.6,0.66,551.232,1.03,835.2,Induction Motor,Inductive
231,3.6,0.66,548.856,1.04,831.6,Induction Motor,Inductive
232,3.6,0.66,551.232,1.04,835.2,Induction Motor,Inductive
232,3.6,0.65,542.88,1.04,835.2,Induction Motor,Inductive
232,3.5,0.65,527.8,1.05,812,Induction Motor,Inductive
232,3.5,0.65,527.8,1.05,812,Induction Motor,Inductive
232,3.6,0.65,542.88,1.05,835.2,Induction Motor,Inductive
232,3.6,0.66,551.232,1.06,835.2,Induction Motor,Inductive
232,3.5,0.65,527.8,1.06,812,Induction Motor,Inductive
230,3.6,0.66,546.48,1.06,828,Induction Motor,Inductive
232,3.5,0.66,535.92,1.07,812,Induction Motor,Inductive
230,3.6,0.66,546.48,1.07,828,Induction Motor,Inductive
231,3.5,0.66,533.61,1.07,808.5,Induction Motor,Inductive
232,3.6,0.65,542.88,1.08,835.2,Induction Motor,Inductive
230,3.6,0.66,546.48,1.08,828,Induction Motor,Inductive
231,3.5,0.65,525.525,1.08,808.5,Induction Motor,Inductive
231,3.5,0.66,533.61,1.09,808.5,Induction Motor,Inductive
230,3.5,0.65,523.25,1.09,805,Induction Motor,Inductive
230,3.5,0.66,531.3,1.09,805,Induction Motor,Inductive
232,3.5,0.65,527.8,1.1,812,Induction Motor,Inductive
231,3.6,0.66,548.856,1.1,831.6,Induction Motor,Inductive
232,3.6,0.65,542.88,1.1,835.2,Induction Motor,Inductive
230,3.5,0.66,531.3,1.2,805,Induction Motor,Inductive
230,3.6,0.66,546.48,1.2,828,Induction Motor,Inductive
232,3.5,0.66,535.92,1.2,812,Induction Motor,Inductive
231,3.6,0.66,548.856,1.2,831.6,Induction Motor,Inductive
230,3.6,0.66,546.48,1.2,828,Induction Motor,Inductive
230,3.6,0.66,546.48,1.2,828,Induction Motor,Inductive
230,3.6,0.65,538.2,1.2,828,Induction Motor,Inductive
231,3.5,0.65,525.525,1.3,808.5,Induction Motor,Inductive
232,3.5,0.66,535.92,1.3,812,Induction Motor,Inductive
231,3.6,0.65,540.54,1.3,831.6,Induction Motor,Inductive
230,3.6,0.65,538.2,1.3,828,Induction Motor,Inductive
231,3.5,0.65,525.525,1.3,808.5,Induction Motor,Inductive
230,3.5,0.66,531.3,1.3,805,Induction Motor,Inductive
232,3.5,0.65,527.8,1.3,812,Induction Motor,Inductive
232,3.6,0.65,542.88,1.3,835.2,Induction Motor,Inductive
231,3.6,0.65,540.54,1.4,831.6,Induction Motor,Inductive
232,3.6,0.65,542.88,1.4,835.2,Induction Motor,Inductive
231,3.6,0.65,540.54,1.4,831.6,Induction Motor,Inductive
230,3.6,0.65,538.2,1.4,828,Induction Motor,Inductive
231,3.6,0.65,540.54,1.4,831.6,Induction Motor,Inductive
230,3.6,0.65,538.2,1.4,828,Induction Motor,Inductive
231,3.5,0.65,525.525,1.4,808.5,Induction Motor,Inductive
230,3.5,0.65,523.25,1.4,805,Induction Motor,Inductive
230,3.5,0.65,523.25,1.4,805,Induction Motor,Inductive
232,3.6,0.65,542.88,1.5,835.2,Induction Motor,Inductive
232,3.6,0.66,551.232,1.5,835.2,Induction Motor,Inductive
232,3.5,0.65,527.8,1.5,812,Induction Motor,Inductive
232,3.6,0.66,551.232,1.5,835.2,Induction Motor,Inductive
232,3.6,0.65,542.88,1.5,835.2,Induction Motor,Inductive
230,3.5,0.66,531.3,1.5,805,Induction Motor,Inductive
231,3.5,0.65,525.525,1.5,808.5,Induction Motor,Inductive
230,3.6,0.66,546.48,1.5,828,Induction Motor,Inductive
230,3.5,0.65,523.25,1.5,805,Induction Motor,Inductive
232,3.6,0.66,551.232,1.5,835.2,Induction Motor,Inductive
232,3.5,0.66,535.92,1.5,812,Induction Motor,Inductive
232,3.6,0.66,551.232,1.5,835.2,Induction Motor,Inductive
232,3.5,0.66,535.92,1.5,812,Induction Motor,Inductive
230,3.6,0.66,546.48,1.5,828,Induction Motor,Inductive
232,3.6,0.66,551.232,1.5,835.2,Induction Motor,Inductive
230,3.5,0.65,523.25,1.5,805,Induction Motor,Inductive
230,3.5,0.66,531.3,1.5,805,Induction Motor,Inductive
232,3.5,0.66,535.92,1.5,812,Induction Motor,Inductive
232,3.5,0.66,535.92,1.5,812,Induction Motor,Inductive
231,3.6,0.66,548.856,1.5,831.6,Induction Motor,Inductive
231,3.5,0.65,525.525,1.5,808.5,Induction Motor,Inductive
232,3.5,0.65,527.8,1.5,812,Induction Motor,Inductive
230,3.5,0.65,523.25,1.5,805,Induction Motor,Inductive
232,3.5,0.66,535.92,1.6,812,Induction Motor,Inductive
232,3.6,0.66,551.232,1.6,835.2,Induction Motor,Inductive
232,3.6,0.66,551.232,1.6,835.2,Induction Motor,Inductive
231,3.6,0.66,548.856,1.6,831.6,Induction Motor,Inductive
230,3.5,0.65,523.25,1.6,805,Induction Motor,Inductive
232,3.6,0.66,551.232,1.6,835.2,Induction Motor,Inductive
231,3.6,0.66,548.856,1.6,831.6,Induction Motor,Inductive
231,3.6,0.66,548.856,1.6,831.6,Induction Motor,Inductive
231,3.6,0.66,548.856,1.6,831.6,Induction Motor,Inductive
231,3.5,0.65,525.525,1.6,808.5,Induction Motor,Inductive
231,3.5,0.66,533.61,1.6,808.5,Induction Motor,Inductive
231,3.6,0.66,548.856,1.6,831.6,Induction Motor,Inductive
230,3.5,0.65,523.25,1.6,805,Induction Motor,Inductive
230,3.6,0.65,538.2,1.6,828,Induction Motor,Inductive
231,3.6,0.66,548.856,1.6,831.6,Induction Motor,Inductive
231,3.5,0.66,533.61,1.7,808.5,Induction Motor,Inductive
231,3.6,0.66,548.856,1.7,831.6,Induction Motor,Inductive
230,3.5,0.66,531.3,1.7,805,Induction Motor,Inductive
231,3.6,0.66,548.856,1.7,831.6,Induction Motor,Inductive
232,3.5,0.65,527.8,1.7,812,Induction Motor,Inductive
231,3.6,0.65,540.54,1.7,831.6,Induction Motor,Inductive
231,3.6,0.65,540.54,1.7,831.6,Induction Motor,Inductive
232,3.6,0.65,542.88,1.7,835.2,Induction Motor,Inductive
231,3.5,0.65,525.525,1.7,808.5,Induction Motor,Inductive
231,3.6,0.66,548.856,1.7,831.6,Induction Motor,Inductive
232,3.5,0.66,535.92,1.7,812,Induction Motor,Inductive
230,3.5,0.66,531.3,1.7,805,Induction Motor,Inductive
230,3.6,0.65,538.2,1.7,828,Induction Motor,Inductive
231,3.5,0.65,525.525,1.7,808.5,Induction Motor,Inductive
230,3.6,0.65,538.2,1.7,828,Induction Motor,Inductive
230,3.6,0.65,538.2,1.7,828,Induction Motor,Inductive
230,3.5,0.66,531.3,1.7,805,Induction Motor,Inductive
230,3.6,0.65,538.2,1.7,828,Induction Motor,Inductive
230,3.5,0.65,523.25,1.7,805,Induction Motor,Inductive
230,3.6,0.66,546.48,1.8,828,Induction Motor,Inductive
230,3.6,0.66,546.48,1.8,828,Induction Motor,Inductive
231,3.6,0.65,540.54,1.8,831.6,Induction Motor,Inductive
231,3.6,0.66,548.856,1.8,831.6,Induction Motor,Inductive
232,3.5,0.66,535.92,1.8,812,Induction Motor,Inductive
230,3.6,0.65,538.2,1.8,828,Induction Motor,Inductive
231,3.5,0.65,525.525,1.8,808.5,Induction Motor,Inductive
232,3.5,0.65,527.8,1.8,812,Induction Motor,Inductive
231,3.6,0.65,540.54,1.8,831.6,Induction Motor,Inductive
232,3.5,0.66,535.92,1.8,812,Induction Motor,Inductive
230,3.6,0.66,546.48,1.8,828,Induction Motor,Inductive
232,3.5,0.66,535.92,1.8,812,Induction Motor,Inductive
232,3.5,0.66,535.92,1.8,812,Induction Motor,Inductive
231,3.6,0.66,548.856,1.8,831.6,Induction Motor,Inductive
230,3.6,0.66,546.48,1.8,828,Induction Motor,Inductive
232,3.6,0.66,551.232,1.8,835.2,Induction Motor,Inductive
231,3.5,0.66,533.61,1.8,808.5,Induction Motor,Inductive
232,3.6,0.66,551.232,1.8,835.2,Induction Motor,Inductive
231,3.6,0.66,548.856,1.8,831.6,Induction Motor,Inductive
232,3.6,0.66,551.232,1.9,835.2,Induction Motor,Inductive
231,3.5,0.65,525.525,1.9,808.5,Induction Motor,Inductive
231,3.5,0.65,525.525,1.9,808.5,Induction Motor,Inductive
231,3.5,0.66,533.61,1.9,808.5,Induction Motor,Inductive
231,3.5,0.66,533.61,1.9,808.5,Induction Motor,Inductive
231,3.6,0.65,540.54,1.9,831.6,Induction Motor,Inductive
231,3.6,0.65,540.54,1.9,831.6,Induction Motor,Inductive
232,3.5,0.66,535.92,1.9,812,Induction Motor,Inductive
230,3.5,0.66,531.3,1.9,805,Induction Motor,Inductive
232,3.6,0.65,542.88,1.9,835.2,Induction Motor,Inductive
231,3.6,0.66,548.856,1.9,831.6,Induction Motor,Inductive
232,3.6,0.65,542.88,1.9,835.2,Induction Motor,Inductive
230,3.6,0.66,546.48,1.9,828,Induction Motor,Inductive
230,3.6,0.66,546.48,1.9,828,Induction Motor,Inductive
232,3.5,0.66,535.92,1.9,812,Induction Motor,Inductive
232,3.5,0.65,527.8,1.9,812,Induction Motor,Inductive
231,3.6,0.66,548.856,1.9,831.6,Induction Motor,Inductive
232,3.6,0.65,542.88,1.9,835.2,Induction Motor,Inductive
232,3.6,0.66,551.232,2,835.2,Induction Motor,Inductive
230,3.5,0.66,531.3,2,805,Induction Motor,Inductive
232,3.5,0.66,535.92,2,812,Induction Motor,Inductive
232,3.6,0.66,551.232,2,835.2,Induction Motor,Inductive
232,3.6,0.65,542.88,2,835.2,Induction Motor,Inductive
232,3.6,0.66,551.232,2,835.2,Induction Motor,Inductive
232,3.5,0.65,527.8,2,812,Induction Motor,Inductive
232,3.6,0.66,551.232,2,835.2,Induction Motor,Inductive
231,3.6,0.65,540.54,2,831.6,Induction Motor,Inductive
232,3.5,0.66,535.92,2,812,Induction Motor,Inductive
230,3.5,0.66,531.3,2,805,Induction Motor,Inductive
231,3.5,0.66,533.61,2,808.5,Induction Motor,Inductive
230,3.5,0.65,523.25,2,805,Induction Motor,Inductive
232,3.5,0.66,535.92,2,812,Induction Motor,Inductive
230,3.6,0.66,546.48,2,828,Induction Motor,Inductive
232,3.6,0.65,542.88,2,835.2,Induction Motor,Inductive
232,3.6,0.66,551.232,2,835.2,Induction Motor,Inductive
232,3.5,0.65,527.8,2,812,Induction Motor,Inductive
232,3.6,0.66,551.232,2,835.2,Induction Motor,Inductive
230,3.5,0.65,523.25,2,805,Induction Motor,Inductive
231,3.5,0.66,533.61,2,808.5,Induction Motor,Inductive
232,3.5,0.65,527.8,2,812,Induction Motor,Inductive
232,3.5,0.66,535.92,2,812,Induction Motor,Inductive
232,3.5,0.65,527.8,2,812,Induction Motor,Inductive
230,3.5,0.65,523.25,2,805,Induction Motor,Inductive
230,3.5,0.66,531.3,2,805,Induction Motor,Inductive
232,3.6,0.66,551.232,3,835.2,Induction Motor,Inductive
232,3.6,0.66,551.232,3,835.2,Induction Motor,Inductive
230,3.5,0.65,523.25,3,805,Induction Motor,Inductive
230,3.6,0.66,546.48,3,828,Induction Motor,Inductive
232,3.5,0.66,535.92,3,812,Induction Motor,Inductive
230,3.6,0.65,538.2,3,828,Induction Motor,Inductive
230,3.6,0.65,538.2,3,828,Induction Motor,Inductive
231,3.6,0.66,548.856,3,831.6,Induction Motor,Inductive
230,3.5,0.66,531.3,3,805,Induction Motor,Inductive
230,3.5,0.65,523.25,3,805,Induction Motor,Inductive
230,3.5,0.65,523.25,3,805,Induction Motor,Inductive
231,3.5,0.65,525.525,3,808.5,Induction Motor,Inductive
232,3.5,0.65,527.8,3,812,Induction Motor,Inductive
230,3.6,0.66,546.48,3,828,Induction Motor,Inductive
231,3.6,0.66,548.856,3,831.6,Induction Motor,Inductive
231,3.5,0.66,533.61,3,808.5,Induction Motor,Inductive
232,3.6,0.66,551.232,3,835.2,Induction Motor,Inductive
230,3.6,0.66,546.48,3,828,Induction Motor,Inductive
230,3.6,0.65,538.2,3,828,Induction Motor,Inductive
230,3.6,0.65,538.2,3,828,Induction Motor,Inductive
231,3.5,0.66,533.61,3,808.5,Induction Motor,Inductive
230,3.5,0.65,523.25,3,805,Induction Motor,Inductive
231,3.5,0.66,533.61,3,808.5,Induction Motor,Inductive
232,3.5,0.65,527.8,3,812,Induction Motor,Inductive
230,3.6,0.65,538.2,3,828,Induction Motor,Inductive
231,3.6,0.66,548.856,3,831.6,Induction Motor,Inductive
230,3.6,0.65,538.2,3,828,Induction Motor,Inductive
230,3.5,0.65,523.25,3,805,Induction Motor,Inductive
231,3.6,0.65,540.54,3,831.6,Induction Motor,Inductive
230,3.6,0.65,538.2,3,828,Induction Motor,Inductive
232,3.5,0.66,535.92,3,812,Induction Motor,Inductive
231,3.5,0.66,533.61,3,808.5,Induction Motor,Inductive
230,3.6,0.66,546.48,3,828,Induction Motor,Inductive
231,3.6,0.66,548.856,3,831.6,Induction Motor,Inductive
231,3.5,0.66,533.61,3,808.5,Induction Motor,Inductive
230,3.6,0.65,538.2,3,828,Induction Motor,Inductive
230,3.6,0.65,538.2,3,828,Induction Motor,Inductive
232,3.6,0.66,551.232,3,835.2,Induction Motor,Inductive
232,3.5,0.65,527.8,3,812,Induction Motor,Inductive
231,3.5,0.66,533.61,3,808.5,Induction Motor,Inductive
230,3.6,0.65,538.2,3,828,Induction Motor,Inductive
231,3.5,0.66,533.61,3,808.5,Induction Motor,Inductive
232,3.5,0.66,535.92,3,812,Induction Motor,Inductive
232,3.6,0.66,551.232,3,835.2,Induction Motor,Inductive
232,3.5,0.65,527.8,4,812,Induction Motor,Inductive
230,3.5,0.66,531.3,4,805,Induction Motor,Inductive
230,3.6,0.65,538.2,4,828,Induction Motor,Inductive
231,3.5,0.66,533.61,4,808.5,Induction Motor,Inductive
230,3.5,0.65,523.25,4,805,Induction Motor,Inductive
231,3.5,0.65,525.525,4,808.5,Induction Motor,Inductive
231,3.5,0.66,533.61,4,808.5,Induction Motor,Inductive
231,3.6,0.66,548.856,4,831.6,Induction Motor,Inductive
230,3.6,0.65,538.2,4,828,Induction Motor,Inductive
231,3.6,0.65,540.54,4,831.6,Induction Motor,Inductive
230,3.6,0.66,546.48,4,828,Induction Motor,Inductive
232,3.6,0.65,542.88,4,835.2,Induction Motor,Inductive
232,3.6,0.66,551.232,4,835.2,Induction Motor,Inductive
232,3.5,0.65,527.8,4,812,Induction Motor,Inductive
230,3.5,0.66,531.3,4,805,Induction Motor,Inductive
231,3.5,0.66,533.61,4,808.5,Induction Motor,Inductive
230,3.5,0.66,531.3,4,805,Induction Motor,Inductive
231,3.6,0.66,548.856,4,831.6,Induction Motor,Inductive
231,3.6,0.65,540.54,4,831.6,Induction Motor,Inductive
232,3.6,0.66,551.232,4,835.2,Induction Motor,Inductive
232,3.6,0.65,542.88,4,835.2,Induction Motor,Inductive
231,3.6,0.66,548.856,4,831.6,Induction Motor,Inductive
232,3.5,0.65,527.8,4,812,Induction Motor,Inductive
232,3.6,0.66,551.232,4,835.2,Induction Motor,Inductive
231,3.5,0.65,525.525,4,808.5,Induction Motor,Inductive
231,3.5,0.66,533.61,4,808.5,Induction Motor,Inductive
231,3.6,0.66,548.856,4,831.6,Induction Motor,Inductive
231,3.6,0.66,548.856,4,831.6,Induction Motor,Inductive
230,3.5,0.65,523.25,4,805,Induction Motor,Inductive
230,3.5,0.65,523.25,5,805,Induction Motor,Inductive
230,3.5,0.65,523.25,5,805,Induction Motor,Inductive
232,3.6,0.66,551.232,5,835.2,Induction Motor,Inductive
232,3.5,0.66,535.92,5,812,Induction Motor,Inductive
231,3.6,0.65,540.54,5,831.6,Induction Motor,Inductive
231,3.5,0.65,525.525,5,808.5,Induction Motor,Inductive
